timestamp,cabinet_id,feed_id,pdu_id,reading_scope,reading_kw,source,reading_quality,source_row_id
2025-12-25T00:05:00Z,cab-d04,,pdu-main,total_cabinet,14.005,normalized-power,good,p1
2025-12-25T00:10:00Z,cab-d04,,pdu-main,total_cabinet,14.011,normalized-power,good,p2
2025-12-25T00:15:00Z,cab-d04,,pdu-main,total_cabinet,14.016,normalized-power,good,p3
2025-12-25T00:20:00Z,cab-d04,,pdu-main,total_cabinet,14.022,normalized-power,good,p4
2025-12-25T00:25:00Z,cab-d04,,pdu-main,total_cabinet,14.027,normalized-power,good,p5
2025-12-25T00:30:00Z,cab-d04,,pdu-main,total_cabinet,14.033,normalized-power,good,p6
2025-12-25T00:35:00Z,cab-d04,,pdu-main,total_cabinet,14.038,normalized-power,good,p7
2025-12-25T00:40:00Z,cab-d04,,pdu-main,total_cabinet,14.043,normalized-power,good,p8
2025-12-25T00:45:00Z,cab-d04,,pdu-main,total_cabinet,14.049,normalized-power,good,p9
2025-12-25T00:50:00Z,cab-d04,,pdu-main,total_cabinet,14.054,normalized-power,good,p10
2025-12-25T00:55:00Z,cab-d04,,pdu-main,total_cabinet,14.059,normalized-power,good,p11
2025-12-25T01:00:00Z,cab-d04,,pdu-main,total_cabinet,14.065,normalized-power,good,p12
2025-12-25T01:05:00Z,cab-d04,,pdu-main,total_cabinet,14.07,normalized-power,good,p13
2025-12-25T01:10:00Z,cab-d04,,pdu-main,total_cabinet,14.075,normalized-power,good,p14
2025-12-25T01:15:00Z,cab-d04,,pdu-main,total_cabinet,14.08,normalized-power,good,p15
2025-12-25T01:20:00Z,cab-d04,,pdu-main,total_cabinet,14.086,normalized-power,good,p16
2025-12-25T01:25:00Z,cab-d04,,pdu-main,total_cabinet,14.091,normalized-power,good,p17
2025-12-25T01:30:00Z,cab-d04,,pdu-main,total_cabinet,14.096,normalized-power,good,p18
2025-12-25T01:35:00Z,cab-d04,,pdu-main,total_cabinet,14.101,normalized-power,good,p19
2025-12-25T01:40:00Z,cab-d04,,pdu-main,total_cabinet,14.106,normalized-power,good,p20
2025-12-25T01:45:00Z,cab-d04,,pdu-main,total_cabinet,14.111,normalized-power,good,p21
2025-12-25T01:50:00Z,cab-d04,,pdu-main,total_cabinet,14.115,normalized-power,good,p22
2025-12-25T01:55:00Z,cab-d04,,pdu-main,total_cabinet,14.12,normalized-power,good,p23
2025-12-25T02:00:00Z,cab-d04,,pdu-main,total_cabinet,14.125,normalized-power,good,p24
2025-12-25T02:05:00Z,cab-d04,,pdu-main,total_cabinet,14.13,normalized-power,good,p25
2025-12-25T02:10:00Z,cab-d04,,pdu-main,total_cabinet,14.134,normalized-power,good,p26
2025-12-25T02:15:00Z,cab-d04,,pdu-main,total_cabinet,14.139,normalized-power,good,p27
2025-12-25T02:20:00Z,cab-d04,,pdu-main,total_cabinet,14.143,normalized-power,good,p28
2025-12-25T02:25:00Z,cab-d04,,pdu-main,total_cabinet,14.148,normalized-power,good,p29
2025-12-25T02:30:00Z,cab-d04,,pdu-main,total_cabinet,14.152,normalized-power,good,p30
2025-12-25T02:35:00Z,cab-d04,,pdu-main,total_cabinet,14.156,normalized-power,good,p31
2025-12-25T02:40:00Z,cab-d04,,pdu-main,total_cabinet,14.161,normalized-power,good,p32
2025-12-25T02:45:00Z,cab-d04,,pdu-main,total_cabinet,14.165,normalized-power,good,p33
2025-12-25T02:50:00Z,cab-d04,,pdu-main,total_cabinet,14.169,normalized-power,good,p34
2025-12-25T02:55:00Z,cab-d04,,pdu-main,total_cabinet,14.173,normalized-power,good,p35
2025-12-25T03:00:00Z,cab-d04,,pdu-main,total_cabinet,14.177,normalized-power,good,p36
2025-12-25T03:05:00Z,cab-d04,,pdu-main,total_cabinet,14.181,normalized-power,good,p37
2025-12-25T03:10:00Z,cab-d04,,pdu-main,total_cabinet,14.184,normalized-power,good,p38
2025-12-25T03:15:00Z,cab-d04,,pdu-main,total_cabinet,14.188,normalized-power,good,p39
2025-12-25T03:25:00Z,cab-d04,,pdu-main,total_cabinet,14.195,normalized-power,good,p40
2025-12-25T03:30:00Z,cab-d04,,pdu-main,total_cabinet,14.198,normalized-power,good,p41
2025-12-25T03:35:00Z,cab-d04,,pdu-main,total_cabinet,14.202,normalized-power,good,p42
2025-12-25T03:40:00Z,cab-d04,,pdu-main,total_cabinet,14.205,normalized-power,good,p43
2025-12-25T03:45:00Z,cab-d04,,pdu-main,total_cabinet,14.208,normalized-power,good,p44
2025-12-25T03:50:00Z,cab-d04,,pdu-main,total_cabinet,14.211,normalized-power,good,p45
2025-12-25T03:55:00Z,cab-d04,,pdu-main,total_cabinet,14.214,normalized-power,good,p46
2025-12-25T04:00:00Z,cab-d04,,pdu-main,total_cabinet,14.217,normalized-power,good,p47
2025-12-25T04:05:00Z,cab-d04,,pdu-main,total_cabinet,14.219,normalized-power,good,p48
2025-12-25T04:10:00Z,cab-d04,,pdu-main,total_cabinet,14.222,normalized-power,good,p49
2025-12-25T04:15:00Z,cab-d04,,pdu-main,total_cabinet,14.224,normalized-power,good,p50
2025-12-25T04:20:00Z,cab-d04,,pdu-main,total_cabinet,14.227,normalized-power,good,p51
2025-12-25T04:25:00Z,cab-d04,,pdu-main,total_cabinet,14.229,normalized-power,good,p52
2025-12-25T04:30:00Z,cab-d04,,pdu-main,total_cabinet,14.231,normalized-power,good,p53
2025-12-25T04:35:00Z,cab-d04,,pdu-main,total_cabinet,14.233,normalized-power,good,p54
2025-12-25T04:40:00Z,cab-d04,,pdu-main,total_cabinet,14.235,normalized-power,good,p55
2025-12-25T04:45:00Z,cab-d04,,pdu-main,total_cabinet,14.237,normalized-power,good,p56
2025-12-25T04:50:00Z,cab-d04,,pdu-main,total_cabinet,14.238,normalized-power,good,p57
2025-12-25T04:55:00Z,cab-d04,,pdu-main,total_cabinet,14.24,normalized-power,good,p58
2025-12-25T05:00:00Z,cab-d04,,pdu-main,total_cabinet,14.241,normalized-power,good,p59
2025-12-25T05:05:00Z,cab-d04,,pdu-main,total_cabinet,14.243,normalized-power,good,p60
2025-12-25T05:10:00Z,cab-d04,,pdu-main,total_cabinet,14.244,normalized-power,good,p61
2025-12-25T05:15:00Z,cab-d04,,pdu-main,total_cabinet,14.245,normalized-power,good,p62
2025-12-25T05:20:00Z,cab-d04,,pdu-main,total_cabinet,14.246,normalized-power,good,p63
2025-12-25T05:25:00Z,cab-d04,,pdu-main,total_cabinet,14.247,normalized-power,good,p64
2025-12-25T05:30:00Z,cab-d04,,pdu-main,total_cabinet,14.248,normalized-power,good,p65
2025-12-25T05:35:00Z,cab-d04,,pdu-main,total_cabinet,14.249,normalized-power,good,p66
2025-12-25T05:40:00Z,cab-d04,,pdu-main,total_cabinet,14.249,normalized-power,good,p67
2025-12-25T05:45:00Z,cab-d04,,pdu-main,total_cabinet,14.249,normalized-power,good,p68
2025-12-25T05:50:00Z,cab-d04,,pdu-main,total_cabinet,14.25,normalized-power,good,p69
2025-12-25T05:55:00Z,cab-d04,,pdu-main,total_cabinet,14.25,normalized-power,good,p70
2025-12-25T06:00:00Z,cab-d04,,pdu-main,total_cabinet,14.25,normalized-power,good,p71
2025-12-25T06:05:00Z,cab-d04,,pdu-main,total_cabinet,14.25,normalized-power,good,p72
2025-12-25T06:10:00Z,cab-d04,,pdu-main,total_cabinet,14.25,normalized-power,good,p73
2025-12-25T06:15:00Z,cab-d04,,pdu-main,total_cabinet,14.249,normalized-power,good,p74
2025-12-25T06:20:00Z,cab-d04,,pdu-main,total_cabinet,14.249,normalized-power,good,p75
2025-12-25T06:25:00Z,cab-d04,,pdu-main,total_cabinet,14.249,normalized-power,good,p76
2025-12-25T06:30:00Z,cab-d04,,pdu-main,total_cabinet,14.248,normalized-power,good,p77
2025-12-25T06:35:00Z,cab-d04,,pdu-main,total_cabinet,14.247,normalized-power,good,p78
2025-12-25T06:45:00Z,cab-d04,,pdu-main,total_cabinet,14.245,normalized-power,good,p79
2025-12-25T06:50:00Z,cab-d04,,pdu-main,total_cabinet,14.244,normalized-power,good,p80
2025-12-25T06:55:00Z,cab-d04,,pdu-main,total_cabinet,14.243,normalized-power,good,p81
2025-12-25T07:00:00Z,cab-d04,,pdu-main,total_cabinet,14.241,normalized-power,good,p82
2025-12-25T07:05:00Z,cab-d04,,pdu-main,total_cabinet,14.24,normalized-power,good,p83
2025-12-25T07:10:00Z,cab-d04,,pdu-main,total_cabinet,14.238,normalized-power,good,p84
2025-12-25T07:15:00Z,cab-d04,,pdu-main,total_cabinet,14.237,normalized-power,good,p85
2025-12-25T07:20:00Z,cab-d04,,pdu-main,total_cabinet,14.235,normalized-power,good,p86
2025-12-25T07:25:00Z,cab-d04,,pdu-main,total_cabinet,14.233,normalized-power,good,p87
2025-12-25T07:30:00Z,cab-d04,,pdu-main,total_cabinet,14.231,normalized-power,good,p88
2025-12-25T07:35:00Z,cab-d04,,pdu-main,total_cabinet,14.229,normalized-power,good,p89
2025-12-25T07:40:00Z,cab-d04,,pdu-main,total_cabinet,14.227,normalized-power,good,p90
2025-12-25T07:45:00Z,cab-d04,,pdu-main,total_cabinet,14.224,normalized-power,good,p91
2025-12-25T07:50:00Z,cab-d04,,pdu-main,total_cabinet,14.222,normalized-power,good,p92
2025-12-25T07:55:00Z,cab-d04,,pdu-main,total_cabinet,14.219,normalized-power,good,p93
2025-12-25T08:00:00Z,cab-d04,,pdu-main,total_cabinet,14.217,normalized-power,good,p94
2025-12-25T08:05:00Z,cab-d04,,pdu-main,total_cabinet,14.214,normalized-power,good,p95
2025-12-25T08:10:00Z,cab-d04,,pdu-main,total_cabinet,14.211,normalized-power,good,p96
2025-12-25T08:15:00Z,cab-d04,,pdu-main,total_cabinet,14.208,normalized-power,good,p97
2025-12-25T08:20:00Z,cab-d04,,pdu-main,total_cabinet,14.205,normalized-power,good,p98
2025-12-25T08:25:00Z,cab-d04,,pdu-main,total_cabinet,14.202,normalized-power,good,p99
2025-12-25T08:30:00Z,cab-d04,,pdu-main,total_cabinet,14.198,normalized-power,good,p100
2025-12-25T08:35:00Z,cab-d04,,pdu-main,total_cabinet,14.195,normalized-power,good,p101
2025-12-25T08:40:00Z,cab-d04,,pdu-main,total_cabinet,14.192,normalized-power,good,p102
2025-12-25T08:45:00Z,cab-d04,,pdu-main,total_cabinet,14.188,normalized-power,good,p103
2025-12-25T08:50:00Z,cab-d04,,pdu-main,total_cabinet,14.184,normalized-power,good,p104
2025-12-25T08:55:00Z,cab-d04,,pdu-main,total_cabinet,14.181,normalized-power,good,p105
2025-12-25T09:00:00Z,cab-d04,,pdu-main,total_cabinet,14.177,normalized-power,good,p106
2025-12-25T09:05:00Z,cab-d04,,pdu-main,total_cabinet,14.173,normalized-power,good,p107
2025-12-25T09:10:00Z,cab-d04,,pdu-main,total_cabinet,14.169,normalized-power,good,p108
2025-12-25T09:15:00Z,cab-d04,,pdu-main,total_cabinet,14.165,normalized-power,good,p109
2025-12-25T09:20:00Z,cab-d04,,pdu-main,total_cabinet,14.161,normalized-power,good,p110
2025-12-25T09:25:00Z,cab-d04,,pdu-main,total_cabinet,14.156,normalized-power,good,p111
2025-12-25T09:30:00Z,cab-d04,,pdu-main,total_cabinet,14.152,normalized-power,good,p112
2025-12-25T09:35:00Z,cab-d04,,pdu-main,total_cabinet,14.148,normalized-power,good,p113
2025-12-25T09:40:00Z,cab-d04,,pdu-main,total_cabinet,14.143,normalized-power,good,p114
2025-12-25T09:45:00Z,cab-d04,,pdu-main,total_cabinet,14.139,normalized-power,good,p115
2025-12-25T09:50:00Z,cab-d04,,pdu-main,total_cabinet,14.134,normalized-power,good,p116
2025-12-25T09:55:00Z,cab-d04,,pdu-main,total_cabinet,14.13,normalized-power,good,p117
2025-12-25T10:05:00Z,cab-d04,,pdu-main,total_cabinet,14.12,normalized-power,good,p118
2025-12-25T10:10:00Z,cab-d04,,pdu-main,total_cabinet,14.115,normalized-power,good,p119
2025-12-25T10:15:00Z,cab-d04,,pdu-main,total_cabinet,14.111,normalized-power,good,p120
2025-12-25T10:20:00Z,cab-d04,,pdu-main,total_cabinet,14.106,normalized-power,good,p121
2025-12-25T10:25:00Z,cab-d04,,pdu-main,total_cabinet,14.101,normalized-power,good,p122
2025-12-25T10:30:00Z,cab-d04,,pdu-main,total_cabinet,14.096,normalized-power,good,p123
2025-12-25T10:35:00Z,cab-d04,,pdu-main,total_cabinet,14.091,normalized-power,good,p124
2025-12-25T10:40:00Z,cab-d04,,pdu-main,total_cabinet,14.086,normalized-power,good,p125
2025-12-25T10:45:00Z,cab-d04,,pdu-main,total_cabinet,14.08,normalized-power,good,p126
2025-12-25T10:50:00Z,cab-d04,,pdu-main,total_cabinet,14.075,normalized-power,good,p127
2025-12-25T10:55:00Z,cab-d04,,pdu-main,total_cabinet,14.07,normalized-power,good,p128
2025-12-25T11:00:00Z,cab-d04,,pdu-main,total_cabinet,14.065,normalized-power,good,p129
2025-12-25T11:05:00Z,cab-d04,,pdu-main,total_cabinet,14.059,normalized-power,good,p130
2025-12-25T11:10:00Z,cab-d04,,pdu-main,total_cabinet,14.054,normalized-power,good,p131
2025-12-25T11:15:00Z,cab-d04,,pdu-main,total_cabinet,14.049,normalized-power,good,p132
2025-12-25T11:20:00Z,cab-d04,,pdu-main,total_cabinet,14.043,normalized-power,good,p133
2025-12-25T11:25:00Z,cab-d04,,pdu-main,total_cabinet,14.038,normalized-power,good,p134
2025-12-25T11:30:00Z,cab-d04,,pdu-main,total_cabinet,14.033,normalized-power,good,p135
2025-12-25T11:35:00Z,cab-d04,,pdu-main,total_cabinet,14.027,normalized-power,good,p136
2025-12-25T11:40:00Z,cab-d04,,pdu-main,total_cabinet,14.022,normalized-power,good,p137
2025-12-25T11:45:00Z,cab-d04,,pdu-main,total_cabinet,14.016,normalized-power,good,p138
2025-12-25T11:50:00Z,cab-d04,,pdu-main,total_cabinet,14.011,normalized-power,good,p139
2025-12-25T11:55:00Z,cab-d04,,pdu-main,total_cabinet,14.005,normalized-power,good,p140
2025-12-25T12:00:00Z,cab-d04,,pdu-main,total_cabinet,14.0,normalized-power,good,p141
2025-12-25T12:05:00Z,cab-d04,,pdu-main,total_cabinet,13.995,normalized-power,good,p142
2025-12-25T12:10:00Z,cab-d04,,pdu-main,total_cabinet,13.989,normalized-power,good,p143
2025-12-25T12:15:00Z,cab-d04,,pdu-main,total_cabinet,13.984,normalized-power,good,p144
2025-12-25T12:20:00Z,cab-d04,,pdu-main,total_cabinet,13.978,normalized-power,good,p145
2025-12-25T12:25:00Z,cab-d04,,pdu-main,total_cabinet,13.973,normalized-power,good,p146
2025-12-25T12:30:00Z,cab-d04,,pdu-main,total_cabinet,13.967,normalized-power,good,p147
2025-12-25T12:35:00Z,cab-d04,,pdu-main,total_cabinet,13.962,normalized-power,good,p148
2025-12-25T12:40:00Z,cab-d04,,pdu-main,total_cabinet,13.957,normalized-power,good,p149
2025-12-25T12:45:00Z,cab-d04,,pdu-main,total_cabinet,13.951,normalized-power,good,p150
2025-12-25T12:50:00Z,cab-d04,,pdu-main,total_cabinet,13.946,normalized-power,good,p151
2025-12-25T12:55:00Z,cab-d04,,pdu-main,total_cabinet,13.941,normalized-power,good,p152
2025-12-25T13:00:00Z,cab-d04,,pdu-main,total_cabinet,13.935,normalized-power,good,p153
2025-12-25T13:05:00Z,cab-d04,,pdu-main,total_cabinet,13.93,normalized-power,good,p154
2025-12-25T13:10:00Z,cab-d04,,pdu-main,total_cabinet,13.925,normalized-power,good,p155
2025-12-25T13:15:00Z,cab-d04,,pdu-main,total_cabinet,13.92,normalized-power,good,p156
2025-12-25T13:25:00Z,cab-d04,,pdu-main,total_cabinet,13.909,normalized-power,good,p157
2025-12-25T13:30:00Z,cab-d04,,pdu-main,total_cabinet,13.904,normalized-power,good,p158
2025-12-25T13:35:00Z,cab-d04,,pdu-main,total_cabinet,13.899,normalized-power,good,p159
2025-12-25T13:40:00Z,cab-d04,,pdu-main,total_cabinet,13.894,normalized-power,good,p160
2025-12-25T13:45:00Z,cab-d04,,pdu-main,total_cabinet,13.889,normalized-power,good,p161
2025-12-25T13:50:00Z,cab-d04,,pdu-main,total_cabinet,13.885,normalized-power,good,p162
2025-12-25T13:55:00Z,cab-d04,,pdu-main,total_cabinet,13.88,normalized-power,good,p163
2025-12-25T14:00:00Z,cab-d04,,pdu-main,total_cabinet,13.875,normalized-power,good,p164
2025-12-25T14:05:00Z,cab-d04,,pdu-main,total_cabinet,13.87,normalized-power,good,p165
2025-12-25T14:10:00Z,cab-d04,,pdu-main,total_cabinet,13.866,normalized-power,good,p166
2025-12-25T14:15:00Z,cab-d04,,pdu-main,total_cabinet,13.861,normalized-power,good,p167
2025-12-25T14:20:00Z,cab-d04,,pdu-main,total_cabinet,13.857,normalized-power,good,p168
2025-12-25T14:25:00Z,cab-d04,,pdu-main,total_cabinet,13.852,normalized-power,good,p169
2025-12-25T14:30:00Z,cab-d04,,pdu-main,total_cabinet,13.848,normalized-power,good,p170
2025-12-25T14:35:00Z,cab-d04,,pdu-main,total_cabinet,13.844,normalized-power,good,p171
2025-12-25T14:40:00Z,cab-d04,,pdu-main,total_cabinet,13.839,normalized-power,good,p172
2025-12-25T14:45:00Z,cab-d04,,pdu-main,total_cabinet,13.835,normalized-power,good,p173
2025-12-25T14:50:00Z,cab-d04,,pdu-main,total_cabinet,13.831,normalized-power,good,p174
2025-12-25T14:55:00Z,cab-d04,,pdu-main,total_cabinet,13.827,normalized-power,good,p175
2025-12-25T15:00:00Z,cab-d04,,pdu-main,total_cabinet,13.823,normalized-power,good,p176
2025-12-25T15:05:00Z,cab-d04,,pdu-main,total_cabinet,13.819,normalized-power,good,p177
2025-12-25T15:10:00Z,cab-d04,,pdu-main,total_cabinet,13.816,normalized-power,good,p178
2025-12-25T15:15:00Z,cab-d04,,pdu-main,total_cabinet,13.812,normalized-power,good,p179
2025-12-25T15:20:00Z,cab-d04,,pdu-main,total_cabinet,13.808,normalized-power,good,p180
2025-12-25T15:25:00Z,cab-d04,,pdu-main,total_cabinet,13.805,normalized-power,good,p181
2025-12-25T15:30:00Z,cab-d04,,pdu-main,total_cabinet,13.802,normalized-power,good,p182
2025-12-25T15:35:00Z,cab-d04,,pdu-main,total_cabinet,13.798,normalized-power,good,p183
2025-12-25T15:40:00Z,cab-d04,,pdu-main,total_cabinet,13.795,normalized-power,good,p184
2025-12-25T15:45:00Z,cab-d04,,pdu-main,total_cabinet,13.792,normalized-power,good,p185
2025-12-25T15:50:00Z,cab-d04,,pdu-main,total_cabinet,13.789,normalized-power,good,p186
2025-12-25T15:55:00Z,cab-d04,,pdu-main,total_cabinet,13.786,normalized-power,good,p187
2025-12-25T16:00:00Z,cab-d04,,pdu-main,total_cabinet,13.783,normalized-power,good,p188
2025-12-25T16:05:00Z,cab-d04,,pdu-main,total_cabinet,13.781,normalized-power,good,p189
2025-12-25T16:10:00Z,cab-d04,,pdu-main,total_cabinet,13.778,normalized-power,good,p190
2025-12-25T16:15:00Z,cab-d04,,pdu-main,total_cabinet,13.776,normalized-power,good,p191
2025-12-25T16:20:00Z,cab-d04,,pdu-main,total_cabinet,13.773,normalized-power,good,p192
2025-12-25T16:25:00Z,cab-d04,,pdu-main,total_cabinet,13.771,normalized-power,good,p193
2025-12-25T16:30:00Z,cab-d04,,pdu-main,total_cabinet,13.769,normalized-power,good,p194
2025-12-25T16:35:00Z,cab-d04,,pdu-main,total_cabinet,13.767,normalized-power,good,p195
2025-12-25T16:45:00Z,cab-d04,,pdu-main,total_cabinet,13.763,normalized-power,good,p196
2025-12-25T16:50:00Z,cab-d04,,pdu-main,total_cabinet,13.762,normalized-power,good,p197
2025-12-25T16:55:00Z,cab-d04,,pdu-main,total_cabinet,13.76,normalized-power,good,p198
2025-12-25T17:00:00Z,cab-d04,,pdu-main,total_cabinet,13.759,normalized-power,good,p199
2025-12-25T17:05:00Z,cab-d04,,pdu-main,total_cabinet,13.757,normalized-power,good,p200
2025-12-25T17:10:00Z,cab-d04,,pdu-main,total_cabinet,13.756,normalized-power,good,p201
2025-12-25T17:15:00Z,cab-d04,,pdu-main,total_cabinet,13.755,normalized-power,good,p202
2025-12-25T17:20:00Z,cab-d04,,pdu-main,total_cabinet,13.754,normalized-power,good,p203
2025-12-25T17:25:00Z,cab-d04,,pdu-main,total_cabinet,13.753,normalized-power,good,p204
2025-12-25T17:30:00Z,cab-d04,,pdu-main,total_cabinet,13.752,normalized-power,good,p205
2025-12-25T17:35:00Z,cab-d04,,pdu-main,total_cabinet,13.751,normalized-power,good,p206
2025-12-25T17:40:00Z,cab-d04,,pdu-main,total_cabinet,13.751,normalized-power,good,p207
2025-12-25T17:45:00Z,cab-d04,,pdu-main,total_cabinet,13.751,normalized-power,good,p208
2025-12-25T17:50:00Z,cab-d04,,pdu-main,total_cabinet,13.75,normalized-power,good,p209
2025-12-25T17:55:00Z,cab-d04,,pdu-main,total_cabinet,13.75,normalized-power,good,p210
2025-12-25T18:00:00Z,cab-d04,,pdu-main,total_cabinet,13.75,normalized-power,good,p211
2025-12-25T18:05:00Z,cab-d04,,pdu-main,total_cabinet,13.75,normalized-power,good,p212
2025-12-25T18:10:00Z,cab-d04,,pdu-main,total_cabinet,13.75,normalized-power,good,p213
2025-12-25T18:15:00Z,cab-d04,,pdu-main,total_cabinet,13.751,normalized-power,good,p214
2025-12-25T18:20:00Z,cab-d04,,pdu-main,total_cabinet,13.751,normalized-power,good,p215
2025-12-25T18:25:00Z,cab-d04,,pdu-main,total_cabinet,13.751,normalized-power,good,p216
2025-12-25T18:30:00Z,cab-d04,,pdu-main,total_cabinet,13.752,normalized-power,good,p217
2025-12-25T18:35:00Z,cab-d04,,pdu-main,total_cabinet,13.753,normalized-power,good,p218
2025-12-25T18:40:00Z,cab-d04,,pdu-main,total_cabinet,13.754,normalized-power,good,p219
2025-12-25T18:45:00Z,cab-d04,,pdu-main,total_cabinet,13.755,normalized-power,good,p220
2025-12-25T18:50:00Z,cab-d04,,pdu-main,total_cabinet,13.756,normalized-power,good,p221
2025-12-25T18:55:00Z,cab-d04,,pdu-main,total_cabinet,13.757,normalized-power,good,p222
2025-12-25T19:00:00Z,cab-d04,,pdu-main,total_cabinet,13.759,normalized-power,good,p223
2025-12-25T19:05:00Z,cab-d04,,pdu-main,total_cabinet,13.76,normalized-power,good,p224
2025-12-25T19:10:00Z,cab-d04,,pdu-main,total_cabinet,13.762,normalized-power,good,p225
2025-12-25T19:15:00Z,cab-d04,,pdu-main,total_cabinet,13.763,normalized-power,good,p226
2025-12-25T19:20:00Z,cab-d04,,pdu-main,total_cabinet,13.765,normalized-power,good,p227
2025-12-25T19:25:00Z,cab-d04,,pdu-main,total_cabinet,13.767,normalized-power,good,p228
2025-12-25T19:30:00Z,cab-d04,,pdu-main,total_cabinet,13.769,normalized-power,good,p229
2025-12-25T19:35:00Z,cab-d04,,pdu-main,total_cabinet,13.771,normalized-power,good,p230
2025-12-25T19:40:00Z,cab-d04,,pdu-main,total_cabinet,13.773,normalized-power,good,p231
2025-12-25T19:45:00Z,cab-d04,,pdu-main,total_cabinet,13.776,normalized-power,good,p232
2025-12-25T19:50:00Z,cab-d04,,pdu-main,total_cabinet,13.778,normalized-power,good,p233
2025-12-25T19:55:00Z,cab-d04,,pdu-main,total_cabinet,13.781,normalized-power,good,p234
2025-12-25T20:05:00Z,cab-d04,,pdu-main,total_cabinet,13.786,normalized-power,good,p235
2025-12-25T20:10:00Z,cab-d04,,pdu-main,total_cabinet,13.789,normalized-power,good,p236
2025-12-25T20:15:00Z,cab-d04,,pdu-main,total_cabinet,13.792,normalized-power,good,p237
2025-12-25T20:20:00Z,cab-d04,,pdu-main,total_cabinet,13.795,normalized-power,good,p238
2025-12-25T20:25:00Z,cab-d04,,pdu-main,total_cabinet,13.798,normalized-power,good,p239
2025-12-25T20:30:00Z,cab-d04,,pdu-main,total_cabinet,13.802,normalized-power,good,p240
2025-12-25T20:35:00Z,cab-d04,,pdu-main,total_cabinet,13.805,normalized-power,good,p241
2025-12-25T20:40:00Z,cab-d04,,pdu-main,total_cabinet,13.808,normalized-power,good,p242
2025-12-25T20:45:00Z,cab-d04,,pdu-main,total_cabinet,13.812,normalized-power,good,p243
2025-12-25T20:50:00Z,cab-d04,,pdu-main,total_cabinet,13.816,normalized-power,good,p244
2025-12-25T20:55:00Z,cab-d04,,pdu-main,total_cabinet,13.819,normalized-power,good,p245
2025-12-25T21:00:00Z,cab-d04,,pdu-main,total_cabinet,13.823,normalized-power,good,p246
2025-12-25T21:05:00Z,cab-d04,,pdu-main,total_cabinet,13.827,normalized-power,good,p247
2025-12-25T21:10:00Z,cab-d04,,pdu-main,total_cabinet,13.831,normalized-power,good,p248
2025-12-25T21:15:00Z,cab-d04,,pdu-main,total_cabinet,13.835,normalized-power,good,p249
2025-12-25T21:20:00Z,cab-d04,,pdu-main,total_cabinet,13.839,normalized-power,good,p250
2025-12-25T21:25:00Z,cab-d04,,pdu-main,total_cabinet,13.844,normalized-power,good,p251
2025-12-25T21:30:00Z,cab-d04,,pdu-main,total_cabinet,13.848,normalized-power,good,p252
2025-12-25T21:35:00Z,cab-d04,,pdu-main,total_cabinet,13.852,normalized-power,good,p253
2025-12-25T21:40:00Z,cab-d04,,pdu-main,total_cabinet,13.857,normalized-power,good,p254
2025-12-25T21:45:00Z,cab-d04,,pdu-main,total_cabinet,13.861,normalized-power,good,p255
2025-12-25T21:50:00Z,cab-d04,,pdu-main,total_cabinet,13.866,normalized-power,good,p256
2025-12-25T21:55:00Z,cab-d04,,pdu-main,total_cabinet,13.87,normalized-power,good,p257
2025-12-25T22:00:00Z,cab-d04,,pdu-main,total_cabinet,13.875,normalized-power,good,p258
2025-12-25T22:05:00Z,cab-d04,,pdu-main,total_cabinet,13.88,normalized-power,good,p259
2025-12-25T22:10:00Z,cab-d04,,pdu-main,total_cabinet,13.885,normalized-power,good,p260
2025-12-25T22:15:00Z,cab-d04,,pdu-main,total_cabinet,13.889,normalized-power,good,p261
2025-12-25T22:20:00Z,cab-d04,,pdu-main,total_cabinet,13.894,normalized-power,good,p262
2025-12-25T22:25:00Z,cab-d04,,pdu-main,total_cabinet,13.899,normalized-power,good,p263
2025-12-25T22:30:00Z,cab-d04,,pdu-main,total_cabinet,13.904,normalized-power,good,p264
2025-12-25T22:35:00Z,cab-d04,,pdu-main,total_cabinet,13.909,normalized-power,good,p265
2025-12-25T22:40:00Z,cab-d04,,pdu-main,total_cabinet,13.914,normalized-power,good,p266
2025-12-25T22:45:00Z,cab-d04,,pdu-main,total_cabinet,13.92,normalized-power,good,p267
2025-12-25T22:50:00Z,cab-d04,,pdu-main,total_cabinet,13.925,normalized-power,good,p268
2025-12-25T22:55:00Z,cab-d04,,pdu-main,total_cabinet,13.93,normalized-power,good,p269
2025-12-25T23:00:00Z,cab-d04,,pdu-main,total_cabinet,13.935,normalized-power,good,p270
2025-12-25T23:05:00Z,cab-d04,,pdu-main,total_cabinet,13.941,normalized-power,good,p271
2025-12-25T23:10:00Z,cab-d04,,pdu-main,total_cabinet,13.946,normalized-power,good,p272
2025-12-25T23:15:00Z,cab-d04,,pdu-main,total_cabinet,13.951,normalized-power,good,p273
2025-12-25T23:25:00Z,cab-d04,,pdu-main,total_cabinet,13.962,normalized-power,good,p274
2025-12-25T23:30:00Z,cab-d04,,pdu-main,total_cabinet,13.967,normalized-power,good,p275
2025-12-25T23:35:00Z,cab-d04,,pdu-main,total_cabinet,13.973,normalized-power,good,p276
2025-12-25T23:40:00Z,cab-d04,,pdu-main,total_cabinet,13.978,normalized-power,good,p277
2025-12-25T23:45:00Z,cab-d04,,pdu-main,total_cabinet,13.984,normalized-power,good,p278
2025-12-25T23:50:00Z,cab-d04,,pdu-main,total_cabinet,13.989,normalized-power,good,p279
2025-12-25T23:55:00Z,cab-d04,,pdu-main,total_cabinet,13.995,normalized-power,good,p280
2025-12-26T00:00:00Z,cab-d04,,pdu-main,total_cabinet,14.0,normalized-power,good,p281
2025-12-26T00:05:00Z,cab-d04,,pdu-main,total_cabinet,14.005,normalized-power,good,p282
2025-12-26T00:10:00Z,cab-d04,,pdu-main,total_cabinet,14.011,normalized-power,good,p283
2025-12-26T00:15:00Z,cab-d04,,pdu-main,total_cabinet,14.016,normalized-power,good,p284
2025-12-26T00:20:00Z,cab-d04,,pdu-main,total_cabinet,14.022,normalized-power,good,p285
2025-12-26T00:25:00Z,cab-d04,,pdu-main,total_cabinet,14.027,normalized-power,good,p286
2025-12-26T00:30:00Z,cab-d04,,pdu-main,total_cabinet,14.033,normalized-power,good,p287
2025-12-26T00:35:00Z,cab-d04,,pdu-main,total_cabinet,14.038,normalized-power,good,p288
2025-12-26T00:40:00Z,cab-d04,,pdu-main,total_cabinet,14.043,normalized-power,good,p289
2025-12-26T00:45:00Z,cab-d04,,pdu-main,total_cabinet,14.049,normalized-power,good,p290
2025-12-26T00:50:00Z,cab-d04,,pdu-main,total_cabinet,14.054,normalized-power,good,p291
2025-12-26T00:55:00Z,cab-d04,,pdu-main,total_cabinet,14.059,normalized-power,good,p292
2025-12-26T01:00:00Z,cab-d04,,pdu-main,total_cabinet,14.065,normalized-power,good,p293
2025-12-26T01:05:00Z,cab-d04,,pdu-main,total_cabinet,14.07,normalized-power,good,p294
2025-12-26T01:10:00Z,cab-d04,,pdu-main,total_cabinet,14.075,normalized-power,good,p295
2025-12-26T01:15:00Z,cab-d04,,pdu-main,total_cabinet,14.08,normalized-power,good,p296
2025-12-26T01:20:00Z,cab-d04,,pdu-main,total_cabinet,14.086,normalized-power,good,p297
2025-12-26T01:25:00Z,cab-d04,,pdu-main,total_cabinet,14.091,normalized-power,good,p298
2025-12-26T01:30:00Z,cab-d04,,pdu-main,total_cabinet,14.096,normalized-power,good,p299
2025-12-26T01:35:00Z,cab-d04,,pdu-main,total_cabinet,14.101,normalized-power,good,p300
2025-12-26T01:40:00Z,cab-d04,,pdu-main,total_cabinet,14.106,normalized-power,good,p301
2025-12-26T01:45:00Z,cab-d04,,pdu-main,total_cabinet,14.111,normalized-power,good,p302
2025-12-26T01:50:00Z,cab-d04,,pdu-main,total_cabinet,14.115,normalized-power,good,p303
2025-12-26T01:55:00Z,cab-d04,,pdu-main,total_cabinet,14.12,normalized-power,good,p304
2025-12-26T02:00:00Z,cab-d04,,pdu-main,total_cabinet,14.125,normalized-power,good,p305
2025-12-26T02:05:00Z,cab-d04,,pdu-main,total_cabinet,14.13,normalized-power,good,p306
2025-12-26T02:10:00Z,cab-d04,,pdu-main,total_cabinet,14.134,normalized-power,good,p307
2025-12-26T02:15:00Z,cab-d04,,pdu-main,total_cabinet,14.139,normalized-power,good,p308
2025-12-26T02:20:00Z,cab-d04,,pdu-main,total_cabinet,14.143,normalized-power,good,p309
2025-12-26T02:25:00Z,cab-d04,,pdu-main,total_cabinet,14.148,normalized-power,good,p310
2025-12-26T02:30:00Z,cab-d04,,pdu-main,total_cabinet,14.152,normalized-power,good,p311
2025-12-26T02:35:00Z,cab-d04,,pdu-main,total_cabinet,14.156,normalized-power,good,p312
2025-12-26T02:45:00Z,cab-d04,,pdu-main,total_cabinet,14.165,normalized-power,good,p313
2025-12-26T02:50:00Z,cab-d04,,pdu-main,total_cabinet,14.169,normalized-power,good,p314
2025-12-26T02:55:00Z,cab-d04,,pdu-main,total_cabinet,14.173,normalized-power,good,p315
2025-12-26T03:00:00Z,cab-d04,,pdu-main,total_cabinet,14.177,normalized-power,good,p316
2025-12-26T03:05:00Z,cab-d04,,pdu-main,total_cabinet,14.181,normalized-power,good,p317
2025-12-26T03:10:00Z,cab-d04,,pdu-main,total_cabinet,14.184,normalized-power,good,p318
2025-12-26T03:15:00Z,cab-d04,,pdu-main,total_cabinet,14.188,normalized-power,good,p319
2025-12-26T03:20:00Z,cab-d04,,pdu-main,total_cabinet,14.192,normalized-power,good,p320
2025-12-26T03:25:00Z,cab-d04,,pdu-main,total_cabinet,14.195,normalized-power,good,p321
2025-12-26T03:30:00Z,cab-d04,,pdu-main,total_cabinet,14.198,normalized-power,good,p322
2025-12-26T03:35:00Z,cab-d04,,pdu-main,total_cabinet,14.202,normalized-power,good,p323
2025-12-26T03:40:00Z,cab-d04,,pdu-main,total_cabinet,14.205,normalized-power,good,p324
2025-12-26T03:45:00Z,cab-d04,,pdu-main,total_cabinet,14.208,normalized-power,good,p325
2025-12-26T03:50:00Z,cab-d04,,pdu-main,total_cabinet,14.211,normalized-power,good,p326
2025-12-26T03:55:00Z,cab-d04,,pdu-main,total_cabinet,14.214,normalized-power,good,p327
2025-12-26T04:00:00Z,cab-d04,,pdu-main,total_cabinet,14.217,normalized-power,good,p328
2025-12-26T04:05:00Z,cab-d04,,pdu-main,total_cabinet,14.219,normalized-power,good,p329
2025-12-26T04:10:00Z,cab-d04,,pdu-main,total_cabinet,14.222,normalized-power,good,p330
2025-12-26T04:15:00Z,cab-d04,,pdu-main,total_cabinet,14.224,normalized-power,good,p331
2025-12-26T04:20:00Z,cab-d04,,pdu-main,total_cabinet,14.227,normalized-power,good,p332
2025-12-26T04:25:00Z,cab-d04,,pdu-main,total_cabinet,14.229,normalized-power,good,p333
2025-12-26T04:30:00Z,cab-d04,,pdu-main,total_cabinet,14.231,normalized-power,good,p334
2025-12-26T04:35:00Z,cab-d04,,pdu-main,total_cabinet,14.233,normalized-power,good,p335
2025-12-26T04:40:00Z,cab-d04,,pdu-main,total_cabinet,14.235,normalized-power,good,p336
2025-12-26T04:45:00Z,cab-d04,,pdu-main,total_cabinet,14.237,normalized-power,good,p337
2025-12-26T04:50:00Z,cab-d04,,pdu-main,total_cabinet,14.238,normalized-power,good,p338
2025-12-26T04:55:00Z,cab-d04,,pdu-main,total_cabinet,14.24,normalized-power,good,p339
2025-12-26T05:00:00Z,cab-d04,,pdu-main,total_cabinet,14.241,normalized-power,good,p340
2025-12-26T05:05:00Z,cab-d04,,pdu-main,total_cabinet,14.243,normalized-power,good,p341
2025-12-26T05:10:00Z,cab-d04,,pdu-main,total_cabinet,14.244,normalized-power,good,p342
2025-12-26T05:15:00Z,cab-d04,,pdu-main,total_cabinet,14.245,normalized-power,good,p343
2025-12-26T05:20:00Z,cab-d04,,pdu-main,total_cabinet,14.246,normalized-power,good,p344
2025-12-26T05:25:00Z,cab-d04,,pdu-main,total_cabinet,14.247,normalized-power,good,p345
2025-12-26T05:30:00Z,cab-d04,,pdu-main,total_cabinet,14.248,normalized-power,good,p346
2025-12-26T05:35:00Z,cab-d04,,pdu-main,total_cabinet,14.249,normalized-power,good,p347
2025-12-26T05:40:00Z,cab-d04,,pdu-main,total_cabinet,14.249,normalized-power,good,p348
2025-12-26T05:45:00Z,cab-d04,,pdu-main,total_cabinet,14.249,normalized-power,good,p349
2025-12-26T05:50:00Z,cab-d04,,pdu-main,total_cabinet,14.25,normalized-power,good,p350
2025-12-26T05:55:00Z,cab-d04,,pdu-main,total_cabinet,14.25,normalized-power,good,p351
2025-12-26T06:05:00Z,cab-d04,,pdu-main,total_cabinet,14.25,normalized-power,good,p352
2025-12-26T06:10:00Z,cab-d04,,pdu-main,total_cabinet,14.25,normalized-power,good,p353
2025-12-26T06:15:00Z,cab-d04,,pdu-main,total_cabinet,14.249,normalized-power,good,p354
2025-12-26T06:20:00Z,cab-d04,,pdu-main,total_cabinet,14.249,normalized-power,good,p355
2025-12-26T06:25:00Z,cab-d04,,pdu-main,total_cabinet,14.249,normalized-power,good,p356
2025-12-26T06:30:00Z,cab-d04,,pdu-main,total_cabinet,14.248,normalized-power,good,p357
2025-12-26T06:35:00Z,cab-d04,,pdu-main,total_cabinet,14.247,normalized-power,good,p358
2025-12-26T06:40:00Z,cab-d04,,pdu-main,total_cabinet,14.246,normalized-power,good,p359
2025-12-26T06:45:00Z,cab-d04,,pdu-main,total_cabinet,14.245,normalized-power,good,p360
2025-12-26T06:50:00Z,cab-d04,,pdu-main,total_cabinet,14.244,normalized-power,good,p361
2025-12-26T06:55:00Z,cab-d04,,pdu-main,total_cabinet,14.243,normalized-power,good,p362
2025-12-26T07:00:00Z,cab-d04,,pdu-main,total_cabinet,14.241,normalized-power,good,p363
2025-12-26T07:05:00Z,cab-d04,,pdu-main,total_cabinet,14.24,normalized-power,good,p364
2025-12-26T07:10:00Z,cab-d04,,pdu-main,total_cabinet,14.238,normalized-power,good,p365
2025-12-26T07:15:00Z,cab-d04,,pdu-main,total_cabinet,14.237,normalized-power,good,p366
2025-12-26T07:20:00Z,cab-d04,,pdu-main,total_cabinet,14.235,normalized-power,good,p367
2025-12-26T07:25:00Z,cab-d04,,pdu-main,total_cabinet,14.233,normalized-power,good,p368
2025-12-26T07:30:00Z,cab-d04,,pdu-main,total_cabinet,14.231,normalized-power,good,p369
2025-12-26T07:35:00Z,cab-d04,,pdu-main,total_cabinet,14.229,normalized-power,good,p370
2025-12-26T07:40:00Z,cab-d04,,pdu-main,total_cabinet,14.227,normalized-power,good,p371
2025-12-26T07:45:00Z,cab-d04,,pdu-main,total_cabinet,14.224,normalized-power,good,p372
2025-12-26T07:50:00Z,cab-d04,,pdu-main,total_cabinet,14.222,normalized-power,good,p373
2025-12-26T07:55:00Z,cab-d04,,pdu-main,total_cabinet,14.219,normalized-power,good,p374
2025-12-26T08:00:00Z,cab-d04,,pdu-main,total_cabinet,14.217,normalized-power,good,p375
2025-12-26T08:05:00Z,cab-d04,,pdu-main,total_cabinet,14.214,normalized-power,good,p376
2025-12-26T08:10:00Z,cab-d04,,pdu-main,total_cabinet,14.211,normalized-power,good,p377
2025-12-26T08:15:00Z,cab-d04,,pdu-main,total_cabinet,14.208,normalized-power,good,p378
2025-12-26T08:20:00Z,cab-d04,,pdu-main,total_cabinet,14.205,normalized-power,good,p379
2025-12-26T08:25:00Z,cab-d04,,pdu-main,total_cabinet,14.202,normalized-power,good,p380
2025-12-26T08:30:00Z,cab-d04,,pdu-main,total_cabinet,14.198,normalized-power,good,p381
2025-12-26T08:35:00Z,cab-d04,,pdu-main,total_cabinet,14.195,normalized-power,good,p382
2025-12-26T08:40:00Z,cab-d04,,pdu-main,total_cabinet,14.192,normalized-power,good,p383
2025-12-26T08:45:00Z,cab-d04,,pdu-main,total_cabinet,14.188,normalized-power,good,p384
2025-12-26T08:50:00Z,cab-d04,,pdu-main,total_cabinet,14.184,normalized-power,good,p385
2025-12-26T08:55:00Z,cab-d04,,pdu-main,total_cabinet,14.181,normalized-power,good,p386
2025-12-26T09:00:00Z,cab-d04,,pdu-main,total_cabinet,14.177,normalized-power,good,p387
2025-12-26T09:05:00Z,cab-d04,,pdu-main,total_cabinet,14.173,normalized-power,good,p388
2025-12-26T09:10:00Z,cab-d04,,pdu-main,total_cabinet,14.169,normalized-power,good,p389
2025-12-26T09:15:00Z,cab-d04,,pdu-main,total_cabinet,14.165,normalized-power,good,p390
2025-12-26T09:25:00Z,cab-d04,,pdu-main,total_cabinet,14.156,normalized-power,good,p391
2025-12-26T09:30:00Z,cab-d04,,pdu-main,total_cabinet,14.152,normalized-power,good,p392
2025-12-26T09:35:00Z,cab-d04,,pdu-main,total_cabinet,14.148,normalized-power,good,p393
2025-12-26T09:40:00Z,cab-d04,,pdu-main,total_cabinet,14.143,normalized-power,good,p394
2025-12-26T09:45:00Z,cab-d04,,pdu-main,total_cabinet,14.139,normalized-power,good,p395
2025-12-26T09:50:00Z,cab-d04,,pdu-main,total_cabinet,14.134,normalized-power,good,p396
2025-12-26T09:55:00Z,cab-d04,,pdu-main,total_cabinet,14.13,normalized-power,good,p397
2025-12-26T10:00:00Z,cab-d04,,pdu-main,total_cabinet,14.125,normalized-power,good,p398
2025-12-26T10:05:00Z,cab-d04,,pdu-main,total_cabinet,14.12,normalized-power,good,p399
2025-12-26T10:10:00Z,cab-d04,,pdu-main,total_cabinet,14.115,normalized-power,good,p400
2025-12-26T10:15:00Z,cab-d04,,pdu-main,total_cabinet,14.111,normalized-power,good,p401
2025-12-26T10:20:00Z,cab-d04,,pdu-main,total_cabinet,14.106,normalized-power,good,p402
2025-12-26T10:25:00Z,cab-d04,,pdu-main,total_cabinet,14.101,normalized-power,good,p403
2025-12-26T10:30:00Z,cab-d04,,pdu-main,total_cabinet,14.096,normalized-power,good,p404
2025-12-26T10:35:00Z,cab-d04,,pdu-main,total_cabinet,14.091,normalized-power,good,p405
2025-12-26T10:40:00Z,cab-d04,,pdu-main,total_cabinet,14.086,normalized-power,good,p406
2025-12-26T10:45:00Z,cab-d04,,pdu-main,total_cabinet,14.08,normalized-power,good,p407
2025-12-26T10:50:00Z,cab-d04,,pdu-main,total_cabinet,14.075,normalized-power,good,p408
2025-12-26T10:55:00Z,cab-d04,,pdu-main,total_cabinet,14.07,normalized-power,good,p409
2025-12-26T11:00:00Z,cab-d04,,pdu-main,total_cabinet,14.065,normalized-power,good,p410
2025-12-26T11:05:00Z,cab-d04,,pdu-main,total_cabinet,14.059,normalized-power,good,p411
2025-12-26T11:10:00Z,cab-d04,,pdu-main,total_cabinet,14.054,normalized-power,good,p412
2025-12-26T11:15:00Z,cab-d04,,pdu-main,total_cabinet,14.049,normalized-power,good,p413
2025-12-26T11:20:00Z,cab-d04,,pdu-main,total_cabinet,14.043,normalized-power,good,p414
2025-12-26T11:25:00Z,cab-d04,,pdu-main,total_cabinet,14.038,normalized-power,good,p415
2025-12-26T11:30:00Z,cab-d04,,pdu-main,total_cabinet,14.033,normalized-power,good,p416
2025-12-26T11:35:00Z,cab-d04,,pdu-main,total_cabinet,14.027,normalized-power,good,p417
2025-12-26T11:40:00Z,cab-d04,,pdu-main,total_cabinet,14.022,normalized-power,good,p418
2025-12-26T11:45:00Z,cab-d04,,pdu-main,total_cabinet,14.016,normalized-power,good,p419
2025-12-26T11:50:00Z,cab-d04,,pdu-main,total_cabinet,14.011,normalized-power,good,p420
2025-12-26T11:55:00Z,cab-d04,,pdu-main,total_cabinet,14.005,normalized-power,good,p421
2025-12-26T12:00:00Z,cab-d04,,pdu-main,total_cabinet,14.0,normalized-power,good,p422
2025-12-26T12:05:00Z,cab-d04,,pdu-main,total_cabinet,13.995,normalized-power,good,p423
2025-12-26T12:10:00Z,cab-d04,,pdu-main,total_cabinet,13.989,normalized-power,good,p424
2025-12-26T12:15:00Z,cab-d04,,pdu-main,total_cabinet,13.984,normalized-power,good,p425
2025-12-26T12:20:00Z,cab-d04,,pdu-main,total_cabinet,13.978,normalized-power,good,p426
2025-12-26T12:25:00Z,cab-d04,,pdu-main,total_cabinet,13.973,normalized-power,good,p427
2025-12-26T12:30:00Z,cab-d04,,pdu-main,total_cabinet,13.967,normalized-power,good,p428
2025-12-26T12:35:00Z,cab-d04,,pdu-main,total_cabinet,13.962,normalized-power,good,p429
2025-12-26T12:45:00Z,cab-d04,,pdu-main,total_cabinet,13.951,normalized-power,good,p430
2025-12-26T12:50:00Z,cab-d04,,pdu-main,total_cabinet,13.946,normalized-power,good,p431
2025-12-26T12:55:00Z,cab-d04,,pdu-main,total_cabinet,13.941,normalized-power,good,p432
2025-12-26T13:00:00Z,cab-d04,,pdu-main,total_cabinet,13.935,normalized-power,good,p433
2025-12-26T13:05:00Z,cab-d04,,pdu-main,total_cabinet,13.93,normalized-power,good,p434
2025-12-26T13:10:00Z,cab-d04,,pdu-main,total_cabinet,13.925,normalized-power,good,p435
2025-12-26T13:15:00Z,cab-d04,,pdu-main,total_cabinet,13.92,normalized-power,good,p436
2025-12-26T13:20:00Z,cab-d04,,pdu-main,total_cabinet,13.914,normalized-power,good,p437
2025-12-26T13:25:00Z,cab-d04,,pdu-main,total_cabinet,13.909,normalized-power,good,p438
2025-12-26T13:30:00Z,cab-d04,,pdu-main,total_cabinet,13.904,normalized-power,good,p439
2025-12-26T13:35:00Z,cab-d04,,pdu-main,total_cabinet,13.899,normalized-power,good,p440
2025-12-26T13:40:00Z,cab-d04,,pdu-main,total_cabinet,13.894,normalized-power,good,p441
2025-12-26T13:45:00Z,cab-d04,,pdu-main,total_cabinet,13.889,normalized-power,good,p442
2025-12-26T13:50:00Z,cab-d04,,pdu-main,total_cabinet,13.885,normalized-power,good,p443
2025-12-26T13:55:00Z,cab-d04,,pdu-main,total_cabinet,13.88,normalized-power,good,p444
2025-12-26T14:00:00Z,cab-d04,,pdu-main,total_cabinet,13.875,normalized-power,good,p445
2025-12-26T14:05:00Z,cab-d04,,pdu-main,total_cabinet,13.87,normalized-power,good,p446
2025-12-26T14:10:00Z,cab-d04,,pdu-main,total_cabinet,13.866,normalized-power,good,p447
2025-12-26T14:15:00Z,cab-d04,,pdu-main,total_cabinet,13.861,normalized-power,good,p448
2025-12-26T14:20:00Z,cab-d04,,pdu-main,total_cabinet,13.857,normalized-power,good,p449
2025-12-26T14:25:00Z,cab-d04,,pdu-main,total_cabinet,13.852,normalized-power,good,p450
2025-12-26T14:30:00Z,cab-d04,,pdu-main,total_cabinet,13.848,normalized-power,good,p451
2025-12-26T14:35:00Z,cab-d04,,pdu-main,total_cabinet,13.844,normalized-power,good,p452
2025-12-26T14:40:00Z,cab-d04,,pdu-main,total_cabinet,13.839,normalized-power,good,p453
2025-12-26T14:45:00Z,cab-d04,,pdu-main,total_cabinet,13.835,normalized-power,good,p454
2025-12-26T14:50:00Z,cab-d04,,pdu-main,total_cabinet,13.831,normalized-power,good,p455
2025-12-26T14:55:00Z,cab-d04,,pdu-main,total_cabinet,13.827,normalized-power,good,p456
2025-12-26T15:00:00Z,cab-d04,,pdu-main,total_cabinet,13.823,normalized-power,good,p457
2025-12-26T15:05:00Z,cab-d04,,pdu-main,total_cabinet,13.819,normalized-power,good,p458
2025-12-26T15:10:00Z,cab-d04,,pdu-main,total_cabinet,13.816,normalized-power,good,p459
2025-12-26T15:15:00Z,cab-d04,,pdu-main,total_cabinet,13.812,normalized-power,good,p460
2025-12-26T15:20:00Z,cab-d04,,pdu-main,total_cabinet,13.808,normalized-power,good,p461
2025-12-26T15:25:00Z,cab-d04,,pdu-main,total_cabinet,13.805,normalized-power,good,p462
2025-12-26T15:30:00Z,cab-d04,,pdu-main,total_cabinet,13.802,normalized-power,good,p463
2025-12-26T15:35:00Z,cab-d04,,pdu-main,total_cabinet,13.798,normalized-power,good,p464
2025-12-26T15:40:00Z,cab-d04,,pdu-main,total_cabinet,13.795,normalized-power,good,p465
2025-12-26T15:45:00Z,cab-d04,,pdu-main,total_cabinet,13.792,normalized-power,good,p466
2025-12-26T15:50:00Z,cab-d04,,pdu-main,total_cabinet,13.789,normalized-power,good,p467
2025-12-26T15:55:00Z,cab-d04,,pdu-main,total_cabinet,13.786,normalized-power,good,p468
2025-12-26T16:05:00Z,cab-d04,,pdu-main,total_cabinet,13.781,normalized-power,good,p469
2025-12-26T16:10:00Z,cab-d04,,pdu-main,total_cabinet,13.778,normalized-power,good,p470
2025-12-26T16:15:00Z,cab-d04,,pdu-main,total_cabinet,13.776,normalized-power,good,p471
2025-12-26T16:20:00Z,cab-d04,,pdu-main,total_cabinet,13.773,normalized-power,good,p472
2025-12-26T16:25:00Z,cab-d04,,pdu-main,total_cabinet,13.771,normalized-power,good,p473
2025-12-26T16:30:00Z,cab-d04,,pdu-main,total_cabinet,13.769,normalized-power,good,p474
2025-12-26T16:35:00Z,cab-d04,,pdu-main,total_cabinet,13.767,normalized-power,good,p475
2025-12-26T16:40:00Z,cab-d04,,pdu-main,total_cabinet,13.765,normalized-power,good,p476
2025-12-26T16:45:00Z,cab-d04,,pdu-main,total_cabinet,13.763,normalized-power,good,p477
2025-12-26T16:50:00Z,cab-d04,,pdu-main,total_cabinet,13.762,normalized-power,good,p478
2025-12-26T16:55:00Z,cab-d04,,pdu-main,total_cabinet,13.76,normalized-power,good,p479
2025-12-26T17:00:00Z,cab-d04,,pdu-main,total_cabinet,13.759,normalized-power,good,p480
2025-12-26T17:05:00Z,cab-d04,,pdu-main,total_cabinet,13.757,normalized-power,good,p481
2025-12-26T17:10:00Z,cab-d04,,pdu-main,total_cabinet,13.756,normalized-power,good,p482
2025-12-26T17:15:00Z,cab-d04,,pdu-main,total_cabinet,13.755,normalized-power,good,p483
2025-12-26T17:20:00Z,cab-d04,,pdu-main,total_cabinet,13.754,normalized-power,good,p484
2025-12-26T17:25:00Z,cab-d04,,pdu-main,total_cabinet,13.753,normalized-power,good,p485
2025-12-26T17:30:00Z,cab-d04,,pdu-main,total_cabinet,13.752,normalized-power,good,p486
2025-12-26T17:35:00Z,cab-d04,,pdu-main,total_cabinet,13.751,normalized-power,good,p487
2025-12-26T17:40:00Z,cab-d04,,pdu-main,total_cabinet,13.751,normalized-power,good,p488
2025-12-26T17:45:00Z,cab-d04,,pdu-main,total_cabinet,13.751,normalized-power,good,p489
2025-12-26T17:50:00Z,cab-d04,,pdu-main,total_cabinet,13.75,normalized-power,good,p490
2025-12-26T17:55:00Z,cab-d04,,pdu-main,total_cabinet,13.75,normalized-power,good,p491
2025-12-26T18:00:00Z,cab-d04,,pdu-main,total_cabinet,13.75,normalized-power,good,p492
2025-12-26T18:05:00Z,cab-d04,,pdu-main,total_cabinet,13.75,normalized-power,good,p493
2025-12-26T18:10:00Z,cab-d04,,pdu-main,total_cabinet,13.75,normalized-power,good,p494
2025-12-26T18:15:00Z,cab-d04,,pdu-main,total_cabinet,13.751,normalized-power,good,p495
2025-12-26T18:20:00Z,cab-d04,,pdu-main,total_cabinet,13.751,normalized-power,good,p496
2025-12-26T18:25:00Z,cab-d04,,pdu-main,total_cabinet,13.751,normalized-power,good,p497
2025-12-26T18:30:00Z,cab-d04,,pdu-main,total_cabinet,13.752,normalized-power,good,p498
2025-12-26T18:35:00Z,cab-d04,,pdu-main,total_cabinet,13.753,normalized-power,good,p499
2025-12-26T18:40:00Z,cab-d04,,pdu-main,total_cabinet,13.754,normalized-power,good,p500
2025-12-26T18:45:00Z,cab-d04,,pdu-main,total_cabinet,13.755,normalized-power,good,p501
2025-12-26T18:50:00Z,cab-d04,,pdu-main,total_cabinet,13.756,normalized-power,good,p502
2025-12-26T18:55:00Z,cab-d04,,pdu-main,total_cabinet,13.757,normalized-power,good,p503
2025-12-26T19:00:00Z,cab-d04,,pdu-main,total_cabinet,13.759,normalized-power,good,p504
2025-12-26T19:05:00Z,cab-d04,,pdu-main,total_cabinet,13.76,normalized-power,good,p505
2025-12-26T19:10:00Z,cab-d04,,pdu-main,total_cabinet,13.762,normalized-power,good,p506
2025-12-26T19:15:00Z,cab-d04,,pdu-main,total_cabinet,13.763,normalized-power,good,p507
2025-12-26T19:25:00Z,cab-d04,,pdu-main,total_cabinet,13.767,normalized-power,good,p508
2025-12-26T19:30:00Z,cab-d04,,pdu-main,total_cabinet,13.769,normalized-power,good,p509
2025-12-26T19:35:00Z,cab-d04,,pdu-main,total_cabinet,13.771,normalized-power,good,p510
2025-12-26T19:40:00Z,cab-d04,,pdu-main,total_cabinet,13.773,normalized-power,good,p511
2025-12-26T19:45:00Z,cab-d04,,pdu-main,total_cabinet,13.776,normalized-power,good,p512
2025-12-26T19:50:00Z,cab-d04,,pdu-main,total_cabinet,13.778,normalized-power,good,p513
2025-12-26T19:55:00Z,cab-d04,,pdu-main,total_cabinet,13.781,normalized-power,good,p514
2025-12-26T20:00:00Z,cab-d04,,pdu-main,total_cabinet,13.783,normalized-power,good,p515
2025-12-26T20:05:00Z,cab-d04,,pdu-main,total_cabinet,13.786,normalized-power,good,p516
2025-12-26T20:10:00Z,cab-d04,,pdu-main,total_cabinet,13.789,normalized-power,good,p517
2025-12-26T20:15:00Z,cab-d04,,pdu-main,total_cabinet,13.792,normalized-power,good,p518
2025-12-26T20:20:00Z,cab-d04,,pdu-main,total_cabinet,13.795,normalized-power,good,p519
2025-12-26T20:25:00Z,cab-d04,,pdu-main,total_cabinet,13.798,normalized-power,good,p520
2025-12-26T20:30:00Z,cab-d04,,pdu-main,total_cabinet,13.802,normalized-power,good,p521
2025-12-26T20:35:00Z,cab-d04,,pdu-main,total_cabinet,13.805,normalized-power,good,p522
2025-12-26T20:40:00Z,cab-d04,,pdu-main,total_cabinet,13.808,normalized-power,good,p523
2025-12-26T20:45:00Z,cab-d04,,pdu-main,total_cabinet,13.812,normalized-power,good,p524
2025-12-26T20:50:00Z,cab-d04,,pdu-main,total_cabinet,13.816,normalized-power,good,p525
2025-12-26T20:55:00Z,cab-d04,,pdu-main,total_cabinet,13.819,normalized-power,good,p526
2025-12-26T21:00:00Z,cab-d04,,pdu-main,total_cabinet,13.823,normalized-power,good,p527
2025-12-26T21:05:00Z,cab-d04,,pdu-main,total_cabinet,13.827,normalized-power,good,p528
2025-12-26T21:10:00Z,cab-d04,,pdu-main,total_cabinet,13.831,normalized-power,good,p529
2025-12-26T21:15:00Z,cab-d04,,pdu-main,total_cabinet,13.835,normalized-power,good,p530
2025-12-26T21:20:00Z,cab-d04,,pdu-main,total_cabinet,13.839,normalized-power,good,p531
2025-12-26T21:25:00Z,cab-d04,,pdu-main,total_cabinet,13.844,normalized-power,good,p532
2025-12-26T21:30:00Z,cab-d04,,pdu-main,total_cabinet,13.848,normalized-power,good,p533
2025-12-26T21:35:00Z,cab-d04,,pdu-main,total_cabinet,13.852,normalized-power,good,p534
2025-12-26T21:40:00Z,cab-d04,,pdu-main,total_cabinet,13.857,normalized-power,good,p535
2025-12-26T21:45:00Z,cab-d04,,pdu-main,total_cabinet,13.861,normalized-power,good,p536
2025-12-26T21:50:00Z,cab-d04,,pdu-main,total_cabinet,13.866,normalized-power,good,p537
2025-12-26T21:55:00Z,cab-d04,,pdu-main,total_cabinet,13.87,normalized-power,good,p538
2025-12-26T22:00:00Z,cab-d04,,pdu-main,total_cabinet,13.875,normalized-power,good,p539
2025-12-26T22:05:00Z,cab-d04,,pdu-main,total_cabinet,13.88,normalized-power,good,p540
2025-12-26T22:10:00Z,cab-d04,,pdu-main,total_cabinet,13.885,normalized-power,good,p541
2025-12-26T22:15:00Z,cab-d04,,pdu-main,total_cabinet,13.889,normalized-power,good,p542
2025-12-26T22:20:00Z,cab-d04,,pdu-main,total_cabinet,13.894,normalized-power,good,p543
2025-12-26T22:25:00Z,cab-d04,,pdu-main,total_cabinet,13.899,normalized-power,good,p544
2025-12-26T22:30:00Z,cab-d04,,pdu-main,total_cabinet,13.904,normalized-power,good,p545
2025-12-26T22:35:00Z,cab-d04,,pdu-main,total_cabinet,13.909,normalized-power,good,p546
2025-12-26T22:45:00Z,cab-d04,,pdu-main,total_cabinet,13.92,normalized-power,good,p547
2025-12-26T22:50:00Z,cab-d04,,pdu-main,total_cabinet,13.925,normalized-power,good,p548
2025-12-26T22:55:00Z,cab-d04,,pdu-main,total_cabinet,13.93,normalized-power,good,p549
2025-12-26T23:00:00Z,cab-d04,,pdu-main,total_cabinet,13.935,normalized-power,good,p550
2025-12-26T23:05:00Z,cab-d04,,pdu-main,total_cabinet,13.941,normalized-power,good,p551
2025-12-26T23:10:00Z,cab-d04,,pdu-main,total_cabinet,13.946,normalized-power,good,p552
2025-12-26T23:15:00Z,cab-d04,,pdu-main,total_cabinet,13.951,normalized-power,good,p553
2025-12-26T23:20:00Z,cab-d04,,pdu-main,total_cabinet,13.957,normalized-power,good,p554
2025-12-26T23:25:00Z,cab-d04,,pdu-main,total_cabinet,13.962,normalized-power,good,p555
2025-12-26T23:30:00Z,cab-d04,,pdu-main,total_cabinet,13.967,normalized-power,good,p556
2025-12-26T23:35:00Z,cab-d04,,pdu-main,total_cabinet,13.973,normalized-power,good,p557
2025-12-26T23:40:00Z,cab-d04,,pdu-main,total_cabinet,13.978,normalized-power,good,p558
2025-12-26T23:45:00Z,cab-d04,,pdu-main,total_cabinet,13.984,normalized-power,good,p559
2025-12-26T23:50:00Z,cab-d04,,pdu-main,total_cabinet,13.989,normalized-power,good,p560
2025-12-26T23:55:00Z,cab-d04,,pdu-main,total_cabinet,13.995,normalized-power,good,p561
2025-12-27T00:00:00Z,cab-d04,,pdu-main,total_cabinet,14.0,normalized-power,good,p562
2025-12-27T00:05:00Z,cab-d04,,pdu-main,total_cabinet,14.005,normalized-power,good,p563
2025-12-27T00:10:00Z,cab-d04,,pdu-main,total_cabinet,14.011,normalized-power,good,p564
2025-12-27T00:15:00Z,cab-d04,,pdu-main,total_cabinet,14.016,normalized-power,good,p565
2025-12-27T00:20:00Z,cab-d04,,pdu-main,total_cabinet,14.022,normalized-power,good,p566
2025-12-27T00:25:00Z,cab-d04,,pdu-main,total_cabinet,14.027,normalized-power,good,p567
2025-12-27T00:30:00Z,cab-d04,,pdu-main,total_cabinet,14.033,normalized-power,good,p568
2025-12-27T00:35:00Z,cab-d04,,pdu-main,total_cabinet,14.038,normalized-power,good,p569
2025-12-27T00:40:00Z,cab-d04,,pdu-main,total_cabinet,14.043,normalized-power,good,p570
2025-12-27T00:45:00Z,cab-d04,,pdu-main,total_cabinet,14.049,normalized-power,good,p571
2025-12-27T00:50:00Z,cab-d04,,pdu-main,total_cabinet,14.054,normalized-power,good,p572
2025-12-27T00:55:00Z,cab-d04,,pdu-main,total_cabinet,14.059,normalized-power,good,p573
2025-12-27T01:00:00Z,cab-d04,,pdu-main,total_cabinet,14.065,normalized-power,good,p574
2025-12-27T01:05:00Z,cab-d04,,pdu-main,total_cabinet,14.07,normalized-power,good,p575
2025-12-27T01:10:00Z,cab-d04,,pdu-main,total_cabinet,14.075,normalized-power,good,p576
2025-12-27T01:15:00Z,cab-d04,,pdu-main,total_cabinet,14.08,normalized-power,good,p577
2025-12-27T01:20:00Z,cab-d04,,pdu-main,total_cabinet,14.086,normalized-power,good,p578
2025-12-27T01:25:00Z,cab-d04,,pdu-main,total_cabinet,14.091,normalized-power,good,p579
2025-12-27T01:30:00Z,cab-d04,,pdu-main,total_cabinet,14.096,normalized-power,good,p580
2025-12-27T01:35:00Z,cab-d04,,pdu-main,total_cabinet,14.101,normalized-power,good,p581
2025-12-27T01:40:00Z,cab-d04,,pdu-main,total_cabinet,14.106,normalized-power,good,p582
2025-12-27T01:45:00Z,cab-d04,,pdu-main,total_cabinet,14.111,normalized-power,good,p583
2025-12-27T01:50:00Z,cab-d04,,pdu-main,total_cabinet,14.115,normalized-power,good,p584
2025-12-27T01:55:00Z,cab-d04,,pdu-main,total_cabinet,14.12,normalized-power,good,p585
2025-12-27T02:05:00Z,cab-d04,,pdu-main,total_cabinet,14.13,normalized-power,good,p586
2025-12-27T02:10:00Z,cab-d04,,pdu-main,total_cabinet,14.134,normalized-power,good,p587
2025-12-27T02:15:00Z,cab-d04,,pdu-main,total_cabinet,14.139,normalized-power,good,p588
2025-12-27T02:20:00Z,cab-d04,,pdu-main,total_cabinet,14.143,normalized-power,good,p589
2025-12-27T02:25:00Z,cab-d04,,pdu-main,total_cabinet,14.148,normalized-power,good,p590
2025-12-27T02:30:00Z,cab-d04,,pdu-main,total_cabinet,14.152,normalized-power,good,p591
2025-12-27T02:35:00Z,cab-d04,,pdu-main,total_cabinet,14.156,normalized-power,good,p592
2025-12-27T02:40:00Z,cab-d04,,pdu-main,total_cabinet,14.161,normalized-power,good,p593
2025-12-27T02:45:00Z,cab-d04,,pdu-main,total_cabinet,14.165,normalized-power,good,p594
2025-12-27T02:50:00Z,cab-d04,,pdu-main,total_cabinet,14.169,normalized-power,good,p595
2025-12-27T02:55:00Z,cab-d04,,pdu-main,total_cabinet,14.173,normalized-power,good,p596
2025-12-27T03:00:00Z,cab-d04,,pdu-main,total_cabinet,14.177,normalized-power,good,p597
2025-12-27T03:05:00Z,cab-d04,,pdu-main,total_cabinet,14.181,normalized-power,good,p598
2025-12-27T03:10:00Z,cab-d04,,pdu-main,total_cabinet,14.184,normalized-power,good,p599
2025-12-27T03:15:00Z,cab-d04,,pdu-main,total_cabinet,14.188,normalized-power,good,p600
2025-12-27T03:20:00Z,cab-d04,,pdu-main,total_cabinet,14.192,normalized-power,good,p601
2025-12-27T03:25:00Z,cab-d04,,pdu-main,total_cabinet,14.195,normalized-power,good,p602
2025-12-27T03:30:00Z,cab-d04,,pdu-main,total_cabinet,14.198,normalized-power,good,p603
2025-12-27T03:35:00Z,cab-d04,,pdu-main,total_cabinet,14.202,normalized-power,good,p604
2025-12-27T03:40:00Z,cab-d04,,pdu-main,total_cabinet,14.205,normalized-power,good,p605
2025-12-27T03:45:00Z,cab-d04,,pdu-main,total_cabinet,14.208,normalized-power,good,p606
2025-12-27T03:50:00Z,cab-d04,,pdu-main,total_cabinet,14.211,normalized-power,good,p607
2025-12-27T03:55:00Z,cab-d04,,pdu-main,total_cabinet,14.214,normalized-power,good,p608
2025-12-27T04:00:00Z,cab-d04,,pdu-main,total_cabinet,14.217,normalized-power,good,p609
2025-12-27T04:05:00Z,cab-d04,,pdu-main,total_cabinet,14.219,normalized-power,good,p610
2025-12-27T04:10:00Z,cab-d04,,pdu-main,total_cabinet,14.222,normalized-power,good,p611
2025-12-27T04:15:00Z,cab-d04,,pdu-main,total_cabinet,14.224,normalized-power,good,p612
2025-12-27T04:20:00Z,cab-d04,,pdu-main,total_cabinet,14.227,normalized-power,good,p613
2025-12-27T04:25:00Z,cab-d04,,pdu-main,total_cabinet,14.229,normalized-power,good,p614
2025-12-27T04:30:00Z,cab-d04,,pdu-main,total_cabinet,14.231,normalized-power,good,p615
2025-12-27T04:35:00Z,cab-d04,,pdu-main,total_cabinet,14.233,normalized-power,good,p616
2025-12-27T04:40:00Z,cab-d04,,pdu-main,total_cabinet,14.235,normalized-power,good,p617
2025-12-27T04:45:00Z,cab-d04,,pdu-main,total_cabinet,14.237,normalized-power,good,p618
2025-12-27T04:50:00Z,cab-d04,,pdu-main,total_cabinet,14.238,normalized-power,good,p619
2025-12-27T04:55:00Z,cab-d04,,pdu-main,total_cabinet,14.24,normalized-power,good,p620
2025-12-27T05:00:00Z,cab-d04,,pdu-main,total_cabinet,14.241,normalized-power,good,p621
2025-12-27T05:05:00Z,cab-d04,,pdu-main,total_cabinet,14.243,normalized-power,good,p622
2025-12-27T05:10:00Z,cab-d04,,pdu-main,total_cabinet,14.244,normalized-power,good,p623
2025-12-27T05:15:00Z,cab-d04,,pdu-main,total_cabinet,14.245,normalized-power,good,p624
2025-12-27T05:25:00Z,cab-d04,,pdu-main,total_cabinet,14.247,normalized-power,good,p625
2025-12-27T05:30:00Z,cab-d04,,pdu-main,total_cabinet,14.248,normalized-power,good,p626
2025-12-27T05:35:00Z,cab-d04,,pdu-main,total_cabinet,14.249,normalized-power,good,p627
2025-12-27T05:40:00Z,cab-d04,,pdu-main,total_cabinet,14.249,normalized-power,good,p628
2025-12-27T05:45:00Z,cab-d04,,pdu-main,total_cabinet,14.249,normalized-power,good,p629
2025-12-27T05:50:00Z,cab-d04,,pdu-main,total_cabinet,14.25,normalized-power,good,p630
2025-12-27T05:55:00Z,cab-d04,,pdu-main,total_cabinet,14.25,normalized-power,good,p631
2025-12-27T06:00:00Z,cab-d04,,pdu-main,total_cabinet,14.25,normalized-power,good,p632
2025-12-27T06:05:00Z,cab-d04,,pdu-main,total_cabinet,14.25,normalized-power,good,p633
2025-12-27T06:10:00Z,cab-d04,,pdu-main,total_cabinet,14.25,normalized-power,good,p634
2025-12-27T06:15:00Z,cab-d04,,pdu-main,total_cabinet,14.249,normalized-power,good,p635
2025-12-27T06:20:00Z,cab-d04,,pdu-main,total_cabinet,14.249,normalized-power,good,p636
2025-12-27T06:25:00Z,cab-d04,,pdu-main,total_cabinet,14.249,normalized-power,good,p637
2025-12-27T06:30:00Z,cab-d04,,pdu-main,total_cabinet,14.248,normalized-power,good,p638
2025-12-27T06:35:00Z,cab-d04,,pdu-main,total_cabinet,14.247,normalized-power,good,p639
2025-12-27T06:40:00Z,cab-d04,,pdu-main,total_cabinet,14.246,normalized-power,good,p640
2025-12-27T06:45:00Z,cab-d04,,pdu-main,total_cabinet,14.245,normalized-power,good,p641
2025-12-27T06:50:00Z,cab-d04,,pdu-main,total_cabinet,14.244,normalized-power,good,p642
2025-12-27T06:55:00Z,cab-d04,,pdu-main,total_cabinet,14.243,normalized-power,good,p643
2025-12-27T07:00:00Z,cab-d04,,pdu-main,total_cabinet,14.241,normalized-power,good,p644
2025-12-27T07:05:00Z,cab-d04,,pdu-main,total_cabinet,14.24,normalized-power,good,p645
2025-12-27T07:10:00Z,cab-d04,,pdu-main,total_cabinet,14.238,normalized-power,good,p646
2025-12-27T07:15:00Z,cab-d04,,pdu-main,total_cabinet,14.237,normalized-power,good,p647
2025-12-27T07:20:00Z,cab-d04,,pdu-main,total_cabinet,14.235,normalized-power,good,p648
2025-12-27T07:25:00Z,cab-d04,,pdu-main,total_cabinet,14.233,normalized-power,good,p649
2025-12-27T07:30:00Z,cab-d04,,pdu-main,total_cabinet,14.231,normalized-power,good,p650
2025-12-27T07:35:00Z,cab-d04,,pdu-main,total_cabinet,14.229,normalized-power,good,p651
2025-12-27T07:40:00Z,cab-d04,,pdu-main,total_cabinet,14.227,normalized-power,good,p652
2025-12-27T07:45:00Z,cab-d04,,pdu-main,total_cabinet,14.224,normalized-power,good,p653
2025-12-27T07:50:00Z,cab-d04,,pdu-main,total_cabinet,14.222,normalized-power,good,p654
2025-12-27T07:55:00Z,cab-d04,,pdu-main,total_cabinet,14.219,normalized-power,good,p655
2025-12-27T08:00:00Z,cab-d04,,pdu-main,total_cabinet,14.217,normalized-power,good,p656
2025-12-27T08:05:00Z,cab-d04,,pdu-main,total_cabinet,14.214,normalized-power,good,p657
2025-12-27T08:10:00Z,cab-d04,,pdu-main,total_cabinet,14.211,normalized-power,good,p658
2025-12-27T08:15:00Z,cab-d04,,pdu-main,total_cabinet,14.208,normalized-power,good,p659
2025-12-27T08:20:00Z,cab-d04,,pdu-main,total_cabinet,14.205,normalized-power,good,p660
2025-12-27T08:25:00Z,cab-d04,,pdu-main,total_cabinet,14.202,normalized-power,good,p661
2025-12-27T08:30:00Z,cab-d04,,pdu-main,total_cabinet,14.198,normalized-power,good,p662
2025-12-27T08:35:00Z,cab-d04,,pdu-main,total_cabinet,14.195,normalized-power,good,p663
2025-12-27T08:45:00Z,cab-d04,,pdu-main,total_cabinet,14.188,normalized-power,good,p664
2025-12-27T08:50:00Z,cab-d04,,pdu-main,total_cabinet,14.184,normalized-power,good,p665
2025-12-27T08:55:00Z,cab-d04,,pdu-main,total_cabinet,14.181,normalized-power,good,p666
2025-12-27T09:00:00Z,cab-d04,,pdu-main,total_cabinet,14.177,normalized-power,good,p667
2025-12-27T09:05:00Z,cab-d04,,pdu-main,total_cabinet,14.173,normalized-power,good,p668
2025-12-27T09:10:00Z,cab-d04,,pdu-main,total_cabinet,14.169,normalized-power,good,p669
2025-12-27T09:15:00Z,cab-d04,,pdu-main,total_cabinet,14.165,normalized-power,good,p670
2025-12-27T09:20:00Z,cab-d04,,pdu-main,total_cabinet,14.161,normalized-power,good,p671
2025-12-27T09:25:00Z,cab-d04,,pdu-main,total_cabinet,14.156,normalized-power,good,p672
2025-12-27T09:30:00Z,cab-d04,,pdu-main,total_cabinet,14.152,normalized-power,good,p673
2025-12-27T09:35:00Z,cab-d04,,pdu-main,total_cabinet,14.148,normalized-power,good,p674
2025-12-27T09:40:00Z,cab-d04,,pdu-main,total_cabinet,14.143,normalized-power,good,p675
2025-12-27T09:45:00Z,cab-d04,,pdu-main,total_cabinet,14.139,normalized-power,good,p676
2025-12-27T09:50:00Z,cab-d04,,pdu-main,total_cabinet,14.134,normalized-power,good,p677
2025-12-27T09:55:00Z,cab-d04,,pdu-main,total_cabinet,14.13,normalized-power,good,p678
2025-12-27T10:00:00Z,cab-d04,,pdu-main,total_cabinet,14.125,normalized-power,good,p679
2025-12-27T10:05:00Z,cab-d04,,pdu-main,total_cabinet,14.12,normalized-power,good,p680
2025-12-27T10:10:00Z,cab-d04,,pdu-main,total_cabinet,14.115,normalized-power,good,p681
2025-12-27T10:15:00Z,cab-d04,,pdu-main,total_cabinet,14.111,normalized-power,good,p682
2025-12-27T10:20:00Z,cab-d04,,pdu-main,total_cabinet,14.106,normalized-power,good,p683
2025-12-27T10:25:00Z,cab-d04,,pdu-main,total_cabinet,14.101,normalized-power,good,p684
2025-12-27T10:30:00Z,cab-d04,,pdu-main,total_cabinet,14.096,normalized-power,good,p685
2025-12-27T10:35:00Z,cab-d04,,pdu-main,total_cabinet,14.091,normalized-power,good,p686
2025-12-27T10:40:00Z,cab-d04,,pdu-main,total_cabinet,14.086,normalized-power,good,p687
2025-12-27T10:45:00Z,cab-d04,,pdu-main,total_cabinet,14.08,normalized-power,good,p688
2025-12-27T10:50:00Z,cab-d04,,pdu-main,total_cabinet,14.075,normalized-power,good,p689
2025-12-27T10:55:00Z,cab-d04,,pdu-main,total_cabinet,14.07,normalized-power,good,p690
2025-12-27T11:00:00Z,cab-d04,,pdu-main,total_cabinet,14.065,normalized-power,good,p691
2025-12-27T11:05:00Z,cab-d04,,pdu-main,total_cabinet,14.059,normalized-power,good,p692
2025-12-27T11:10:00Z,cab-d04,,pdu-main,total_cabinet,14.054,normalized-power,good,p693
2025-12-27T11:15:00Z,cab-d04,,pdu-main,total_cabinet,14.049,normalized-power,good,p694
2025-12-27T11:20:00Z,cab-d04,,pdu-main,total_cabinet,14.043,normalized-power,good,p695
2025-12-27T11:25:00Z,cab-d04,,pdu-main,total_cabinet,14.038,normalized-power,good,p696
2025-12-27T11:30:00Z,cab-d04,,pdu-main,total_cabinet,14.033,normalized-power,good,p697
2025-12-27T11:35:00Z,cab-d04,,pdu-main,total_cabinet,14.027,normalized-power,good,p698
2025-12-27T11:40:00Z,cab-d04,,pdu-main,total_cabinet,14.022,normalized-power,good,p699
2025-12-27T11:45:00Z,cab-d04,,pdu-main,total_cabinet,14.016,normalized-power,good,p700
2025-12-27T11:50:00Z,cab-d04,,pdu-main,total_cabinet,14.011,normalized-power,good,p701
2025-12-27T11:55:00Z,cab-d04,,pdu-main,total_cabinet,14.005,normalized-power,good,p702
2025-12-27T12:05:00Z,cab-d04,,pdu-main,total_cabinet,13.995,normalized-power,good,p703
2025-12-27T12:10:00Z,cab-d04,,pdu-main,total_cabinet,13.989,normalized-power,good,p704
2025-12-27T12:15:00Z,cab-d04,,pdu-main,total_cabinet,13.984,normalized-power,good,p705
2025-12-27T12:20:00Z,cab-d04,,pdu-main,total_cabinet,13.978,normalized-power,good,p706
2025-12-27T12:25:00Z,cab-d04,,pdu-main,total_cabinet,13.973,normalized-power,good,p707
2025-12-27T12:30:00Z,cab-d04,,pdu-main,total_cabinet,13.967,normalized-power,good,p708
2025-12-27T12:35:00Z,cab-d04,,pdu-main,total_cabinet,13.962,normalized-power,good,p709
2025-12-27T12:40:00Z,cab-d04,,pdu-main,total_cabinet,13.957,normalized-power,good,p710
2025-12-27T12:45:00Z,cab-d04,,pdu-main,total_cabinet,13.951,normalized-power,good,p711
2025-12-27T12:50:00Z,cab-d04,,pdu-main,total_cabinet,13.946,normalized-power,good,p712
2025-12-27T12:55:00Z,cab-d04,,pdu-main,total_cabinet,13.941,normalized-power,good,p713
2025-12-27T13:00:00Z,cab-d04,,pdu-main,total_cabinet,13.935,normalized-power,good,p714
2025-12-27T13:05:00Z,cab-d04,,pdu-main,total_cabinet,13.93,normalized-power,good,p715
2025-12-27T13:10:00Z,cab-d04,,pdu-main,total_cabinet,13.925,normalized-power,good,p716
2025-12-27T13:15:00Z,cab-d04,,pdu-main,total_cabinet,13.92,normalized-power,good,p717
2025-12-27T13:20:00Z,cab-d04,,pdu-main,total_cabinet,13.914,normalized-power,good,p718
2025-12-27T13:25:00Z,cab-d04,,pdu-main,total_cabinet,13.909,normalized-power,good,p719
2025-12-27T13:30:00Z,cab-d04,,pdu-main,total_cabinet,13.904,normalized-power,good,p720
2025-12-27T13:35:00Z,cab-d04,,pdu-main,total_cabinet,13.899,normalized-power,good,p721
2025-12-27T13:40:00Z,cab-d04,,pdu-main,total_cabinet,13.894,normalized-power,good,p722
2025-12-27T13:45:00Z,cab-d04,,pdu-main,total_cabinet,13.889,normalized-power,good,p723
2025-12-27T13:50:00Z,cab-d04,,pdu-main,total_cabinet,13.885,normalized-power,good,p724
2025-12-27T13:55:00Z,cab-d04,,pdu-main,total_cabinet,13.88,normalized-power,good,p725
2025-12-27T14:00:00Z,cab-d04,,pdu-main,total_cabinet,13.875,normalized-power,good,p726
2025-12-27T14:05:00Z,cab-d04,,pdu-main,total_cabinet,13.87,normalized-power,good,p727
2025-12-27T14:10:00Z,cab-d04,,pdu-main,total_cabinet,13.866,normalized-power,good,p728
2025-12-27T14:15:00Z,cab-d04,,pdu-main,total_cabinet,13.861,normalized-power,good,p729
2025-12-27T14:20:00Z,cab-d04,,pdu-main,total_cabinet,13.857,normalized-power,good,p730
2025-12-27T14:25:00Z,cab-d04,,pdu-main,total_cabinet,13.852,normalized-power,good,p731
2025-12-27T14:30:00Z,cab-d04,,pdu-main,total_cabinet,13.848,normalized-power,good,p732
2025-12-27T14:35:00Z,cab-d04,,pdu-main,total_cabinet,13.844,normalized-power,good,p733
2025-12-27T14:40:00Z,cab-d04,,pdu-main,total_cabinet,13.839,normalized-power,good,p734
2025-12-27T14:45:00Z,cab-d04,,pdu-main,total_cabinet,13.835,normalized-power,good,p735
2025-12-27T14:50:00Z,cab-d04,,pdu-main,total_cabinet,13.831,normalized-power,good,p736
2025-12-27T14:55:00Z,cab-d04,,pdu-main,total_cabinet,13.827,normalized-power,good,p737
2025-12-27T15:00:00Z,cab-d04,,pdu-main,total_cabinet,13.823,normalized-power,good,p738
2025-12-27T15:05:00Z,cab-d04,,pdu-main,total_cabinet,13.819,normalized-power,good,p739
2025-12-27T15:10:00Z,cab-d04,,pdu-main,total_cabinet,13.816,normalized-power,good,p740
2025-12-27T15:15:00Z,cab-d04,,pdu-main,total_cabinet,13.812,normalized-power,good,p741
2025-12-27T15:25:00Z,cab-d04,,pdu-main,total_cabinet,13.805,normalized-power,good,p742
2025-12-27T15:30:00Z,cab-d04,,pdu-main,total_cabinet,13.802,normalized-power,good,p743
2025-12-27T15:35:00Z,cab-d04,,pdu-main,total_cabinet,13.798,normalized-power,good,p744
2025-12-27T15:40:00Z,cab-d04,,pdu-main,total_cabinet,13.795,normalized-power,good,p745
2025-12-27T15:45:00Z,cab-d04,,pdu-main,total_cabinet,13.792,normalized-power,good,p746
2025-12-27T15:50:00Z,cab-d04,,pdu-main,total_cabinet,13.789,normalized-power,good,p747
2025-12-27T15:55:00Z,cab-d04,,pdu-main,total_cabinet,13.786,normalized-power,good,p748
2025-12-27T16:00:00Z,cab-d04,,pdu-main,total_cabinet,13.783,normalized-power,good,p749
2025-12-27T16:05:00Z,cab-d04,,pdu-main,total_cabinet,13.781,normalized-power,good,p750
2025-12-27T16:10:00Z,cab-d04,,pdu-main,total_cabinet,13.778,normalized-power,good,p751
2025-12-27T16:15:00Z,cab-d04,,pdu-main,total_cabinet,13.776,normalized-power,good,p752
2025-12-27T16:20:00Z,cab-d04,,pdu-main,total_cabinet,13.773,normalized-power,good,p753
2025-12-27T16:25:00Z,cab-d04,,pdu-main,total_cabinet,13.771,normalized-power,good,p754
2025-12-27T16:30:00Z,cab-d04,,pdu-main,total_cabinet,13.769,normalized-power,good,p755
2025-12-27T16:35:00Z,cab-d04,,pdu-main,total_cabinet,13.767,normalized-power,good,p756
2025-12-27T16:40:00Z,cab-d04,,pdu-main,total_cabinet,13.765,normalized-power,good,p757
2025-12-27T16:45:00Z,cab-d04,,pdu-main,total_cabinet,13.763,normalized-power,good,p758
2025-12-27T16:50:00Z,cab-d04,,pdu-main,total_cabinet,13.762,normalized-power,good,p759
2025-12-27T16:55:00Z,cab-d04,,pdu-main,total_cabinet,13.76,normalized-power,good,p760
2025-12-27T17:00:00Z,cab-d04,,pdu-main,total_cabinet,13.759,normalized-power,good,p761
2025-12-27T17:05:00Z,cab-d04,,pdu-main,total_cabinet,13.757,normalized-power,good,p762
2025-12-27T17:10:00Z,cab-d04,,pdu-main,total_cabinet,13.756,normalized-power,good,p763
2025-12-27T17:15:00Z,cab-d04,,pdu-main,total_cabinet,13.755,normalized-power,good,p764
2025-12-27T17:20:00Z,cab-d04,,pdu-main,total_cabinet,13.754,normalized-power,good,p765
2025-12-27T17:25:00Z,cab-d04,,pdu-main,total_cabinet,13.753,normalized-power,good,p766
2025-12-27T17:30:00Z,cab-d04,,pdu-main,total_cabinet,13.752,normalized-power,good,p767
2025-12-27T17:35:00Z,cab-d04,,pdu-main,total_cabinet,13.751,normalized-power,good,p768
2025-12-27T17:40:00Z,cab-d04,,pdu-main,total_cabinet,13.751,normalized-power,good,p769
2025-12-27T17:45:00Z,cab-d04,,pdu-main,total_cabinet,13.751,normalized-power,good,p770
2025-12-27T17:50:00Z,cab-d04,,pdu-main,total_cabinet,13.75,normalized-power,good,p771
2025-12-27T17:55:00Z,cab-d04,,pdu-main,total_cabinet,13.75,normalized-power,good,p772
2025-12-27T18:00:00Z,cab-d04,,pdu-main,total_cabinet,13.75,normalized-power,good,p773
2025-12-27T18:05:00Z,cab-d04,,pdu-main,total_cabinet,13.75,normalized-power,good,p774
2025-12-27T18:10:00Z,cab-d04,,pdu-main,total_cabinet,13.75,normalized-power,good,p775
2025-12-27T18:15:00Z,cab-d04,,pdu-main,total_cabinet,13.751,normalized-power,good,p776
2025-12-27T18:20:00Z,cab-d04,,pdu-main,total_cabinet,13.751,normalized-power,good,p777
2025-12-27T18:25:00Z,cab-d04,,pdu-main,total_cabinet,13.751,normalized-power,good,p778
2025-12-27T18:30:00Z,cab-d04,,pdu-main,total_cabinet,13.752,normalized-power,good,p779
2025-12-27T18:35:00Z,cab-d04,,pdu-main,total_cabinet,13.753,normalized-power,good,p780
2025-12-27T18:45:00Z,cab-d04,,pdu-main,total_cabinet,13.755,normalized-power,good,p781
2025-12-27T18:50:00Z,cab-d04,,pdu-main,total_cabinet,13.756,normalized-power,good,p782
2025-12-27T18:55:00Z,cab-d04,,pdu-main,total_cabinet,13.757,normalized-power,good,p783
2025-12-27T19:00:00Z,cab-d04,,pdu-main,total_cabinet,13.759,normalized-power,good,p784
2025-12-27T19:05:00Z,cab-d04,,pdu-main,total_cabinet,13.76,normalized-power,good,p785
2025-12-27T19:10:00Z,cab-d04,,pdu-main,total_cabinet,13.762,normalized-power,good,p786
2025-12-27T19:15:00Z,cab-d04,,pdu-main,total_cabinet,13.763,normalized-power,good,p787
2025-12-27T19:20:00Z,cab-d04,,pdu-main,total_cabinet,13.765,normalized-power,good,p788
2025-12-27T19:25:00Z,cab-d04,,pdu-main,total_cabinet,13.767,normalized-power,good,p789
2025-12-27T19:30:00Z,cab-d04,,pdu-main,total_cabinet,13.769,normalized-power,good,p790
2025-12-27T19:35:00Z,cab-d04,,pdu-main,total_cabinet,13.771,normalized-power,good,p791
2025-12-27T19:40:00Z,cab-d04,,pdu-main,total_cabinet,13.773,normalized-power,good,p792
2025-12-27T19:45:00Z,cab-d04,,pdu-main,total_cabinet,13.776,normalized-power,good,p793
2025-12-27T19:50:00Z,cab-d04,,pdu-main,total_cabinet,13.778,normalized-power,good,p794
2025-12-27T19:55:00Z,cab-d04,,pdu-main,total_cabinet,13.781,normalized-power,good,p795
2025-12-27T20:00:00Z,cab-d04,,pdu-main,total_cabinet,13.783,normalized-power,good,p796
2025-12-27T20:05:00Z,cab-d04,,pdu-main,total_cabinet,13.786,normalized-power,good,p797
2025-12-27T20:10:00Z,cab-d04,,pdu-main,total_cabinet,13.789,normalized-power,good,p798
2025-12-27T20:15:00Z,cab-d04,,pdu-main,total_cabinet,13.792,normalized-power,good,p799
2025-12-27T20:20:00Z,cab-d04,,pdu-main,total_cabinet,13.795,normalized-power,good,p800
2025-12-27T20:25:00Z,cab-d04,,pdu-main,total_cabinet,13.798,normalized-power,good,p801
2025-12-27T20:30:00Z,cab-d04,,pdu-main,total_cabinet,13.802,normalized-power,good,p802
2025-12-27T20:35:00Z,cab-d04,,pdu-main,total_cabinet,13.805,normalized-power,good,p803
2025-12-27T20:40:00Z,cab-d04,,pdu-main,total_cabinet,13.808,normalized-power,good,p804
2025-12-27T20:45:00Z,cab-d04,,pdu-main,total_cabinet,13.812,normalized-power,good,p805
2025-12-27T20:50:00Z,cab-d04,,pdu-main,total_cabinet,13.816,normalized-power,good,p806
2025-12-27T20:55:00Z,cab-d04,,pdu-main,total_cabinet,13.819,normalized-power,good,p807
2025-12-27T21:00:00Z,cab-d04,,pdu-main,total_cabinet,13.823,normalized-power,good,p808
2025-12-27T21:05:00Z,cab-d04,,pdu-main,total_cabinet,13.827,normalized-power,good,p809
2025-12-27T21:10:00Z,cab-d04,,pdu-main,total_cabinet,13.831,normalized-power,good,p810
2025-12-27T21:15:00Z,cab-d04,,pdu-main,total_cabinet,13.835,normalized-power,good,p811
2025-12-27T21:20:00Z,cab-d04,,pdu-main,total_cabinet,13.839,normalized-power,good,p812
2025-12-27T21:25:00Z,cab-d04,,pdu-main,total_cabinet,13.844,normalized-power,good,p813
2025-12-27T21:30:00Z,cab-d04,,pdu-main,total_cabinet,13.848,normalized-power,good,p814
2025-12-27T21:35:00Z,cab-d04,,pdu-main,total_cabinet,13.852,normalized-power,good,p815
2025-12-27T21:40:00Z,cab-d04,,pdu-main,total_cabinet,13.857,normalized-power,good,p816
2025-12-27T21:45:00Z,cab-d04,,pdu-main,total_cabinet,13.861,normalized-power,good,p817
2025-12-27T21:50:00Z,cab-d04,,pdu-main,total_cabinet,13.866,normalized-power,good,p818
2025-12-27T21:55:00Z,cab-d04,,pdu-main,total_cabinet,13.87,normalized-power,good,p819
2025-12-27T22:05:00Z,cab-d04,,pdu-main,total_cabinet,13.88,normalized-power,good,p820
2025-12-27T22:10:00Z,cab-d04,,pdu-main,total_cabinet,13.885,normalized-power,good,p821
2025-12-27T22:15:00Z,cab-d04,,pdu-main,total_cabinet,13.889,normalized-power,good,p822
2025-12-27T22:20:00Z,cab-d04,,pdu-main,total_cabinet,13.894,normalized-power,good,p823
2025-12-27T22:25:00Z,cab-d04,,pdu-main,total_cabinet,13.899,normalized-power,good,p824
2025-12-27T22:30:00Z,cab-d04,,pdu-main,total_cabinet,13.904,normalized-power,good,p825
2025-12-27T22:35:00Z,cab-d04,,pdu-main,total_cabinet,13.909,normalized-power,good,p826
2025-12-27T22:40:00Z,cab-d04,,pdu-main,total_cabinet,13.914,normalized-power,good,p827
2025-12-27T22:45:00Z,cab-d04,,pdu-main,total_cabinet,13.92,normalized-power,good,p828
2025-12-27T22:50:00Z,cab-d04,,pdu-main,total_cabinet,13.925,normalized-power,good,p829
2025-12-27T22:55:00Z,cab-d04,,pdu-main,total_cabinet,13.93,normalized-power,good,p830
2025-12-27T23:00:00Z,cab-d04,,pdu-main,total_cabinet,13.935,normalized-power,good,p831
2025-12-27T23:05:00Z,cab-d04,,pdu-main,total_cabinet,13.941,normalized-power,good,p832
2025-12-27T23:10:00Z,cab-d04,,pdu-main,total_cabinet,13.946,normalized-power,good,p833
2025-12-27T23:15:00Z,cab-d04,,pdu-main,total_cabinet,13.951,normalized-power,good,p834
2025-12-27T23:20:00Z,cab-d04,,pdu-main,total_cabinet,13.957,normalized-power,good,p835
2025-12-27T23:25:00Z,cab-d04,,pdu-main,total_cabinet,13.962,normalized-power,good,p836
2025-12-27T23:30:00Z,cab-d04,,pdu-main,total_cabinet,13.967,normalized-power,good,p837
2025-12-27T23:35:00Z,cab-d04,,pdu-main,total_cabinet,13.973,normalized-power,good,p838
2025-12-27T23:40:00Z,cab-d04,,pdu-main,total_cabinet,13.978,normalized-power,good,p839
2025-12-27T23:45:00Z,cab-d04,,pdu-main,total_cabinet,13.984,normalized-power,good,p840
2025-12-27T23:50:00Z,cab-d04,,pdu-main,total_cabinet,13.989,normalized-power,good,p841
2025-12-27T23:55:00Z,cab-d04,,pdu-main,total_cabinet,13.995,normalized-power,good,p842
2025-12-28T00:00:00Z,cab-d04,,pdu-main,total_cabinet,14.0,normalized-power,good,p843
2025-12-28T00:05:00Z,cab-d04,,pdu-main,total_cabinet,14.005,normalized-power,good,p844
2025-12-28T00:10:00Z,cab-d04,,pdu-main,total_cabinet,14.011,normalized-power,good,p845
2025-12-28T00:15:00Z,cab-d04,,pdu-main,total_cabinet,14.016,normalized-power,good,p846
2025-12-28T00:20:00Z,cab-d04,,pdu-main,total_cabinet,14.022,normalized-power,good,p847
2025-12-28T00:25:00Z,cab-d04,,pdu-main,total_cabinet,14.027,normalized-power,good,p848
2025-12-28T00:30:00Z,cab-d04,,pdu-main,total_cabinet,14.033,normalized-power,good,p849
2025-12-28T00:35:00Z,cab-d04,,pdu-main,total_cabinet,14.038,normalized-power,good,p850
2025-12-28T00:40:00Z,cab-d04,,pdu-main,total_cabinet,14.043,normalized-power,good,p851
2025-12-28T00:45:00Z,cab-d04,,pdu-main,total_cabinet,14.049,normalized-power,good,p852
2025-12-28T00:50:00Z,cab-d04,,pdu-main,total_cabinet,14.054,normalized-power,good,p853
2025-12-28T00:55:00Z,cab-d04,,pdu-main,total_cabinet,14.059,normalized-power,good,p854
2025-12-28T01:00:00Z,cab-d04,,pdu-main,total_cabinet,14.065,normalized-power,good,p855
2025-12-28T01:05:00Z,cab-d04,,pdu-main,total_cabinet,14.07,normalized-power,good,p856
2025-12-28T01:10:00Z,cab-d04,,pdu-main,total_cabinet,14.075,normalized-power,good,p857
2025-12-28T01:15:00Z,cab-d04,,pdu-main,total_cabinet,14.08,normalized-power,good,p858
2025-12-28T01:25:00Z,cab-d04,,pdu-main,total_cabinet,14.091,normalized-power,good,p859
2025-12-28T01:30:00Z,cab-d04,,pdu-main,total_cabinet,14.096,normalized-power,good,p860
2025-12-28T01:35:00Z,cab-d04,,pdu-main,total_cabinet,14.101,normalized-power,good,p861
2025-12-28T01:40:00Z,cab-d04,,pdu-main,total_cabinet,14.106,normalized-power,good,p862
2025-12-28T01:45:00Z,cab-d04,,pdu-main,total_cabinet,14.111,normalized-power,good,p863
2025-12-28T01:50:00Z,cab-d04,,pdu-main,total_cabinet,14.115,normalized-power,good,p864
2025-12-28T01:55:00Z,cab-d04,,pdu-main,total_cabinet,14.12,normalized-power,good,p865
2025-12-28T02:00:00Z,cab-d04,,pdu-main,total_cabinet,14.125,normalized-power,good,p866
2025-12-28T02:05:00Z,cab-d04,,pdu-main,total_cabinet,14.13,normalized-power,good,p867
2025-12-28T02:10:00Z,cab-d04,,pdu-main,total_cabinet,14.134,normalized-power,good,p868
2025-12-28T02:15:00Z,cab-d04,,pdu-main,total_cabinet,14.139,normalized-power,good,p869
2025-12-28T02:20:00Z,cab-d04,,pdu-main,total_cabinet,14.143,normalized-power,good,p870
2025-12-28T02:25:00Z,cab-d04,,pdu-main,total_cabinet,14.148,normalized-power,good,p871
2025-12-28T02:30:00Z,cab-d04,,pdu-main,total_cabinet,14.152,normalized-power,good,p872
2025-12-28T02:35:00Z,cab-d04,,pdu-main,total_cabinet,14.156,normalized-power,good,p873
2025-12-28T02:40:00Z,cab-d04,,pdu-main,total_cabinet,14.161,normalized-power,good,p874
2025-12-28T02:45:00Z,cab-d04,,pdu-main,total_cabinet,14.165,normalized-power,good,p875
2025-12-28T02:50:00Z,cab-d04,,pdu-main,total_cabinet,14.169,normalized-power,good,p876
2025-12-28T02:55:00Z,cab-d04,,pdu-main,total_cabinet,14.173,normalized-power,good,p877
2025-12-28T03:00:00Z,cab-d04,,pdu-main,total_cabinet,14.177,normalized-power,good,p878
2025-12-28T03:05:00Z,cab-d04,,pdu-main,total_cabinet,14.181,normalized-power,good,p879
2025-12-28T03:10:00Z,cab-d04,,pdu-main,total_cabinet,14.184,normalized-power,good,p880
2025-12-28T03:15:00Z,cab-d04,,pdu-main,total_cabinet,14.188,normalized-power,good,p881
2025-12-28T03:20:00Z,cab-d04,,pdu-main,total_cabinet,14.192,normalized-power,good,p882
2025-12-28T03:25:00Z,cab-d04,,pdu-main,total_cabinet,14.195,normalized-power,good,p883
2025-12-28T03:30:00Z,cab-d04,,pdu-main,total_cabinet,14.198,normalized-power,good,p884
2025-12-28T03:35:00Z,cab-d04,,pdu-main,total_cabinet,14.202,normalized-power,good,p885
2025-12-28T03:40:00Z,cab-d04,,pdu-main,total_cabinet,14.205,normalized-power,good,p886
2025-12-28T03:45:00Z,cab-d04,,pdu-main,total_cabinet,14.208,normalized-power,good,p887
2025-12-28T03:50:00Z,cab-d04,,pdu-main,total_cabinet,14.211,normalized-power,good,p888
2025-12-28T03:55:00Z,cab-d04,,pdu-main,total_cabinet,14.214,normalized-power,good,p889
2025-12-28T04:00:00Z,cab-d04,,pdu-main,total_cabinet,14.217,normalized-power,good,p890
2025-12-28T04:05:00Z,cab-d04,,pdu-main,total_cabinet,14.219,normalized-power,good,p891
2025-12-28T04:10:00Z,cab-d04,,pdu-main,total_cabinet,14.222,normalized-power,good,p892
2025-12-28T04:15:00Z,cab-d04,,pdu-main,total_cabinet,14.224,normalized-power,good,p893
2025-12-28T04:20:00Z,cab-d04,,pdu-main,total_cabinet,14.227,normalized-power,good,p894
2025-12-28T04:25:00Z,cab-d04,,pdu-main,total_cabinet,14.229,normalized-power,good,p895
2025-12-28T04:30:00Z,cab-d04,,pdu-main,total_cabinet,14.231,normalized-power,good,p896
2025-12-28T04:35:00Z,cab-d04,,pdu-main,total_cabinet,14.233,normalized-power,good,p897
2025-12-28T04:45:00Z,cab-d04,,pdu-main,total_cabinet,14.237,normalized-power,good,p898
2025-12-28T04:50:00Z,cab-d04,,pdu-main,total_cabinet,14.238,normalized-power,good,p899
2025-12-28T04:55:00Z,cab-d04,,pdu-main,total_cabinet,14.24,normalized-power,good,p900
2025-12-28T05:00:00Z,cab-d04,,pdu-main,total_cabinet,14.241,normalized-power,good,p901
2025-12-28T05:05:00Z,cab-d04,,pdu-main,total_cabinet,14.243,normalized-power,good,p902
2025-12-28T05:10:00Z,cab-d04,,pdu-main,total_cabinet,14.244,normalized-power,good,p903
2025-12-28T05:15:00Z,cab-d04,,pdu-main,total_cabinet,14.245,normalized-power,good,p904
2025-12-28T05:20:00Z,cab-d04,,pdu-main,total_cabinet,14.246,normalized-power,good,p905
2025-12-28T05:25:00Z,cab-d04,,pdu-main,total_cabinet,14.247,normalized-power,good,p906
2025-12-28T05:30:00Z,cab-d04,,pdu-main,total_cabinet,14.248,normalized-power,good,p907
2025-12-28T05:35:00Z,cab-d04,,pdu-main,total_cabinet,14.249,normalized-power,good,p908
2025-12-28T05:40:00Z,cab-d04,,pdu-main,total_cabinet,14.249,normalized-power,good,p909
2025-12-28T05:45:00Z,cab-d04,,pdu-main,total_cabinet,14.249,normalized-power,good,p910
2025-12-28T05:50:00Z,cab-d04,,pdu-main,total_cabinet,14.25,normalized-power,good,p911
2025-12-28T05:55:00Z,cab-d04,,pdu-main,total_cabinet,14.25,normalized-power,good,p912
2025-12-28T06:00:00Z,cab-d04,,pdu-main,total_cabinet,14.25,normalized-power,good,p913
2025-12-28T06:05:00Z,cab-d04,,pdu-main,total_cabinet,14.25,normalized-power,good,p914
2025-12-28T06:10:00Z,cab-d04,,pdu-main,total_cabinet,14.25,normalized-power,good,p915
2025-12-28T06:15:00Z,cab-d04,,pdu-main,total_cabinet,14.249,normalized-power,good,p916
2025-12-28T06:20:00Z,cab-d04,,pdu-main,total_cabinet,14.249,normalized-power,good,p917
2025-12-28T06:25:00Z,cab-d04,,pdu-main,total_cabinet,14.249,normalized-power,good,p918
2025-12-28T06:30:00Z,cab-d04,,pdu-main,total_cabinet,14.248,normalized-power,good,p919
2025-12-28T06:35:00Z,cab-d04,,pdu-main,total_cabinet,14.247,normalized-power,good,p920
2025-12-28T06:40:00Z,cab-d04,,pdu-main,total_cabinet,14.246,normalized-power,good,p921
2025-12-28T06:45:00Z,cab-d04,,pdu-main,total_cabinet,14.245,normalized-power,good,p922
2025-12-28T06:50:00Z,cab-d04,,pdu-main,total_cabinet,14.244,normalized-power,good,p923
2025-12-28T06:55:00Z,cab-d04,,pdu-main,total_cabinet,14.243,normalized-power,good,p924
2025-12-28T07:00:00Z,cab-d04,,pdu-main,total_cabinet,14.241,normalized-power,good,p925
2025-12-28T07:05:00Z,cab-d04,,pdu-main,total_cabinet,14.24,normalized-power,good,p926
2025-12-28T07:10:00Z,cab-d04,,pdu-main,total_cabinet,14.238,normalized-power,good,p927
2025-12-28T07:15:00Z,cab-d04,,pdu-main,total_cabinet,14.237,normalized-power,good,p928
2025-12-28T07:20:00Z,cab-d04,,pdu-main,total_cabinet,14.235,normalized-power,good,p929
2025-12-28T07:25:00Z,cab-d04,,pdu-main,total_cabinet,14.233,normalized-power,good,p930
2025-12-28T07:30:00Z,cab-d04,,pdu-main,total_cabinet,14.231,normalized-power,good,p931
2025-12-28T07:35:00Z,cab-d04,,pdu-main,total_cabinet,14.229,normalized-power,good,p932
2025-12-28T07:40:00Z,cab-d04,,pdu-main,total_cabinet,14.227,normalized-power,good,p933
2025-12-28T07:45:00Z,cab-d04,,pdu-main,total_cabinet,14.224,normalized-power,good,p934
2025-12-28T07:50:00Z,cab-d04,,pdu-main,total_cabinet,14.222,normalized-power,good,p935
2025-12-28T07:55:00Z,cab-d04,,pdu-main,total_cabinet,14.219,normalized-power,good,p936
2025-12-28T08:05:00Z,cab-d04,,pdu-main,total_cabinet,14.214,normalized-power,good,p937
2025-12-28T08:10:00Z,cab-d04,,pdu-main,total_cabinet,14.211,normalized-power,good,p938
2025-12-28T08:15:00Z,cab-d04,,pdu-main,total_cabinet,14.208,normalized-power,good,p939
2025-12-28T08:20:00Z,cab-d04,,pdu-main,total_cabinet,14.205,normalized-power,good,p940
2025-12-28T08:25:00Z,cab-d04,,pdu-main,total_cabinet,14.202,normalized-power,good,p941
2025-12-28T08:30:00Z,cab-d04,,pdu-main,total_cabinet,14.198,normalized-power,good,p942
2025-12-28T08:35:00Z,cab-d04,,pdu-main,total_cabinet,14.195,normalized-power,good,p943
2025-12-28T08:40:00Z,cab-d04,,pdu-main,total_cabinet,14.192,normalized-power,good,p944
2025-12-28T08:45:00Z,cab-d04,,pdu-main,total_cabinet,14.188,normalized-power,good,p945
2025-12-28T08:50:00Z,cab-d04,,pdu-main,total_cabinet,14.184,normalized-power,good,p946
2025-12-28T08:55:00Z,cab-d04,,pdu-main,total_cabinet,14.181,normalized-power,good,p947
2025-12-28T09:00:00Z,cab-d04,,pdu-main,total_cabinet,14.177,normalized-power,good,p948
2025-12-28T09:05:00Z,cab-d04,,pdu-main,total_cabinet,14.173,normalized-power,good,p949
2025-12-28T09:10:00Z,cab-d04,,pdu-main,total_cabinet,14.169,normalized-power,good,p950
2025-12-28T09:15:00Z,cab-d04,,pdu-main,total_cabinet,14.165,normalized-power,good,p951
2025-12-28T09:20:00Z,cab-d04,,pdu-main,total_cabinet,14.161,normalized-power,good,p952
2025-12-28T09:25:00Z,cab-d04,,pdu-main,total_cabinet,14.156,normalized-power,good,p953
2025-12-28T09:30:00Z,cab-d04,,pdu-main,total_cabinet,14.152,normalized-power,good,p954
2025-12-28T09:35:00Z,cab-d04,,pdu-main,total_cabinet,14.148,normalized-power,good,p955
2025-12-28T09:40:00Z,cab-d04,,pdu-main,total_cabinet,14.143,normalized-power,good,p956
2025-12-28T09:45:00Z,cab-d04,,pdu-main,total_cabinet,14.139,normalized-power,good,p957
2025-12-28T09:50:00Z,cab-d04,,pdu-main,total_cabinet,14.134,normalized-power,good,p958
2025-12-28T09:55:00Z,cab-d04,,pdu-main,total_cabinet,14.13,normalized-power,good,p959
2025-12-28T10:00:00Z,cab-d04,,pdu-main,total_cabinet,14.125,normalized-power,good,p960
2025-12-28T10:05:00Z,cab-d04,,pdu-main,total_cabinet,14.12,normalized-power,good,p961
2025-12-28T10:10:00Z,cab-d04,,pdu-main,total_cabinet,14.115,normalized-power,good,p962
2025-12-28T10:15:00Z,cab-d04,,pdu-main,total_cabinet,14.111,normalized-power,good,p963
2025-12-28T10:20:00Z,cab-d04,,pdu-main,total_cabinet,14.106,normalized-power,good,p964
2025-12-28T10:25:00Z,cab-d04,,pdu-main,total_cabinet,14.101,normalized-power,good,p965
2025-12-28T10:30:00Z,cab-d04,,pdu-main,total_cabinet,14.096,normalized-power,good,p966
2025-12-28T10:35:00Z,cab-d04,,pdu-main,total_cabinet,14.091,normalized-power,good,p967
2025-12-28T10:40:00Z,cab-d04,,pdu-main,total_cabinet,14.086,normalized-power,good,p968
2025-12-28T10:45:00Z,cab-d04,,pdu-main,total_cabinet,14.08,normalized-power,good,p969
2025-12-28T10:50:00Z,cab-d04,,pdu-main,total_cabinet,14.075,normalized-power,good,p970
2025-12-28T10:55:00Z,cab-d04,,pdu-main,total_cabinet,14.07,normalized-power,good,p971
2025-12-28T11:00:00Z,cab-d04,,pdu-main,total_cabinet,14.065,normalized-power,good,p972
2025-12-28T11:05:00Z,cab-d04,,pdu-main,total_cabinet,14.059,normalized-power,good,p973
2025-12-28T11:10:00Z,cab-d04,,pdu-main,total_cabinet,14.054,normalized-power,good,p974
2025-12-28T11:15:00Z,cab-d04,,pdu-main,total_cabinet,14.049,normalized-power,good,p975
2025-12-28T11:25:00Z,cab-d04,,pdu-main,total_cabinet,14.038,normalized-power,good,p976
2025-12-28T11:30:00Z,cab-d04,,pdu-main,total_cabinet,14.033,normalized-power,good,p977
2025-12-28T11:35:00Z,cab-d04,,pdu-main,total_cabinet,14.027,normalized-power,good,p978
2025-12-28T11:40:00Z,cab-d04,,pdu-main,total_cabinet,14.022,normalized-power,good,p979
2025-12-28T11:45:00Z,cab-d04,,pdu-main,total_cabinet,14.016,normalized-power,good,p980
2025-12-28T11:50:00Z,cab-d04,,pdu-main,total_cabinet,14.011,normalized-power,good,p981
2025-12-28T11:55:00Z,cab-d04,,pdu-main,total_cabinet,14.005,normalized-power,good,p982
2025-12-28T12:00:00Z,cab-d04,,pdu-main,total_cabinet,14.0,normalized-power,good,p983
2025-12-28T12:05:00Z,cab-d04,,pdu-main,total_cabinet,13.995,normalized-power,good,p984
2025-12-28T12:10:00Z,cab-d04,,pdu-main,total_cabinet,13.989,normalized-power,good,p985
2025-12-28T12:15:00Z,cab-d04,,pdu-main,total_cabinet,13.984,normalized-power,good,p986
2025-12-28T12:20:00Z,cab-d04,,pdu-main,total_cabinet,13.978,normalized-power,good,p987
2025-12-28T12:25:00Z,cab-d04,,pdu-main,total_cabinet,13.973,normalized-power,good,p988
2025-12-28T12:30:00Z,cab-d04,,pdu-main,total_cabinet,13.967,normalized-power,good,p989
2025-12-28T12:35:00Z,cab-d04,,pdu-main,total_cabinet,13.962,normalized-power,good,p990
2025-12-28T12:40:00Z,cab-d04,,pdu-main,total_cabinet,13.957,normalized-power,good,p991
2025-12-28T12:45:00Z,cab-d04,,pdu-main,total_cabinet,13.951,normalized-power,good,p992
2025-12-28T12:50:00Z,cab-d04,,pdu-main,total_cabinet,13.946,normalized-power,good,p993
2025-12-28T12:55:00Z,cab-d04,,pdu-main,total_cabinet,13.941,normalized-power,good,p994
2025-12-28T13:00:00Z,cab-d04,,pdu-main,total_cabinet,13.935,normalized-power,good,p995
2025-12-28T13:05:00Z,cab-d04,,pdu-main,total_cabinet,13.93,normalized-power,good,p996
2025-12-28T13:10:00Z,cab-d04,,pdu-main,total_cabinet,13.925,normalized-power,good,p997
2025-12-28T13:15:00Z,cab-d04,,pdu-main,total_cabinet,13.92,normalized-power,good,p998
2025-12-28T13:20:00Z,cab-d04,,pdu-main,total_cabinet,13.914,normalized-power,good,p999
2025-12-28T13:25:00Z,cab-d04,,pdu-main,total_cabinet,13.909,normalized-power,good,p1000
2025-12-28T13:30:00Z,cab-d04,,pdu-main,total_cabinet,13.904,normalized-power,good,p1001
2025-12-28T13:35:00Z,cab-d04,,pdu-main,total_cabinet,13.899,normalized-power,good,p1002
2025-12-28T13:40:00Z,cab-d04,,pdu-main,total_cabinet,13.894,normalized-power,good,p1003
2025-12-28T13:45:00Z,cab-d04,,pdu-main,total_cabinet,13.889,normalized-power,good,p1004
2025-12-28T13:50:00Z,cab-d04,,pdu-main,total_cabinet,13.885,normalized-power,good,p1005
2025-12-28T13:55:00Z,cab-d04,,pdu-main,total_cabinet,13.88,normalized-power,good,p1006
2025-12-28T14:00:00Z,cab-d04,,pdu-main,total_cabinet,13.875,normalized-power,good,p1007
2025-12-28T14:05:00Z,cab-d04,,pdu-main,total_cabinet,13.87,normalized-power,good,p1008
2025-12-28T14:10:00Z,cab-d04,,pdu-main,total_cabinet,13.866,normalized-power,good,p1009
2025-12-28T14:15:00Z,cab-d04,,pdu-main,total_cabinet,13.861,normalized-power,good,p1010
2025-12-28T14:20:00Z,cab-d04,,pdu-main,total_cabinet,13.857,normalized-power,good,p1011
2025-12-28T14:25:00Z,cab-d04,,pdu-main,total_cabinet,13.852,normalized-power,good,p1012
2025-12-28T14:30:00Z,cab-d04,,pdu-main,total_cabinet,13.848,normalized-power,good,p1013
2025-12-28T14:35:00Z,cab-d04,,pdu-main,total_cabinet,13.844,normalized-power,good,p1014
2025-12-28T14:45:00Z,cab-d04,,pdu-main,total_cabinet,13.835,normalized-power,good,p1015
2025-12-28T14:50:00Z,cab-d04,,pdu-main,total_cabinet,13.831,normalized-power,good,p1016
2025-12-28T14:55:00Z,cab-d04,,pdu-main,total_cabinet,13.827,normalized-power,good,p1017
2025-12-28T15:00:00Z,cab-d04,,pdu-main,total_cabinet,13.823,normalized-power,good,p1018
2025-12-28T15:05:00Z,cab-d04,,pdu-main,total_cabinet,13.819,normalized-power,good,p1019
2025-12-28T15:10:00Z,cab-d04,,pdu-main,total_cabinet,13.816,normalized-power,good,p1020
2025-12-28T15:15:00Z,cab-d04,,pdu-main,total_cabinet,13.812,normalized-power,good,p1021
2025-12-28T15:20:00Z,cab-d04,,pdu-main,total_cabinet,13.808,normalized-power,good,p1022
2025-12-28T15:25:00Z,cab-d04,,pdu-main,total_cabinet,13.805,normalized-power,good,p1023
2025-12-28T15:30:00Z,cab-d04,,pdu-main,total_cabinet,13.802,normalized-power,good,p1024
2025-12-28T15:35:00Z,cab-d04,,pdu-main,total_cabinet,13.798,normalized-power,good,p1025
2025-12-28T15:40:00Z,cab-d04,,pdu-main,total_cabinet,13.795,normalized-power,good,p1026
2025-12-28T15:45:00Z,cab-d04,,pdu-main,total_cabinet,13.792,normalized-power,good,p1027
2025-12-28T15:50:00Z,cab-d04,,pdu-main,total_cabinet,13.789,normalized-power,good,p1028
2025-12-28T15:55:00Z,cab-d04,,pdu-main,total_cabinet,13.786,normalized-power,good,p1029
2025-12-28T16:00:00Z,cab-d04,,pdu-main,total_cabinet,13.783,normalized-power,good,p1030
2025-12-28T16:05:00Z,cab-d04,,pdu-main,total_cabinet,13.781,normalized-power,good,p1031
2025-12-28T16:10:00Z,cab-d04,,pdu-main,total_cabinet,13.778,normalized-power,good,p1032
2025-12-28T16:15:00Z,cab-d04,,pdu-main,total_cabinet,13.776,normalized-power,good,p1033
2025-12-28T16:20:00Z,cab-d04,,pdu-main,total_cabinet,13.773,normalized-power,good,p1034
2025-12-28T16:25:00Z,cab-d04,,pdu-main,total_cabinet,13.771,normalized-power,good,p1035
2025-12-28T16:30:00Z,cab-d04,,pdu-main,total_cabinet,13.769,normalized-power,good,p1036
2025-12-28T16:35:00Z,cab-d04,,pdu-main,total_cabinet,13.767,normalized-power,good,p1037
2025-12-28T16:40:00Z,cab-d04,,pdu-main,total_cabinet,13.765,normalized-power,good,p1038
2025-12-28T16:45:00Z,cab-d04,,pdu-main,total_cabinet,13.763,normalized-power,good,p1039
2025-12-28T16:50:00Z,cab-d04,,pdu-main,total_cabinet,13.762,normalized-power,good,p1040
2025-12-28T16:55:00Z,cab-d04,,pdu-main,total_cabinet,13.76,normalized-power,good,p1041
2025-12-28T17:00:00Z,cab-d04,,pdu-main,total_cabinet,13.759,normalized-power,good,p1042
2025-12-28T17:05:00Z,cab-d04,,pdu-main,total_cabinet,13.757,normalized-power,good,p1043
2025-12-28T17:10:00Z,cab-d04,,pdu-main,total_cabinet,13.756,normalized-power,good,p1044
2025-12-28T17:15:00Z,cab-d04,,pdu-main,total_cabinet,13.755,normalized-power,good,p1045
2025-12-28T17:20:00Z,cab-d04,,pdu-main,total_cabinet,13.754,normalized-power,good,p1046
2025-12-28T17:25:00Z,cab-d04,,pdu-main,total_cabinet,13.753,normalized-power,good,p1047
2025-12-28T17:30:00Z,cab-d04,,pdu-main,total_cabinet,13.752,normalized-power,good,p1048
2025-12-28T17:35:00Z,cab-d04,,pdu-main,total_cabinet,13.751,normalized-power,good,p1049
2025-12-28T17:40:00Z,cab-d04,,pdu-main,total_cabinet,13.751,normalized-power,good,p1050
2025-12-28T17:45:00Z,cab-d04,,pdu-main,total_cabinet,13.751,normalized-power,good,p1051
2025-12-28T17:50:00Z,cab-d04,,pdu-main,total_cabinet,13.75,normalized-power,good,p1052
2025-12-28T17:55:00Z,cab-d04,,pdu-main,total_cabinet,13.75,normalized-power,good,p1053
2025-12-28T18:05:00Z,cab-d04,,pdu-main,total_cabinet,13.75,normalized-power,good,p1054
2025-12-28T18:10:00Z,cab-d04,,pdu-main,total_cabinet,13.75,normalized-power,good,p1055
2025-12-28T18:15:00Z,cab-d04,,pdu-main,total_cabinet,13.751,normalized-power,good,p1056
2025-12-28T18:20:00Z,cab-d04,,pdu-main,total_cabinet,13.751,normalized-power,good,p1057
2025-12-28T18:25:00Z,cab-d04,,pdu-main,total_cabinet,13.751,normalized-power,good,p1058
2025-12-28T18:30:00Z,cab-d04,,pdu-main,total_cabinet,13.752,normalized-power,good,p1059
2025-12-28T18:35:00Z,cab-d04,,pdu-main,total_cabinet,13.753,normalized-power,good,p1060
2025-12-28T18:40:00Z,cab-d04,,pdu-main,total_cabinet,13.754,normalized-power,good,p1061
2025-12-28T18:45:00Z,cab-d04,,pdu-main,total_cabinet,13.755,normalized-power,good,p1062
2025-12-28T18:50:00Z,cab-d04,,pdu-main,total_cabinet,13.756,normalized-power,good,p1063
2025-12-28T18:55:00Z,cab-d04,,pdu-main,total_cabinet,13.757,normalized-power,good,p1064
2025-12-28T19:00:00Z,cab-d04,,pdu-main,total_cabinet,13.759,normalized-power,good,p1065
2025-12-28T19:05:00Z,cab-d04,,pdu-main,total_cabinet,13.76,normalized-power,good,p1066
2025-12-28T19:10:00Z,cab-d04,,pdu-main,total_cabinet,13.762,normalized-power,good,p1067
2025-12-28T19:15:00Z,cab-d04,,pdu-main,total_cabinet,13.763,normalized-power,good,p1068
2025-12-28T19:20:00Z,cab-d04,,pdu-main,total_cabinet,13.765,normalized-power,good,p1069
2025-12-28T19:25:00Z,cab-d04,,pdu-main,total_cabinet,13.767,normalized-power,good,p1070
2025-12-28T19:30:00Z,cab-d04,,pdu-main,total_cabinet,13.769,normalized-power,good,p1071
2025-12-28T19:35:00Z,cab-d04,,pdu-main,total_cabinet,13.771,normalized-power,good,p1072
2025-12-28T19:40:00Z,cab-d04,,pdu-main,total_cabinet,13.773,normalized-power,good,p1073
2025-12-28T19:45:00Z,cab-d04,,pdu-main,total_cabinet,13.776,normalized-power,good,p1074
2025-12-28T19:50:00Z,cab-d04,,pdu-main,total_cabinet,13.778,normalized-power,good,p1075
2025-12-28T19:55:00Z,cab-d04,,pdu-main,total_cabinet,13.781,normalized-power,good,p1076
2025-12-28T20:00:00Z,cab-d04,,pdu-main,total_cabinet,13.783,normalized-power,good,p1077
2025-12-28T20:05:00Z,cab-d04,,pdu-main,total_cabinet,13.786,normalized-power,good,p1078
2025-12-28T20:10:00Z,cab-d04,,pdu-main,total_cabinet,13.789,normalized-power,good,p1079
2025-12-28T20:15:00Z,cab-d04,,pdu-main,total_cabinet,13.792,normalized-power,good,p1080
2025-12-28T20:20:00Z,cab-d04,,pdu-main,total_cabinet,13.795,normalized-power,good,p1081
2025-12-28T20:25:00Z,cab-d04,,pdu-main,total_cabinet,13.798,normalized-power,good,p1082
2025-12-28T20:30:00Z,cab-d04,,pdu-main,total_cabinet,13.802,normalized-power,good,p1083
2025-12-28T20:35:00Z,cab-d04,,pdu-main,total_cabinet,13.805,normalized-power,good,p1084
2025-12-28T20:40:00Z,cab-d04,,pdu-main,total_cabinet,13.808,normalized-power,good,p1085
2025-12-28T20:45:00Z,cab-d04,,pdu-main,total_cabinet,13.812,normalized-power,good,p1086
2025-12-28T20:50:00Z,cab-d04,,pdu-main,total_cabinet,13.816,normalized-power,good,p1087
2025-12-28T20:55:00Z,cab-d04,,pdu-main,total_cabinet,13.819,normalized-power,good,p1088
2025-12-28T21:00:00Z,cab-d04,,pdu-main,total_cabinet,13.823,normalized-power,good,p1089
2025-12-28T21:05:00Z,cab-d04,,pdu-main,total_cabinet,13.827,normalized-power,good,p1090
2025-12-28T21:10:00Z,cab-d04,,pdu-main,total_cabinet,13.831,normalized-power,good,p1091
2025-12-28T21:15:00Z,cab-d04,,pdu-main,total_cabinet,13.835,normalized-power,good,p1092
2025-12-28T21:25:00Z,cab-d04,,pdu-main,total_cabinet,13.844,normalized-power,good,p1093
2025-12-28T21:30:00Z,cab-d04,,pdu-main,total_cabinet,13.848,normalized-power,good,p1094
2025-12-28T21:35:00Z,cab-d04,,pdu-main,total_cabinet,13.852,normalized-power,good,p1095
2025-12-28T21:40:00Z,cab-d04,,pdu-main,total_cabinet,13.857,normalized-power,good,p1096
2025-12-28T21:45:00Z,cab-d04,,pdu-main,total_cabinet,13.861,normalized-power,good,p1097
2025-12-28T21:50:00Z,cab-d04,,pdu-main,total_cabinet,13.866,normalized-power,good,p1098
2025-12-28T21:55:00Z,cab-d04,,pdu-main,total_cabinet,13.87,normalized-power,good,p1099
2025-12-28T22:00:00Z,cab-d04,,pdu-main,total_cabinet,13.875,normalized-power,good,p1100
2025-12-28T22:05:00Z,cab-d04,,pdu-main,total_cabinet,13.88,normalized-power,good,p1101
2025-12-28T22:10:00Z,cab-d04,,pdu-main,total_cabinet,13.885,normalized-power,good,p1102
2025-12-28T22:15:00Z,cab-d04,,pdu-main,total_cabinet,13.889,normalized-power,good,p1103
2025-12-28T22:20:00Z,cab-d04,,pdu-main,total_cabinet,13.894,normalized-power,good,p1104
2025-12-28T22:25:00Z,cab-d04,,pdu-main,total_cabinet,13.899,normalized-power,good,p1105
2025-12-28T22:30:00Z,cab-d04,,pdu-main,total_cabinet,13.904,normalized-power,good,p1106
2025-12-28T22:35:00Z,cab-d04,,pdu-main,total_cabinet,13.909,normalized-power,good,p1107
2025-12-28T22:40:00Z,cab-d04,,pdu-main,total_cabinet,13.914,normalized-power,good,p1108
2025-12-28T22:45:00Z,cab-d04,,pdu-main,total_cabinet,13.92,normalized-power,good,p1109
2025-12-28T22:50:00Z,cab-d04,,pdu-main,total_cabinet,13.925,normalized-power,good,p1110
2025-12-28T22:55:00Z,cab-d04,,pdu-main,total_cabinet,13.93,normalized-power,good,p1111
2025-12-28T23:00:00Z,cab-d04,,pdu-main,total_cabinet,13.935,normalized-power,good,p1112
2025-12-28T23:05:00Z,cab-d04,,pdu-main,total_cabinet,13.941,normalized-power,good,p1113
2025-12-28T23:10:00Z,cab-d04,,pdu-main,total_cabinet,13.946,normalized-power,good,p1114
2025-12-28T23:15:00Z,cab-d04,,pdu-main,total_cabinet,13.951,normalized-power,good,p1115
2025-12-28T23:20:00Z,cab-d04,,pdu-main,total_cabinet,13.957,normalized-power,good,p1116
2025-12-28T23:25:00Z,cab-d04,,pdu-main,total_cabinet,13.962,normalized-power,good,p1117
2025-12-28T23:30:00Z,cab-d04,,pdu-main,total_cabinet,13.967,normalized-power,good,p1118
2025-12-28T23:35:00Z,cab-d04,,pdu-main,total_cabinet,13.973,normalized-power,good,p1119
2025-12-28T23:40:00Z,cab-d04,,pdu-main,total_cabinet,13.978,normalized-power,good,p1120
2025-12-28T23:45:00Z,cab-d04,,pdu-main,total_cabinet,13.984,normalized-power,good,p1121
2025-12-28T23:50:00Z,cab-d04,,pdu-main,total_cabinet,13.989,normalized-power,good,p1122
2025-12-28T23:55:00Z,cab-d04,,pdu-main,total_cabinet,13.995,normalized-power,good,p1123
2025-12-29T00:00:00Z,cab-d04,,pdu-main,total_cabinet,14.0,normalized-power,good,p1124
2025-12-29T00:05:00Z,cab-d04,,pdu-main,total_cabinet,14.005,normalized-power,good,p1125
2025-12-29T00:10:00Z,cab-d04,,pdu-main,total_cabinet,14.011,normalized-power,good,p1126
2025-12-29T00:15:00Z,cab-d04,,pdu-main,total_cabinet,14.016,normalized-power,good,p1127
2025-12-29T00:20:00Z,cab-d04,,pdu-main,total_cabinet,14.022,normalized-power,good,p1128
2025-12-29T00:25:00Z,cab-d04,,pdu-main,total_cabinet,14.027,normalized-power,good,p1129
2025-12-29T00:30:00Z,cab-d04,,pdu-main,total_cabinet,14.033,normalized-power,good,p1130
2025-12-29T00:35:00Z,cab-d04,,pdu-main,total_cabinet,14.038,normalized-power,good,p1131
2025-12-29T00:45:00Z,cab-d04,,pdu-main,total_cabinet,14.049,normalized-power,good,p1132
2025-12-29T00:50:00Z,cab-d04,,pdu-main,total_cabinet,14.054,normalized-power,good,p1133
2025-12-29T00:55:00Z,cab-d04,,pdu-main,total_cabinet,14.059,normalized-power,good,p1134
2025-12-29T01:00:00Z,cab-d04,,pdu-main,total_cabinet,14.065,normalized-power,good,p1135
2025-12-29T01:05:00Z,cab-d04,,pdu-main,total_cabinet,14.07,normalized-power,good,p1136
2025-12-29T01:10:00Z,cab-d04,,pdu-main,total_cabinet,14.075,normalized-power,good,p1137
2025-12-29T01:15:00Z,cab-d04,,pdu-main,total_cabinet,14.08,normalized-power,good,p1138
2025-12-29T01:20:00Z,cab-d04,,pdu-main,total_cabinet,14.086,normalized-power,good,p1139
2025-12-29T01:25:00Z,cab-d04,,pdu-main,total_cabinet,14.091,normalized-power,good,p1140
2025-12-29T01:30:00Z,cab-d04,,pdu-main,total_cabinet,14.096,normalized-power,good,p1141
2025-12-29T01:35:00Z,cab-d04,,pdu-main,total_cabinet,14.101,normalized-power,good,p1142
2025-12-29T01:40:00Z,cab-d04,,pdu-main,total_cabinet,14.106,normalized-power,good,p1143
2025-12-29T01:45:00Z,cab-d04,,pdu-main,total_cabinet,14.111,normalized-power,good,p1144
2025-12-29T01:50:00Z,cab-d04,,pdu-main,total_cabinet,14.115,normalized-power,good,p1145
2025-12-29T01:55:00Z,cab-d04,,pdu-main,total_cabinet,14.12,normalized-power,good,p1146
2025-12-29T02:00:00Z,cab-d04,,pdu-main,total_cabinet,14.125,normalized-power,good,p1147
2025-12-29T02:05:00Z,cab-d04,,pdu-main,total_cabinet,14.13,normalized-power,good,p1148
2025-12-29T02:10:00Z,cab-d04,,pdu-main,total_cabinet,14.134,normalized-power,good,p1149
2025-12-29T02:15:00Z,cab-d04,,pdu-main,total_cabinet,14.139,normalized-power,good,p1150
2025-12-29T02:20:00Z,cab-d04,,pdu-main,total_cabinet,14.143,normalized-power,good,p1151
2025-12-29T02:25:00Z,cab-d04,,pdu-main,total_cabinet,14.148,normalized-power,good,p1152
2025-12-29T02:30:00Z,cab-d04,,pdu-main,total_cabinet,14.152,normalized-power,good,p1153
2025-12-29T02:35:00Z,cab-d04,,pdu-main,total_cabinet,14.156,normalized-power,good,p1154
2025-12-29T02:40:00Z,cab-d04,,pdu-main,total_cabinet,14.161,normalized-power,good,p1155
2025-12-29T02:45:00Z,cab-d04,,pdu-main,total_cabinet,14.165,normalized-power,good,p1156
2025-12-29T02:50:00Z,cab-d04,,pdu-main,total_cabinet,14.169,normalized-power,good,p1157
2025-12-29T02:55:00Z,cab-d04,,pdu-main,total_cabinet,14.173,normalized-power,good,p1158
2025-12-29T03:00:00Z,cab-d04,,pdu-main,total_cabinet,14.177,normalized-power,good,p1159
2025-12-29T03:05:00Z,cab-d04,,pdu-main,total_cabinet,14.181,normalized-power,good,p1160
2025-12-29T03:10:00Z,cab-d04,,pdu-main,total_cabinet,14.184,normalized-power,good,p1161
2025-12-29T03:15:00Z,cab-d04,,pdu-main,total_cabinet,14.188,normalized-power,good,p1162
2025-12-29T03:20:00Z,cab-d04,,pdu-main,total_cabinet,14.192,normalized-power,good,p1163
2025-12-29T03:25:00Z,cab-d04,,pdu-main,total_cabinet,14.195,normalized-power,good,p1164
2025-12-29T03:30:00Z,cab-d04,,pdu-main,total_cabinet,14.198,normalized-power,good,p1165
2025-12-29T03:35:00Z,cab-d04,,pdu-main,total_cabinet,14.202,normalized-power,good,p1166
2025-12-29T03:40:00Z,cab-d04,,pdu-main,total_cabinet,14.205,normalized-power,good,p1167
2025-12-29T03:45:00Z,cab-d04,,pdu-main,total_cabinet,14.208,normalized-power,good,p1168
2025-12-29T03:50:00Z,cab-d04,,pdu-main,total_cabinet,14.211,normalized-power,good,p1169
2025-12-29T03:55:00Z,cab-d04,,pdu-main,total_cabinet,14.214,normalized-power,good,p1170
2025-12-29T04:05:00Z,cab-d04,,pdu-main,total_cabinet,14.219,normalized-power,good,p1171
2025-12-29T04:10:00Z,cab-d04,,pdu-main,total_cabinet,14.222,normalized-power,good,p1172
2025-12-29T04:15:00Z,cab-d04,,pdu-main,total_cabinet,14.224,normalized-power,good,p1173
2025-12-29T04:20:00Z,cab-d04,,pdu-main,total_cabinet,14.227,normalized-power,good,p1174
2025-12-29T04:25:00Z,cab-d04,,pdu-main,total_cabinet,14.229,normalized-power,good,p1175
2025-12-29T04:30:00Z,cab-d04,,pdu-main,total_cabinet,14.231,normalized-power,good,p1176
2025-12-29T04:35:00Z,cab-d04,,pdu-main,total_cabinet,14.233,normalized-power,good,p1177
2025-12-29T04:40:00Z,cab-d04,,pdu-main,total_cabinet,14.235,normalized-power,good,p1178
2025-12-29T04:45:00Z,cab-d04,,pdu-main,total_cabinet,14.237,normalized-power,good,p1179
2025-12-29T04:50:00Z,cab-d04,,pdu-main,total_cabinet,14.238,normalized-power,good,p1180
2025-12-29T04:55:00Z,cab-d04,,pdu-main,total_cabinet,14.24,normalized-power,good,p1181
2025-12-29T05:00:00Z,cab-d04,,pdu-main,total_cabinet,14.241,normalized-power,good,p1182
2025-12-29T05:05:00Z,cab-d04,,pdu-main,total_cabinet,14.243,normalized-power,good,p1183
2025-12-29T05:10:00Z,cab-d04,,pdu-main,total_cabinet,14.244,normalized-power,good,p1184
2025-12-29T05:15:00Z,cab-d04,,pdu-main,total_cabinet,14.245,normalized-power,good,p1185
2025-12-29T05:20:00Z,cab-d04,,pdu-main,total_cabinet,14.246,normalized-power,good,p1186
2025-12-29T05:25:00Z,cab-d04,,pdu-main,total_cabinet,14.247,normalized-power,good,p1187
2025-12-29T05:30:00Z,cab-d04,,pdu-main,total_cabinet,14.248,normalized-power,good,p1188
2025-12-29T05:35:00Z,cab-d04,,pdu-main,total_cabinet,14.249,normalized-power,good,p1189
2025-12-29T05:40:00Z,cab-d04,,pdu-main,total_cabinet,14.249,normalized-power,good,p1190
2025-12-29T05:45:00Z,cab-d04,,pdu-main,total_cabinet,14.249,normalized-power,good,p1191
2025-12-29T05:50:00Z,cab-d04,,pdu-main,total_cabinet,14.25,normalized-power,good,p1192
2025-12-29T05:55:00Z,cab-d04,,pdu-main,total_cabinet,14.25,normalized-power,good,p1193
2025-12-29T06:00:00Z,cab-d04,,pdu-main,total_cabinet,14.25,normalized-power,good,p1194
2025-12-29T06:05:00Z,cab-d04,,pdu-main,total_cabinet,14.25,normalized-power,good,p1195
2025-12-29T06:10:00Z,cab-d04,,pdu-main,total_cabinet,14.25,normalized-power,good,p1196
2025-12-29T06:15:00Z,cab-d04,,pdu-main,total_cabinet,14.249,normalized-power,good,p1197
2025-12-29T06:20:00Z,cab-d04,,pdu-main,total_cabinet,14.249,normalized-power,good,p1198
2025-12-29T06:25:00Z,cab-d04,,pdu-main,total_cabinet,14.249,normalized-power,good,p1199
2025-12-29T06:30:00Z,cab-d04,,pdu-main,total_cabinet,14.248,normalized-power,good,p1200
2025-12-29T06:35:00Z,cab-d04,,pdu-main,total_cabinet,14.247,normalized-power,good,p1201
2025-12-29T06:40:00Z,cab-d04,,pdu-main,total_cabinet,14.246,normalized-power,good,p1202
2025-12-29T06:45:00Z,cab-d04,,pdu-main,total_cabinet,14.245,normalized-power,good,p1203
2025-12-29T06:50:00Z,cab-d04,,pdu-main,total_cabinet,14.244,normalized-power,good,p1204
2025-12-29T06:55:00Z,cab-d04,,pdu-main,total_cabinet,14.243,normalized-power,good,p1205
2025-12-29T07:00:00Z,cab-d04,,pdu-main,total_cabinet,14.241,normalized-power,good,p1206
2025-12-29T07:05:00Z,cab-d04,,pdu-main,total_cabinet,14.24,normalized-power,good,p1207
2025-12-29T07:10:00Z,cab-d04,,pdu-main,total_cabinet,14.238,normalized-power,good,p1208
2025-12-29T07:15:00Z,cab-d04,,pdu-main,total_cabinet,14.237,normalized-power,good,p1209
2025-12-29T07:25:00Z,cab-d04,,pdu-main,total_cabinet,14.233,normalized-power,good,p1210
2025-12-29T07:30:00Z,cab-d04,,pdu-main,total_cabinet,14.231,normalized-power,good,p1211
2025-12-29T07:35:00Z,cab-d04,,pdu-main,total_cabinet,14.229,normalized-power,good,p1212
2025-12-29T07:40:00Z,cab-d04,,pdu-main,total_cabinet,14.227,normalized-power,good,p1213
2025-12-29T07:45:00Z,cab-d04,,pdu-main,total_cabinet,14.224,normalized-power,good,p1214
2025-12-29T07:50:00Z,cab-d04,,pdu-main,total_cabinet,14.222,normalized-power,good,p1215
2025-12-29T07:55:00Z,cab-d04,,pdu-main,total_cabinet,14.219,normalized-power,good,p1216
2025-12-29T08:00:00Z,cab-d04,,pdu-main,total_cabinet,14.217,normalized-power,good,p1217
2025-12-29T08:05:00Z,cab-d04,,pdu-main,total_cabinet,14.214,normalized-power,good,p1218
2025-12-29T08:10:00Z,cab-d04,,pdu-main,total_cabinet,14.211,normalized-power,good,p1219
2025-12-29T08:15:00Z,cab-d04,,pdu-main,total_cabinet,14.208,normalized-power,good,p1220
2025-12-29T08:20:00Z,cab-d04,,pdu-main,total_cabinet,14.205,normalized-power,good,p1221
2025-12-29T08:25:00Z,cab-d04,,pdu-main,total_cabinet,14.202,normalized-power,good,p1222
2025-12-29T08:30:00Z,cab-d04,,pdu-main,total_cabinet,14.198,normalized-power,good,p1223
2025-12-29T08:35:00Z,cab-d04,,pdu-main,total_cabinet,14.195,normalized-power,good,p1224
2025-12-29T08:40:00Z,cab-d04,,pdu-main,total_cabinet,14.192,normalized-power,good,p1225
2025-12-29T08:45:00Z,cab-d04,,pdu-main,total_cabinet,14.188,normalized-power,good,p1226
2025-12-29T08:50:00Z,cab-d04,,pdu-main,total_cabinet,14.184,normalized-power,good,p1227
2025-12-29T08:55:00Z,cab-d04,,pdu-main,total_cabinet,14.181,normalized-power,good,p1228
2025-12-29T09:00:00Z,cab-d04,,pdu-main,total_cabinet,14.177,normalized-power,good,p1229
2025-12-29T09:05:00Z,cab-d04,,pdu-main,total_cabinet,14.173,normalized-power,good,p1230
2025-12-29T09:10:00Z,cab-d04,,pdu-main,total_cabinet,14.169,normalized-power,good,p1231
2025-12-29T09:15:00Z,cab-d04,,pdu-main,total_cabinet,14.165,normalized-power,good,p1232
2025-12-29T09:20:00Z,cab-d04,,pdu-main,total_cabinet,14.161,normalized-power,good,p1233
2025-12-29T09:25:00Z,cab-d04,,pdu-main,total_cabinet,14.156,normalized-power,good,p1234
2025-12-29T09:30:00Z,cab-d04,,pdu-main,total_cabinet,14.152,normalized-power,good,p1235
2025-12-29T09:35:00Z,cab-d04,,pdu-main,total_cabinet,14.148,normalized-power,good,p1236
2025-12-29T09:40:00Z,cab-d04,,pdu-main,total_cabinet,14.143,normalized-power,good,p1237
2025-12-29T09:45:00Z,cab-d04,,pdu-main,total_cabinet,14.139,normalized-power,good,p1238
2025-12-29T09:50:00Z,cab-d04,,pdu-main,total_cabinet,14.134,normalized-power,good,p1239
2025-12-29T09:55:00Z,cab-d04,,pdu-main,total_cabinet,14.13,normalized-power,good,p1240
2025-12-29T10:00:00Z,cab-d04,,pdu-main,total_cabinet,14.125,normalized-power,good,p1241
2025-12-29T10:05:00Z,cab-d04,,pdu-main,total_cabinet,14.12,normalized-power,good,p1242
2025-12-29T10:10:00Z,cab-d04,,pdu-main,total_cabinet,14.115,normalized-power,good,p1243
2025-12-29T10:15:00Z,cab-d04,,pdu-main,total_cabinet,14.111,normalized-power,good,p1244
2025-12-29T10:20:00Z,cab-d04,,pdu-main,total_cabinet,14.106,normalized-power,good,p1245
2025-12-29T10:25:00Z,cab-d04,,pdu-main,total_cabinet,14.101,normalized-power,good,p1246
2025-12-29T10:30:00Z,cab-d04,,pdu-main,total_cabinet,14.096,normalized-power,good,p1247
2025-12-29T10:35:00Z,cab-d04,,pdu-main,total_cabinet,14.091,normalized-power,good,p1248
2025-12-29T10:45:00Z,cab-d04,,pdu-main,total_cabinet,14.08,normalized-power,good,p1249
2025-12-29T10:50:00Z,cab-d04,,pdu-main,total_cabinet,14.075,normalized-power,good,p1250
2025-12-29T10:55:00Z,cab-d04,,pdu-main,total_cabinet,14.07,normalized-power,good,p1251
2025-12-29T11:00:00Z,cab-d04,,pdu-main,total_cabinet,14.065,normalized-power,good,p1252
2025-12-29T11:05:00Z,cab-d04,,pdu-main,total_cabinet,14.059,normalized-power,good,p1253
2025-12-29T11:10:00Z,cab-d04,,pdu-main,total_cabinet,14.054,normalized-power,good,p1254
2025-12-29T11:15:00Z,cab-d04,,pdu-main,total_cabinet,14.049,normalized-power,good,p1255
2025-12-29T11:20:00Z,cab-d04,,pdu-main,total_cabinet,14.043,normalized-power,good,p1256
2025-12-29T11:25:00Z,cab-d04,,pdu-main,total_cabinet,14.038,normalized-power,good,p1257
2025-12-29T11:30:00Z,cab-d04,,pdu-main,total_cabinet,14.033,normalized-power,good,p1258
2025-12-29T11:35:00Z,cab-d04,,pdu-main,total_cabinet,14.027,normalized-power,good,p1259
2025-12-29T11:40:00Z,cab-d04,,pdu-main,total_cabinet,14.022,normalized-power,good,p1260
2025-12-29T11:45:00Z,cab-d04,,pdu-main,total_cabinet,14.016,normalized-power,good,p1261
2025-12-29T11:50:00Z,cab-d04,,pdu-main,total_cabinet,14.011,normalized-power,good,p1262
2025-12-29T11:55:00Z,cab-d04,,pdu-main,total_cabinet,14.005,normalized-power,good,p1263
2025-12-29T12:00:00Z,cab-d04,,pdu-main,total_cabinet,14.0,normalized-power,good,p1264
2025-12-29T12:05:00Z,cab-d04,,pdu-main,total_cabinet,13.995,normalized-power,good,p1265
2025-12-29T12:10:00Z,cab-d04,,pdu-main,total_cabinet,13.989,normalized-power,good,p1266
2025-12-29T12:15:00Z,cab-d04,,pdu-main,total_cabinet,13.984,normalized-power,good,p1267
2025-12-29T12:20:00Z,cab-d04,,pdu-main,total_cabinet,13.978,normalized-power,good,p1268
2025-12-29T12:25:00Z,cab-d04,,pdu-main,total_cabinet,13.973,normalized-power,good,p1269
2025-12-29T12:30:00Z,cab-d04,,pdu-main,total_cabinet,13.967,normalized-power,good,p1270
2025-12-29T12:35:00Z,cab-d04,,pdu-main,total_cabinet,13.962,normalized-power,good,p1271
2025-12-29T12:40:00Z,cab-d04,,pdu-main,total_cabinet,13.957,normalized-power,good,p1272
2025-12-29T12:45:00Z,cab-d04,,pdu-main,total_cabinet,13.951,normalized-power,good,p1273
2025-12-29T12:50:00Z,cab-d04,,pdu-main,total_cabinet,13.946,normalized-power,good,p1274
2025-12-29T12:55:00Z,cab-d04,,pdu-main,total_cabinet,13.941,normalized-power,good,p1275
2025-12-29T13:00:00Z,cab-d04,,pdu-main,total_cabinet,13.935,normalized-power,good,p1276
2025-12-29T13:05:00Z,cab-d04,,pdu-main,total_cabinet,13.93,normalized-power,good,p1277
2025-12-29T13:10:00Z,cab-d04,,pdu-main,total_cabinet,13.925,normalized-power,good,p1278
2025-12-29T13:15:00Z,cab-d04,,pdu-main,total_cabinet,13.92,normalized-power,good,p1279
2025-12-29T13:20:00Z,cab-d04,,pdu-main,total_cabinet,13.914,normalized-power,good,p1280
2025-12-29T13:25:00Z,cab-d04,,pdu-main,total_cabinet,13.909,normalized-power,good,p1281
2025-12-29T13:30:00Z,cab-d04,,pdu-main,total_cabinet,13.904,normalized-power,good,p1282
2025-12-29T13:35:00Z,cab-d04,,pdu-main,total_cabinet,13.899,normalized-power,good,p1283
2025-12-29T13:40:00Z,cab-d04,,pdu-main,total_cabinet,13.894,normalized-power,good,p1284
2025-12-29T13:45:00Z,cab-d04,,pdu-main,total_cabinet,13.889,normalized-power,good,p1285
2025-12-29T13:50:00Z,cab-d04,,pdu-main,total_cabinet,13.885,normalized-power,good,p1286
2025-12-29T13:55:00Z,cab-d04,,pdu-main,total_cabinet,13.88,normalized-power,good,p1287
2025-12-29T14:05:00Z,cab-d04,,pdu-main,total_cabinet,13.87,normalized-power,good,p1288
2025-12-29T14:10:00Z,cab-d04,,pdu-main,total_cabinet,13.866,normalized-power,good,p1289
2025-12-29T14:15:00Z,cab-d04,,pdu-main,total_cabinet,13.861,normalized-power,good,p1290
2025-12-29T14:20:00Z,cab-d04,,pdu-main,total_cabinet,13.857,normalized-power,good,p1291
2025-12-29T14:25:00Z,cab-d04,,pdu-main,total_cabinet,13.852,normalized-power,good,p1292
2025-12-29T14:30:00Z,cab-d04,,pdu-main,total_cabinet,13.848,normalized-power,good,p1293
2025-12-29T14:35:00Z,cab-d04,,pdu-main,total_cabinet,13.844,normalized-power,good,p1294
2025-12-29T14:40:00Z,cab-d04,,pdu-main,total_cabinet,13.839,normalized-power,good,p1295
2025-12-29T14:45:00Z,cab-d04,,pdu-main,total_cabinet,13.835,normalized-power,good,p1296
2025-12-29T14:50:00Z,cab-d04,,pdu-main,total_cabinet,13.831,normalized-power,good,p1297
2025-12-29T14:55:00Z,cab-d04,,pdu-main,total_cabinet,13.827,normalized-power,good,p1298
2025-12-29T15:00:00Z,cab-d04,,pdu-main,total_cabinet,13.823,normalized-power,good,p1299
2025-12-29T15:05:00Z,cab-d04,,pdu-main,total_cabinet,13.819,normalized-power,good,p1300
2025-12-29T15:10:00Z,cab-d04,,pdu-main,total_cabinet,13.816,normalized-power,good,p1301
2025-12-29T15:15:00Z,cab-d04,,pdu-main,total_cabinet,13.812,normalized-power,good,p1302
2025-12-29T15:20:00Z,cab-d04,,pdu-main,total_cabinet,13.808,normalized-power,good,p1303
2025-12-29T15:25:00Z,cab-d04,,pdu-main,total_cabinet,13.805,normalized-power,good,p1304
2025-12-29T15:30:00Z,cab-d04,,pdu-main,total_cabinet,13.802,normalized-power,good,p1305
2025-12-29T15:35:00Z,cab-d04,,pdu-main,total_cabinet,13.798,normalized-power,good,p1306
2025-12-29T15:40:00Z,cab-d04,,pdu-main,total_cabinet,13.795,normalized-power,good,p1307
2025-12-29T15:45:00Z,cab-d04,,pdu-main,total_cabinet,13.792,normalized-power,good,p1308
2025-12-29T15:50:00Z,cab-d04,,pdu-main,total_cabinet,13.789,normalized-power,good,p1309
2025-12-29T15:55:00Z,cab-d04,,pdu-main,total_cabinet,13.786,normalized-power,good,p1310
2025-12-29T16:00:00Z,cab-d04,,pdu-main,total_cabinet,13.783,normalized-power,good,p1311
2025-12-29T16:05:00Z,cab-d04,,pdu-main,total_cabinet,13.781,normalized-power,good,p1312
2025-12-29T16:10:00Z,cab-d04,,pdu-main,total_cabinet,13.778,normalized-power,good,p1313
2025-12-29T16:15:00Z,cab-d04,,pdu-main,total_cabinet,13.776,normalized-power,good,p1314
2025-12-29T16:20:00Z,cab-d04,,pdu-main,total_cabinet,13.773,normalized-power,good,p1315
2025-12-29T16:25:00Z,cab-d04,,pdu-main,total_cabinet,13.771,normalized-power,good,p1316
2025-12-29T16:30:00Z,cab-d04,,pdu-main,total_cabinet,13.769,normalized-power,good,p1317
2025-12-29T16:35:00Z,cab-d04,,pdu-main,total_cabinet,13.767,normalized-power,good,p1318
2025-12-29T16:40:00Z,cab-d04,,pdu-main,total_cabinet,13.765,normalized-power,good,p1319
2025-12-29T16:45:00Z,cab-d04,,pdu-main,total_cabinet,13.763,normalized-power,good,p1320
2025-12-29T16:50:00Z,cab-d04,,pdu-main,total_cabinet,13.762,normalized-power,good,p1321
2025-12-29T16:55:00Z,cab-d04,,pdu-main,total_cabinet,13.76,normalized-power,good,p1322
2025-12-29T17:00:00Z,cab-d04,,pdu-main,total_cabinet,13.759,normalized-power,good,p1323
2025-12-29T17:05:00Z,cab-d04,,pdu-main,total_cabinet,13.757,normalized-power,good,p1324
2025-12-29T17:10:00Z,cab-d04,,pdu-main,total_cabinet,13.756,normalized-power,good,p1325
2025-12-29T17:15:00Z,cab-d04,,pdu-main,total_cabinet,13.755,normalized-power,good,p1326
2025-12-29T17:25:00Z,cab-d04,,pdu-main,total_cabinet,13.753,normalized-power,good,p1327
2025-12-29T17:30:00Z,cab-d04,,pdu-main,total_cabinet,13.752,normalized-power,good,p1328
2025-12-29T17:35:00Z,cab-d04,,pdu-main,total_cabinet,13.751,normalized-power,good,p1329
2025-12-29T17:40:00Z,cab-d04,,pdu-main,total_cabinet,13.751,normalized-power,good,p1330
2025-12-29T17:45:00Z,cab-d04,,pdu-main,total_cabinet,13.751,normalized-power,good,p1331
2025-12-29T17:50:00Z,cab-d04,,pdu-main,total_cabinet,13.75,normalized-power,good,p1332
2025-12-29T17:55:00Z,cab-d04,,pdu-main,total_cabinet,13.75,normalized-power,good,p1333
2025-12-29T18:00:00Z,cab-d04,,pdu-main,total_cabinet,13.75,normalized-power,good,p1334
2025-12-29T18:05:00Z,cab-d04,,pdu-main,total_cabinet,13.75,normalized-power,good,p1335
2025-12-29T18:10:00Z,cab-d04,,pdu-main,total_cabinet,13.75,normalized-power,good,p1336
2025-12-29T18:15:00Z,cab-d04,,pdu-main,total_cabinet,13.751,normalized-power,good,p1337
2025-12-29T18:20:00Z,cab-d04,,pdu-main,total_cabinet,13.751,normalized-power,good,p1338
2025-12-29T18:25:00Z,cab-d04,,pdu-main,total_cabinet,13.751,normalized-power,good,p1339
2025-12-29T18:30:00Z,cab-d04,,pdu-main,total_cabinet,13.752,normalized-power,good,p1340
2025-12-29T18:35:00Z,cab-d04,,pdu-main,total_cabinet,13.753,normalized-power,good,p1341
2025-12-29T18:40:00Z,cab-d04,,pdu-main,total_cabinet,13.754,normalized-power,good,p1342
2025-12-29T18:45:00Z,cab-d04,,pdu-main,total_cabinet,13.755,normalized-power,good,p1343
2025-12-29T18:50:00Z,cab-d04,,pdu-main,total_cabinet,13.756,normalized-power,good,p1344
2025-12-29T18:55:00Z,cab-d04,,pdu-main,total_cabinet,13.757,normalized-power,good,p1345
2025-12-29T19:00:00Z,cab-d04,,pdu-main,total_cabinet,13.759,normalized-power,good,p1346
2025-12-29T19:05:00Z,cab-d04,,pdu-main,total_cabinet,13.76,normalized-power,good,p1347
2025-12-29T19:10:00Z,cab-d04,,pdu-main,total_cabinet,13.762,normalized-power,good,p1348
2025-12-29T19:15:00Z,cab-d04,,pdu-main,total_cabinet,13.763,normalized-power,good,p1349
2025-12-29T19:20:00Z,cab-d04,,pdu-main,total_cabinet,13.765,normalized-power,good,p1350
2025-12-29T19:25:00Z,cab-d04,,pdu-main,total_cabinet,13.767,normalized-power,good,p1351
2025-12-29T19:30:00Z,cab-d04,,pdu-main,total_cabinet,13.769,normalized-power,good,p1352
2025-12-29T19:35:00Z,cab-d04,,pdu-main,total_cabinet,13.771,normalized-power,good,p1353
2025-12-29T19:40:00Z,cab-d04,,pdu-main,total_cabinet,13.773,normalized-power,good,p1354
2025-12-29T19:45:00Z,cab-d04,,pdu-main,total_cabinet,13.776,normalized-power,good,p1355
2025-12-29T19:50:00Z,cab-d04,,pdu-main,total_cabinet,13.778,normalized-power,good,p1356
2025-12-29T19:55:00Z,cab-d04,,pdu-main,total_cabinet,13.781,normalized-power,good,p1357
2025-12-29T20:00:00Z,cab-d04,,pdu-main,total_cabinet,13.783,normalized-power,good,p1358
2025-12-29T20:05:00Z,cab-d04,,pdu-main,total_cabinet,13.786,normalized-power,good,p1359
2025-12-29T20:10:00Z,cab-d04,,pdu-main,total_cabinet,13.789,normalized-power,good,p1360
2025-12-29T20:15:00Z,cab-d04,,pdu-main,total_cabinet,13.792,normalized-power,good,p1361
2025-12-29T20:20:00Z,cab-d04,,pdu-main,total_cabinet,13.795,normalized-power,good,p1362
2025-12-29T20:25:00Z,cab-d04,,pdu-main,total_cabinet,13.798,normalized-power,good,p1363
2025-12-29T20:30:00Z,cab-d04,,pdu-main,total_cabinet,13.802,normalized-power,good,p1364
2025-12-29T20:35:00Z,cab-d04,,pdu-main,total_cabinet,13.805,normalized-power,good,p1365
2025-12-29T20:45:00Z,cab-d04,,pdu-main,total_cabinet,13.812,normalized-power,good,p1366
2025-12-29T20:50:00Z,cab-d04,,pdu-main,total_cabinet,13.816,normalized-power,good,p1367
2025-12-29T20:55:00Z,cab-d04,,pdu-main,total_cabinet,13.819,normalized-power,good,p1368
2025-12-29T21:00:00Z,cab-d04,,pdu-main,total_cabinet,13.823,normalized-power,good,p1369
2025-12-29T21:05:00Z,cab-d04,,pdu-main,total_cabinet,13.827,normalized-power,good,p1370
2025-12-29T21:10:00Z,cab-d04,,pdu-main,total_cabinet,13.831,normalized-power,good,p1371
2025-12-29T21:15:00Z,cab-d04,,pdu-main,total_cabinet,13.835,normalized-power,good,p1372
2025-12-29T21:20:00Z,cab-d04,,pdu-main,total_cabinet,13.839,normalized-power,good,p1373
2025-12-29T21:25:00Z,cab-d04,,pdu-main,total_cabinet,13.844,normalized-power,good,p1374
2025-12-29T21:30:00Z,cab-d04,,pdu-main,total_cabinet,13.848,normalized-power,good,p1375
2025-12-29T21:35:00Z,cab-d04,,pdu-main,total_cabinet,13.852,normalized-power,good,p1376
2025-12-29T21:40:00Z,cab-d04,,pdu-main,total_cabinet,13.857,normalized-power,good,p1377
2025-12-29T21:45:00Z,cab-d04,,pdu-main,total_cabinet,13.861,normalized-power,good,p1378
2025-12-29T21:50:00Z,cab-d04,,pdu-main,total_cabinet,13.866,normalized-power,good,p1379
2025-12-29T21:55:00Z,cab-d04,,pdu-main,total_cabinet,13.87,normalized-power,good,p1380
2025-12-29T22:00:00Z,cab-d04,,pdu-main,total_cabinet,13.875,normalized-power,good,p1381
2025-12-29T22:05:00Z,cab-d04,,pdu-main,total_cabinet,13.88,normalized-power,good,p1382
2025-12-29T22:10:00Z,cab-d04,,pdu-main,total_cabinet,13.885,normalized-power,good,p1383
2025-12-29T22:15:00Z,cab-d04,,pdu-main,total_cabinet,13.889,normalized-power,good,p1384
2025-12-29T22:20:00Z,cab-d04,,pdu-main,total_cabinet,13.894,normalized-power,good,p1385
2025-12-29T22:25:00Z,cab-d04,,pdu-main,total_cabinet,13.899,normalized-power,good,p1386
2025-12-29T22:30:00Z,cab-d04,,pdu-main,total_cabinet,13.904,normalized-power,good,p1387
2025-12-29T22:35:00Z,cab-d04,,pdu-main,total_cabinet,13.909,normalized-power,good,p1388
2025-12-29T22:40:00Z,cab-d04,,pdu-main,total_cabinet,13.914,normalized-power,good,p1389
2025-12-29T22:45:00Z,cab-d04,,pdu-main,total_cabinet,13.92,normalized-power,good,p1390
2025-12-29T22:50:00Z,cab-d04,,pdu-main,total_cabinet,13.925,normalized-power,good,p1391
2025-12-29T22:55:00Z,cab-d04,,pdu-main,total_cabinet,13.93,normalized-power,good,p1392
2025-12-29T23:00:00Z,cab-d04,,pdu-main,total_cabinet,13.935,normalized-power,good,p1393
2025-12-29T23:05:00Z,cab-d04,,pdu-main,total_cabinet,13.941,normalized-power,good,p1394
2025-12-29T23:10:00Z,cab-d04,,pdu-main,total_cabinet,13.946,normalized-power,good,p1395
2025-12-29T23:15:00Z,cab-d04,,pdu-main,total_cabinet,13.951,normalized-power,good,p1396
2025-12-29T23:20:00Z,cab-d04,,pdu-main,total_cabinet,13.957,normalized-power,good,p1397
2025-12-29T23:25:00Z,cab-d04,,pdu-main,total_cabinet,13.962,normalized-power,good,p1398
2025-12-29T23:30:00Z,cab-d04,,pdu-main,total_cabinet,13.967,normalized-power,good,p1399
2025-12-29T23:35:00Z,cab-d04,,pdu-main,total_cabinet,13.973,normalized-power,good,p1400
2025-12-29T23:40:00Z,cab-d04,,pdu-main,total_cabinet,13.978,normalized-power,good,p1401
2025-12-29T23:45:00Z,cab-d04,,pdu-main,total_cabinet,13.984,normalized-power,good,p1402
2025-12-29T23:50:00Z,cab-d04,,pdu-main,total_cabinet,13.989,normalized-power,good,p1403
2025-12-29T23:55:00Z,cab-d04,,pdu-main,total_cabinet,13.995,normalized-power,good,p1404
2025-12-30T00:05:00Z,cab-d04,,pdu-main,total_cabinet,14.005,normalized-power,good,p1405
2025-12-30T00:10:00Z,cab-d04,,pdu-main,total_cabinet,14.011,normalized-power,good,p1406
2025-12-30T00:15:00Z,cab-d04,,pdu-main,total_cabinet,14.016,normalized-power,good,p1407
2025-12-30T00:20:00Z,cab-d04,,pdu-main,total_cabinet,14.022,normalized-power,good,p1408
2025-12-30T00:25:00Z,cab-d04,,pdu-main,total_cabinet,14.027,normalized-power,good,p1409
2025-12-30T00:30:00Z,cab-d04,,pdu-main,total_cabinet,14.033,normalized-power,good,p1410
2025-12-30T00:35:00Z,cab-d04,,pdu-main,total_cabinet,14.038,normalized-power,good,p1411
2025-12-30T00:40:00Z,cab-d04,,pdu-main,total_cabinet,14.043,normalized-power,good,p1412
2025-12-30T00:45:00Z,cab-d04,,pdu-main,total_cabinet,14.049,normalized-power,good,p1413
2025-12-30T00:50:00Z,cab-d04,,pdu-main,total_cabinet,14.054,normalized-power,good,p1414
2025-12-30T00:55:00Z,cab-d04,,pdu-main,total_cabinet,14.059,normalized-power,good,p1415
2025-12-30T01:00:00Z,cab-d04,,pdu-main,total_cabinet,14.065,normalized-power,good,p1416
2025-12-30T01:05:00Z,cab-d04,,pdu-main,total_cabinet,14.07,normalized-power,good,p1417
2025-12-30T01:10:00Z,cab-d04,,pdu-main,total_cabinet,14.075,normalized-power,good,p1418
2025-12-30T01:15:00Z,cab-d04,,pdu-main,total_cabinet,14.08,normalized-power,good,p1419
2025-12-30T01:20:00Z,cab-d04,,pdu-main,total_cabinet,14.086,normalized-power,good,p1420
2025-12-30T01:25:00Z,cab-d04,,pdu-main,total_cabinet,14.091,normalized-power,good,p1421
2025-12-30T01:30:00Z,cab-d04,,pdu-main,total_cabinet,14.096,normalized-power,good,p1422
2025-12-30T01:35:00Z,cab-d04,,pdu-main,total_cabinet,14.101,normalized-power,good,p1423
2025-12-30T01:40:00Z,cab-d04,,pdu-main,total_cabinet,14.106,normalized-power,good,p1424
2025-12-30T01:45:00Z,cab-d04,,pdu-main,total_cabinet,14.111,normalized-power,good,p1425
2025-12-30T01:50:00Z,cab-d04,,pdu-main,total_cabinet,14.115,normalized-power,good,p1426
2025-12-30T01:55:00Z,cab-d04,,pdu-main,total_cabinet,14.12,normalized-power,good,p1427
2025-12-30T02:00:00Z,cab-d04,,pdu-main,total_cabinet,14.125,normalized-power,good,p1428
2025-12-30T02:05:00Z,cab-d04,,pdu-main,total_cabinet,14.13,normalized-power,good,p1429
2025-12-30T02:10:00Z,cab-d04,,pdu-main,total_cabinet,14.134,normalized-power,good,p1430
2025-12-30T02:15:00Z,cab-d04,,pdu-main,total_cabinet,14.139,normalized-power,good,p1431
2025-12-30T02:20:00Z,cab-d04,,pdu-main,total_cabinet,14.143,normalized-power,good,p1432
2025-12-30T02:25:00Z,cab-d04,,pdu-main,total_cabinet,14.148,normalized-power,good,p1433
2025-12-30T02:30:00Z,cab-d04,,pdu-main,total_cabinet,14.152,normalized-power,good,p1434
2025-12-30T02:35:00Z,cab-d04,,pdu-main,total_cabinet,14.156,normalized-power,good,p1435
2025-12-30T02:40:00Z,cab-d04,,pdu-main,total_cabinet,14.161,normalized-power,good,p1436
2025-12-30T02:45:00Z,cab-d04,,pdu-main,total_cabinet,14.165,normalized-power,good,p1437
2025-12-30T02:50:00Z,cab-d04,,pdu-main,total_cabinet,14.169,normalized-power,good,p1438
2025-12-30T02:55:00Z,cab-d04,,pdu-main,total_cabinet,14.173,normalized-power,good,p1439
2025-12-30T03:00:00Z,cab-d04,,pdu-main,total_cabinet,14.177,normalized-power,good,p1440
2025-12-30T03:05:00Z,cab-d04,,pdu-main,total_cabinet,14.181,normalized-power,good,p1441
2025-12-30T03:10:00Z,cab-d04,,pdu-main,total_cabinet,14.184,normalized-power,good,p1442
2025-12-30T03:15:00Z,cab-d04,,pdu-main,total_cabinet,14.188,normalized-power,good,p1443
2025-12-30T03:25:00Z,cab-d04,,pdu-main,total_cabinet,14.195,normalized-power,good,p1444
2025-12-30T03:30:00Z,cab-d04,,pdu-main,total_cabinet,14.198,normalized-power,good,p1445
2025-12-30T03:35:00Z,cab-d04,,pdu-main,total_cabinet,14.202,normalized-power,good,p1446
2025-12-30T03:40:00Z,cab-d04,,pdu-main,total_cabinet,14.205,normalized-power,good,p1447
2025-12-30T03:45:00Z,cab-d04,,pdu-main,total_cabinet,14.208,normalized-power,good,p1448
2025-12-30T03:50:00Z,cab-d04,,pdu-main,total_cabinet,14.211,normalized-power,good,p1449
2025-12-30T03:55:00Z,cab-d04,,pdu-main,total_cabinet,14.214,normalized-power,good,p1450
2025-12-30T04:00:00Z,cab-d04,,pdu-main,total_cabinet,14.217,normalized-power,good,p1451
2025-12-30T04:05:00Z,cab-d04,,pdu-main,total_cabinet,14.219,normalized-power,good,p1452
2025-12-30T04:10:00Z,cab-d04,,pdu-main,total_cabinet,14.222,normalized-power,good,p1453
2025-12-30T04:15:00Z,cab-d04,,pdu-main,total_cabinet,14.224,normalized-power,good,p1454
2025-12-30T04:20:00Z,cab-d04,,pdu-main,total_cabinet,14.227,normalized-power,good,p1455
2025-12-30T04:25:00Z,cab-d04,,pdu-main,total_cabinet,14.229,normalized-power,good,p1456
2025-12-30T04:30:00Z,cab-d04,,pdu-main,total_cabinet,14.231,normalized-power,good,p1457
2025-12-30T04:35:00Z,cab-d04,,pdu-main,total_cabinet,14.233,normalized-power,good,p1458
2025-12-30T04:40:00Z,cab-d04,,pdu-main,total_cabinet,14.235,normalized-power,good,p1459
2025-12-30T04:45:00Z,cab-d04,,pdu-main,total_cabinet,14.237,normalized-power,good,p1460
2025-12-30T04:50:00Z,cab-d04,,pdu-main,total_cabinet,14.238,normalized-power,good,p1461
2025-12-30T04:55:00Z,cab-d04,,pdu-main,total_cabinet,14.24,normalized-power,good,p1462
2025-12-30T05:00:00Z,cab-d04,,pdu-main,total_cabinet,14.241,normalized-power,good,p1463
2025-12-30T05:05:00Z,cab-d04,,pdu-main,total_cabinet,14.243,normalized-power,good,p1464
2025-12-30T05:10:00Z,cab-d04,,pdu-main,total_cabinet,14.244,normalized-power,good,p1465
2025-12-30T05:15:00Z,cab-d04,,pdu-main,total_cabinet,14.245,normalized-power,good,p1466
2025-12-30T05:20:00Z,cab-d04,,pdu-main,total_cabinet,14.246,normalized-power,good,p1467
2025-12-30T05:25:00Z,cab-d04,,pdu-main,total_cabinet,14.247,normalized-power,good,p1468
2025-12-30T05:30:00Z,cab-d04,,pdu-main,total_cabinet,14.248,normalized-power,good,p1469
2025-12-30T05:35:00Z,cab-d04,,pdu-main,total_cabinet,14.249,normalized-power,good,p1470
2025-12-30T05:40:00Z,cab-d04,,pdu-main,total_cabinet,14.249,normalized-power,good,p1471
2025-12-30T05:45:00Z,cab-d04,,pdu-main,total_cabinet,14.249,normalized-power,good,p1472
2025-12-30T05:50:00Z,cab-d04,,pdu-main,total_cabinet,14.25,normalized-power,good,p1473
2025-12-30T05:55:00Z,cab-d04,,pdu-main,total_cabinet,14.25,normalized-power,good,p1474
2025-12-30T06:00:00Z,cab-d04,,pdu-main,total_cabinet,14.25,normalized-power,good,p1475
2025-12-30T06:05:00Z,cab-d04,,pdu-main,total_cabinet,14.25,normalized-power,good,p1476
2025-12-30T06:10:00Z,cab-d04,,pdu-main,total_cabinet,14.25,normalized-power,good,p1477
2025-12-30T06:15:00Z,cab-d04,,pdu-main,total_cabinet,14.249,normalized-power,good,p1478
2025-12-30T06:20:00Z,cab-d04,,pdu-main,total_cabinet,14.249,normalized-power,good,p1479
2025-12-30T06:25:00Z,cab-d04,,pdu-main,total_cabinet,14.249,normalized-power,good,p1480
2025-12-30T06:30:00Z,cab-d04,,pdu-main,total_cabinet,14.248,normalized-power,good,p1481
2025-12-30T06:35:00Z,cab-d04,,pdu-main,total_cabinet,14.247,normalized-power,good,p1482
2025-12-30T06:45:00Z,cab-d04,,pdu-main,total_cabinet,14.245,normalized-power,good,p1483
2025-12-30T06:50:00Z,cab-d04,,pdu-main,total_cabinet,14.244,normalized-power,good,p1484
2025-12-30T06:55:00Z,cab-d04,,pdu-main,total_cabinet,14.243,normalized-power,good,p1485
2025-12-30T07:00:00Z,cab-d04,,pdu-main,total_cabinet,14.241,normalized-power,good,p1486
2025-12-30T07:05:00Z,cab-d04,,pdu-main,total_cabinet,14.24,normalized-power,good,p1487
2025-12-30T07:10:00Z,cab-d04,,pdu-main,total_cabinet,14.238,normalized-power,good,p1488
2025-12-30T07:15:00Z,cab-d04,,pdu-main,total_cabinet,14.237,normalized-power,good,p1489
2025-12-30T07:20:00Z,cab-d04,,pdu-main,total_cabinet,14.235,normalized-power,good,p1490
2025-12-30T07:25:00Z,cab-d04,,pdu-main,total_cabinet,14.233,normalized-power,good,p1491
2025-12-30T07:30:00Z,cab-d04,,pdu-main,total_cabinet,14.231,normalized-power,good,p1492
2025-12-30T07:35:00Z,cab-d04,,pdu-main,total_cabinet,14.229,normalized-power,good,p1493
2025-12-30T07:40:00Z,cab-d04,,pdu-main,total_cabinet,14.227,normalized-power,good,p1494
2025-12-30T07:45:00Z,cab-d04,,pdu-main,total_cabinet,14.224,normalized-power,good,p1495
2025-12-30T07:50:00Z,cab-d04,,pdu-main,total_cabinet,14.222,normalized-power,good,p1496
2025-12-30T07:55:00Z,cab-d04,,pdu-main,total_cabinet,14.219,normalized-power,good,p1497
2025-12-30T08:00:00Z,cab-d04,,pdu-main,total_cabinet,14.217,normalized-power,good,p1498
2025-12-30T08:05:00Z,cab-d04,,pdu-main,total_cabinet,14.214,normalized-power,good,p1499
2025-12-30T08:10:00Z,cab-d04,,pdu-main,total_cabinet,14.211,normalized-power,good,p1500
2025-12-30T08:15:00Z,cab-d04,,pdu-main,total_cabinet,14.208,normalized-power,good,p1501
2025-12-30T08:20:00Z,cab-d04,,pdu-main,total_cabinet,14.205,normalized-power,good,p1502
2025-12-30T08:25:00Z,cab-d04,,pdu-main,total_cabinet,14.202,normalized-power,good,p1503
2025-12-30T08:30:00Z,cab-d04,,pdu-main,total_cabinet,14.198,normalized-power,good,p1504
2025-12-30T08:35:00Z,cab-d04,,pdu-main,total_cabinet,14.195,normalized-power,good,p1505
2025-12-30T08:40:00Z,cab-d04,,pdu-main,total_cabinet,14.192,normalized-power,good,p1506
2025-12-30T08:45:00Z,cab-d04,,pdu-main,total_cabinet,14.188,normalized-power,good,p1507
2025-12-30T08:50:00Z,cab-d04,,pdu-main,total_cabinet,14.184,normalized-power,good,p1508
2025-12-30T08:55:00Z,cab-d04,,pdu-main,total_cabinet,14.181,normalized-power,good,p1509
2025-12-30T09:00:00Z,cab-d04,,pdu-main,total_cabinet,14.177,normalized-power,good,p1510
2025-12-30T09:05:00Z,cab-d04,,pdu-main,total_cabinet,14.173,normalized-power,good,p1511
2025-12-30T09:10:00Z,cab-d04,,pdu-main,total_cabinet,14.169,normalized-power,good,p1512
2025-12-30T09:15:00Z,cab-d04,,pdu-main,total_cabinet,14.165,normalized-power,good,p1513
2025-12-30T09:20:00Z,cab-d04,,pdu-main,total_cabinet,14.161,normalized-power,good,p1514
2025-12-30T09:25:00Z,cab-d04,,pdu-main,total_cabinet,14.156,normalized-power,good,p1515
2025-12-30T09:30:00Z,cab-d04,,pdu-main,total_cabinet,14.152,normalized-power,good,p1516
2025-12-30T09:35:00Z,cab-d04,,pdu-main,total_cabinet,14.148,normalized-power,good,p1517
2025-12-30T09:40:00Z,cab-d04,,pdu-main,total_cabinet,14.143,normalized-power,good,p1518
2025-12-30T09:45:00Z,cab-d04,,pdu-main,total_cabinet,14.139,normalized-power,good,p1519
2025-12-30T09:50:00Z,cab-d04,,pdu-main,total_cabinet,14.134,normalized-power,good,p1520
2025-12-30T09:55:00Z,cab-d04,,pdu-main,total_cabinet,14.13,normalized-power,good,p1521
2025-12-30T10:05:00Z,cab-d04,,pdu-main,total_cabinet,14.12,normalized-power,good,p1522
2025-12-30T10:10:00Z,cab-d04,,pdu-main,total_cabinet,14.115,normalized-power,good,p1523
2025-12-30T10:15:00Z,cab-d04,,pdu-main,total_cabinet,14.111,normalized-power,good,p1524
2025-12-30T10:20:00Z,cab-d04,,pdu-main,total_cabinet,14.106,normalized-power,good,p1525
2025-12-30T10:25:00Z,cab-d04,,pdu-main,total_cabinet,14.101,normalized-power,good,p1526
2025-12-30T10:30:00Z,cab-d04,,pdu-main,total_cabinet,14.096,normalized-power,good,p1527
2025-12-30T10:35:00Z,cab-d04,,pdu-main,total_cabinet,14.091,normalized-power,good,p1528
2025-12-30T10:40:00Z,cab-d04,,pdu-main,total_cabinet,14.086,normalized-power,good,p1529
2025-12-30T10:45:00Z,cab-d04,,pdu-main,total_cabinet,14.08,normalized-power,good,p1530
2025-12-30T10:50:00Z,cab-d04,,pdu-main,total_cabinet,14.075,normalized-power,good,p1531
2025-12-30T10:55:00Z,cab-d04,,pdu-main,total_cabinet,14.07,normalized-power,good,p1532
2025-12-30T11:00:00Z,cab-d04,,pdu-main,total_cabinet,14.065,normalized-power,good,p1533
2025-12-30T11:05:00Z,cab-d04,,pdu-main,total_cabinet,14.059,normalized-power,good,p1534
2025-12-30T11:10:00Z,cab-d04,,pdu-main,total_cabinet,14.054,normalized-power,good,p1535
2025-12-30T11:15:00Z,cab-d04,,pdu-main,total_cabinet,14.049,normalized-power,good,p1536
2025-12-30T11:20:00Z,cab-d04,,pdu-main,total_cabinet,14.043,normalized-power,good,p1537
2025-12-30T11:25:00Z,cab-d04,,pdu-main,total_cabinet,14.038,normalized-power,good,p1538
2025-12-30T11:30:00Z,cab-d04,,pdu-main,total_cabinet,14.033,normalized-power,good,p1539
2025-12-30T11:35:00Z,cab-d04,,pdu-main,total_cabinet,14.027,normalized-power,good,p1540
2025-12-30T11:40:00Z,cab-d04,,pdu-main,total_cabinet,14.022,normalized-power,good,p1541
2025-12-30T11:45:00Z,cab-d04,,pdu-main,total_cabinet,14.016,normalized-power,good,p1542
2025-12-30T11:50:00Z,cab-d04,,pdu-main,total_cabinet,14.011,normalized-power,good,p1543
2025-12-30T11:55:00Z,cab-d04,,pdu-main,total_cabinet,14.005,normalized-power,good,p1544
2025-12-30T12:00:00Z,cab-d04,,pdu-main,total_cabinet,14.0,normalized-power,good,p1545
2025-12-30T12:05:00Z,cab-d04,,pdu-main,total_cabinet,13.995,normalized-power,good,p1546
2025-12-30T12:10:00Z,cab-d04,,pdu-main,total_cabinet,13.989,normalized-power,good,p1547
2025-12-30T12:15:00Z,cab-d04,,pdu-main,total_cabinet,13.984,normalized-power,good,p1548
2025-12-30T12:20:00Z,cab-d04,,pdu-main,total_cabinet,13.978,normalized-power,good,p1549
2025-12-30T12:25:00Z,cab-d04,,pdu-main,total_cabinet,13.973,normalized-power,good,p1550
2025-12-30T12:30:00Z,cab-d04,,pdu-main,total_cabinet,13.967,normalized-power,good,p1551
2025-12-30T12:35:00Z,cab-d04,,pdu-main,total_cabinet,13.962,normalized-power,good,p1552
2025-12-30T12:40:00Z,cab-d04,,pdu-main,total_cabinet,13.957,normalized-power,good,p1553
2025-12-30T12:45:00Z,cab-d04,,pdu-main,total_cabinet,13.951,normalized-power,good,p1554
2025-12-30T12:50:00Z,cab-d04,,pdu-main,total_cabinet,13.946,normalized-power,good,p1555
2025-12-30T12:55:00Z,cab-d04,,pdu-main,total_cabinet,13.941,normalized-power,good,p1556
2025-12-30T13:00:00Z,cab-d04,,pdu-main,total_cabinet,13.935,normalized-power,good,p1557
2025-12-30T13:05:00Z,cab-d04,,pdu-main,total_cabinet,13.93,normalized-power,good,p1558
2025-12-30T13:10:00Z,cab-d04,,pdu-main,total_cabinet,13.925,normalized-power,good,p1559
2025-12-30T13:15:00Z,cab-d04,,pdu-main,total_cabinet,13.92,normalized-power,good,p1560
2025-12-30T13:25:00Z,cab-d04,,pdu-main,total_cabinet,13.909,normalized-power,good,p1561
2025-12-30T13:30:00Z,cab-d04,,pdu-main,total_cabinet,13.904,normalized-power,good,p1562
2025-12-30T13:35:00Z,cab-d04,,pdu-main,total_cabinet,13.899,normalized-power,good,p1563
2025-12-30T13:40:00Z,cab-d04,,pdu-main,total_cabinet,13.894,normalized-power,good,p1564
2025-12-30T13:45:00Z,cab-d04,,pdu-main,total_cabinet,13.889,normalized-power,good,p1565
2025-12-30T13:50:00Z,cab-d04,,pdu-main,total_cabinet,13.885,normalized-power,good,p1566
2025-12-30T13:55:00Z,cab-d04,,pdu-main,total_cabinet,13.88,normalized-power,good,p1567
2025-12-30T14:00:00Z,cab-d04,,pdu-main,total_cabinet,13.875,normalized-power,good,p1568
2025-12-30T14:05:00Z,cab-d04,,pdu-main,total_cabinet,13.87,normalized-power,good,p1569
2025-12-30T14:10:00Z,cab-d04,,pdu-main,total_cabinet,13.866,normalized-power,good,p1570
2025-12-30T14:15:00Z,cab-d04,,pdu-main,total_cabinet,13.861,normalized-power,good,p1571
2025-12-30T14:20:00Z,cab-d04,,pdu-main,total_cabinet,13.857,normalized-power,good,p1572
2025-12-30T14:25:00Z,cab-d04,,pdu-main,total_cabinet,13.852,normalized-power,good,p1573
2025-12-30T14:30:00Z,cab-d04,,pdu-main,total_cabinet,13.848,normalized-power,good,p1574
2025-12-30T14:35:00Z,cab-d04,,pdu-main,total_cabinet,13.844,normalized-power,good,p1575
2025-12-30T14:40:00Z,cab-d04,,pdu-main,total_cabinet,13.839,normalized-power,good,p1576
2025-12-30T14:45:00Z,cab-d04,,pdu-main,total_cabinet,13.835,normalized-power,good,p1577
2025-12-30T14:50:00Z,cab-d04,,pdu-main,total_cabinet,13.831,normalized-power,good,p1578
2025-12-30T14:55:00Z,cab-d04,,pdu-main,total_cabinet,13.827,normalized-power,good,p1579
2025-12-30T15:00:00Z,cab-d04,,pdu-main,total_cabinet,13.823,normalized-power,good,p1580
2025-12-30T15:05:00Z,cab-d04,,pdu-main,total_cabinet,13.819,normalized-power,good,p1581
2025-12-30T15:10:00Z,cab-d04,,pdu-main,total_cabinet,13.816,normalized-power,good,p1582
2025-12-30T15:15:00Z,cab-d04,,pdu-main,total_cabinet,13.812,normalized-power,good,p1583
2025-12-30T15:20:00Z,cab-d04,,pdu-main,total_cabinet,13.808,normalized-power,good,p1584
2025-12-30T15:25:00Z,cab-d04,,pdu-main,total_cabinet,13.805,normalized-power,good,p1585
2025-12-30T15:30:00Z,cab-d04,,pdu-main,total_cabinet,13.802,normalized-power,good,p1586
2025-12-30T15:35:00Z,cab-d04,,pdu-main,total_cabinet,13.798,normalized-power,good,p1587
2025-12-30T15:40:00Z,cab-d04,,pdu-main,total_cabinet,13.795,normalized-power,good,p1588
2025-12-30T15:45:00Z,cab-d04,,pdu-main,total_cabinet,13.792,normalized-power,good,p1589
2025-12-30T15:50:00Z,cab-d04,,pdu-main,total_cabinet,13.789,normalized-power,good,p1590
2025-12-30T15:55:00Z,cab-d04,,pdu-main,total_cabinet,13.786,normalized-power,good,p1591
2025-12-30T16:00:00Z,cab-d04,,pdu-main,total_cabinet,13.783,normalized-power,good,p1592
2025-12-30T16:05:00Z,cab-d04,,pdu-main,total_cabinet,13.781,normalized-power,good,p1593
2025-12-30T16:10:00Z,cab-d04,,pdu-main,total_cabinet,13.778,normalized-power,good,p1594
2025-12-30T16:15:00Z,cab-d04,,pdu-main,total_cabinet,13.776,normalized-power,good,p1595
2025-12-30T16:20:00Z,cab-d04,,pdu-main,total_cabinet,13.773,normalized-power,good,p1596
2025-12-30T16:25:00Z,cab-d04,,pdu-main,total_cabinet,13.771,normalized-power,good,p1597
2025-12-30T16:30:00Z,cab-d04,,pdu-main,total_cabinet,13.769,normalized-power,good,p1598
2025-12-30T16:35:00Z,cab-d04,,pdu-main,total_cabinet,13.767,normalized-power,good,p1599
2025-12-30T16:45:00Z,cab-d04,,pdu-main,total_cabinet,13.763,normalized-power,good,p1600
2025-12-30T16:50:00Z,cab-d04,,pdu-main,total_cabinet,13.762,normalized-power,good,p1601
2025-12-30T16:55:00Z,cab-d04,,pdu-main,total_cabinet,13.76,normalized-power,good,p1602
2025-12-30T17:00:00Z,cab-d04,,pdu-main,total_cabinet,13.759,normalized-power,good,p1603
2025-12-30T17:05:00Z,cab-d04,,pdu-main,total_cabinet,13.757,normalized-power,good,p1604
2025-12-30T17:10:00Z,cab-d04,,pdu-main,total_cabinet,13.756,normalized-power,good,p1605
2025-12-30T17:15:00Z,cab-d04,,pdu-main,total_cabinet,13.755,normalized-power,good,p1606
2025-12-30T17:20:00Z,cab-d04,,pdu-main,total_cabinet,13.754,normalized-power,good,p1607
2025-12-30T17:25:00Z,cab-d04,,pdu-main,total_cabinet,13.753,normalized-power,good,p1608
2025-12-30T17:30:00Z,cab-d04,,pdu-main,total_cabinet,13.752,normalized-power,good,p1609
2025-12-30T17:35:00Z,cab-d04,,pdu-main,total_cabinet,13.751,normalized-power,good,p1610
2025-12-30T17:40:00Z,cab-d04,,pdu-main,total_cabinet,13.751,normalized-power,good,p1611
2025-12-30T17:45:00Z,cab-d04,,pdu-main,total_cabinet,13.751,normalized-power,good,p1612
2025-12-30T17:50:00Z,cab-d04,,pdu-main,total_cabinet,13.75,normalized-power,good,p1613
2025-12-30T17:55:00Z,cab-d04,,pdu-main,total_cabinet,13.75,normalized-power,good,p1614
2025-12-30T18:00:00Z,cab-d04,,pdu-main,total_cabinet,13.75,normalized-power,good,p1615
2025-12-30T18:05:00Z,cab-d04,,pdu-main,total_cabinet,13.75,normalized-power,good,p1616
2025-12-30T18:10:00Z,cab-d04,,pdu-main,total_cabinet,13.75,normalized-power,good,p1617
2025-12-30T18:15:00Z,cab-d04,,pdu-main,total_cabinet,13.751,normalized-power,good,p1618
2025-12-30T18:20:00Z,cab-d04,,pdu-main,total_cabinet,13.751,normalized-power,good,p1619
2025-12-30T18:25:00Z,cab-d04,,pdu-main,total_cabinet,13.751,normalized-power,good,p1620
2025-12-30T18:30:00Z,cab-d04,,pdu-main,total_cabinet,13.752,normalized-power,good,p1621
2025-12-30T18:35:00Z,cab-d04,,pdu-main,total_cabinet,13.753,normalized-power,good,p1622
2025-12-30T18:40:00Z,cab-d04,,pdu-main,total_cabinet,13.754,normalized-power,good,p1623
2025-12-30T18:45:00Z,cab-d04,,pdu-main,total_cabinet,13.755,normalized-power,good,p1624
2025-12-30T18:50:00Z,cab-d04,,pdu-main,total_cabinet,13.756,normalized-power,good,p1625
2025-12-30T18:55:00Z,cab-d04,,pdu-main,total_cabinet,13.757,normalized-power,good,p1626
2025-12-30T19:00:00Z,cab-d04,,pdu-main,total_cabinet,13.759,normalized-power,good,p1627
2025-12-30T19:05:00Z,cab-d04,,pdu-main,total_cabinet,13.76,normalized-power,good,p1628
2025-12-30T19:10:00Z,cab-d04,,pdu-main,total_cabinet,13.762,normalized-power,good,p1629
2025-12-30T19:15:00Z,cab-d04,,pdu-main,total_cabinet,13.763,normalized-power,good,p1630
2025-12-30T19:20:00Z,cab-d04,,pdu-main,total_cabinet,13.765,normalized-power,good,p1631
2025-12-30T19:25:00Z,cab-d04,,pdu-main,total_cabinet,13.767,normalized-power,good,p1632
2025-12-30T19:30:00Z,cab-d04,,pdu-main,total_cabinet,13.769,normalized-power,good,p1633
2025-12-30T19:35:00Z,cab-d04,,pdu-main,total_cabinet,13.771,normalized-power,good,p1634
2025-12-30T19:40:00Z,cab-d04,,pdu-main,total_cabinet,13.773,normalized-power,good,p1635
2025-12-30T19:45:00Z,cab-d04,,pdu-main,total_cabinet,13.776,normalized-power,good,p1636
2025-12-30T19:50:00Z,cab-d04,,pdu-main,total_cabinet,13.778,normalized-power,good,p1637
2025-12-30T19:55:00Z,cab-d04,,pdu-main,total_cabinet,13.781,normalized-power,good,p1638
2025-12-30T20:05:00Z,cab-d04,,pdu-main,total_cabinet,13.786,normalized-power,good,p1639
2025-12-30T20:10:00Z,cab-d04,,pdu-main,total_cabinet,13.789,normalized-power,good,p1640
2025-12-30T20:15:00Z,cab-d04,,pdu-main,total_cabinet,13.792,normalized-power,good,p1641
2025-12-30T20:20:00Z,cab-d04,,pdu-main,total_cabinet,13.795,normalized-power,good,p1642
2025-12-30T20:25:00Z,cab-d04,,pdu-main,total_cabinet,13.798,normalized-power,good,p1643
2025-12-30T20:30:00Z,cab-d04,,pdu-main,total_cabinet,13.802,normalized-power,good,p1644
2025-12-30T20:35:00Z,cab-d04,,pdu-main,total_cabinet,13.805,normalized-power,good,p1645
2025-12-30T20:40:00Z,cab-d04,,pdu-main,total_cabinet,13.808,normalized-power,good,p1646
2025-12-30T20:45:00Z,cab-d04,,pdu-main,total_cabinet,13.812,normalized-power,good,p1647
2025-12-30T20:50:00Z,cab-d04,,pdu-main,total_cabinet,13.816,normalized-power,good,p1648
2025-12-30T20:55:00Z,cab-d04,,pdu-main,total_cabinet,13.819,normalized-power,good,p1649
2025-12-30T21:00:00Z,cab-d04,,pdu-main,total_cabinet,13.823,normalized-power,good,p1650
2025-12-30T21:05:00Z,cab-d04,,pdu-main,total_cabinet,13.827,normalized-power,good,p1651
2025-12-30T21:10:00Z,cab-d04,,pdu-main,total_cabinet,13.831,normalized-power,good,p1652
2025-12-30T21:15:00Z,cab-d04,,pdu-main,total_cabinet,13.835,normalized-power,good,p1653
2025-12-30T21:20:00Z,cab-d04,,pdu-main,total_cabinet,13.839,normalized-power,good,p1654
2025-12-30T21:25:00Z,cab-d04,,pdu-main,total_cabinet,13.844,normalized-power,good,p1655
2025-12-30T21:30:00Z,cab-d04,,pdu-main,total_cabinet,13.848,normalized-power,good,p1656
2025-12-30T21:35:00Z,cab-d04,,pdu-main,total_cabinet,13.852,normalized-power,good,p1657
2025-12-30T21:40:00Z,cab-d04,,pdu-main,total_cabinet,13.857,normalized-power,good,p1658
2025-12-30T21:45:00Z,cab-d04,,pdu-main,total_cabinet,13.861,normalized-power,good,p1659
2025-12-30T21:50:00Z,cab-d04,,pdu-main,total_cabinet,13.866,normalized-power,good,p1660
2025-12-30T21:55:00Z,cab-d04,,pdu-main,total_cabinet,13.87,normalized-power,good,p1661
2025-12-30T22:00:00Z,cab-d04,,pdu-main,total_cabinet,13.875,normalized-power,good,p1662
2025-12-30T22:05:00Z,cab-d04,,pdu-main,total_cabinet,13.88,normalized-power,good,p1663
2025-12-30T22:10:00Z,cab-d04,,pdu-main,total_cabinet,13.885,normalized-power,good,p1664
2025-12-30T22:15:00Z,cab-d04,,pdu-main,total_cabinet,13.889,normalized-power,good,p1665
2025-12-30T22:20:00Z,cab-d04,,pdu-main,total_cabinet,13.894,normalized-power,good,p1666
2025-12-30T22:25:00Z,cab-d04,,pdu-main,total_cabinet,13.899,normalized-power,good,p1667
2025-12-30T22:30:00Z,cab-d04,,pdu-main,total_cabinet,13.904,normalized-power,good,p1668
2025-12-30T22:35:00Z,cab-d04,,pdu-main,total_cabinet,13.909,normalized-power,good,p1669
2025-12-30T22:40:00Z,cab-d04,,pdu-main,total_cabinet,13.914,normalized-power,good,p1670
2025-12-30T22:45:00Z,cab-d04,,pdu-main,total_cabinet,13.92,normalized-power,good,p1671
2025-12-30T22:50:00Z,cab-d04,,pdu-main,total_cabinet,13.925,normalized-power,good,p1672
2025-12-30T22:55:00Z,cab-d04,,pdu-main,total_cabinet,13.93,normalized-power,good,p1673
2025-12-30T23:00:00Z,cab-d04,,pdu-main,total_cabinet,13.935,normalized-power,good,p1674
2025-12-30T23:05:00Z,cab-d04,,pdu-main,total_cabinet,13.941,normalized-power,good,p1675
2025-12-30T23:10:00Z,cab-d04,,pdu-main,total_cabinet,13.946,normalized-power,good,p1676
2025-12-30T23:15:00Z,cab-d04,,pdu-main,total_cabinet,13.951,normalized-power,good,p1677
2025-12-30T23:25:00Z,cab-d04,,pdu-main,total_cabinet,13.962,normalized-power,good,p1678
2025-12-30T23:30:00Z,cab-d04,,pdu-main,total_cabinet,13.967,normalized-power,good,p1679
2025-12-30T23:35:00Z,cab-d04,,pdu-main,total_cabinet,13.973,normalized-power,good,p1680
2025-12-30T23:40:00Z,cab-d04,,pdu-main,total_cabinet,13.978,normalized-power,good,p1681
2025-12-30T23:45:00Z,cab-d04,,pdu-main,total_cabinet,13.984,normalized-power,good,p1682
2025-12-30T23:50:00Z,cab-d04,,pdu-main,total_cabinet,13.989,normalized-power,good,p1683
2025-12-30T23:55:00Z,cab-d04,,pdu-main,total_cabinet,13.995,normalized-power,good,p1684
2025-12-31T00:00:00Z,cab-d04,,pdu-main,total_cabinet,14.0,normalized-power,good,p1685
2025-12-31T00:05:00Z,cab-d04,,pdu-main,total_cabinet,14.005,normalized-power,good,p1686
2025-12-31T00:10:00Z,cab-d04,,pdu-main,total_cabinet,14.011,normalized-power,good,p1687
2025-12-31T00:15:00Z,cab-d04,,pdu-main,total_cabinet,14.016,normalized-power,good,p1688
2025-12-31T00:20:00Z,cab-d04,,pdu-main,total_cabinet,14.022,normalized-power,good,p1689
2025-12-31T00:25:00Z,cab-d04,,pdu-main,total_cabinet,14.027,normalized-power,good,p1690
2025-12-31T00:30:00Z,cab-d04,,pdu-main,total_cabinet,14.033,normalized-power,good,p1691
2025-12-31T00:35:00Z,cab-d04,,pdu-main,total_cabinet,14.038,normalized-power,good,p1692
2025-12-31T00:40:00Z,cab-d04,,pdu-main,total_cabinet,14.043,normalized-power,good,p1693
2025-12-31T00:45:00Z,cab-d04,,pdu-main,total_cabinet,14.049,normalized-power,good,p1694
2025-12-31T00:50:00Z,cab-d04,,pdu-main,total_cabinet,14.054,normalized-power,good,p1695
2025-12-31T00:55:00Z,cab-d04,,pdu-main,total_cabinet,14.059,normalized-power,good,p1696
2025-12-31T01:00:00Z,cab-d04,,pdu-main,total_cabinet,14.065,normalized-power,good,p1697
2025-12-31T01:05:00Z,cab-d04,,pdu-main,total_cabinet,14.07,normalized-power,good,p1698
2025-12-31T01:10:00Z,cab-d04,,pdu-main,total_cabinet,14.075,normalized-power,good,p1699
2025-12-31T01:15:00Z,cab-d04,,pdu-main,total_cabinet,14.08,normalized-power,good,p1700
2025-12-31T01:20:00Z,cab-d04,,pdu-main,total_cabinet,14.086,normalized-power,good,p1701
2025-12-31T01:25:00Z,cab-d04,,pdu-main,total_cabinet,14.091,normalized-power,good,p1702
2025-12-31T01:30:00Z,cab-d04,,pdu-main,total_cabinet,14.096,normalized-power,good,p1703
2025-12-31T01:35:00Z,cab-d04,,pdu-main,total_cabinet,14.101,normalized-power,good,p1704
2025-12-31T01:40:00Z,cab-d04,,pdu-main,total_cabinet,14.106,normalized-power,good,p1705
2025-12-31T01:45:00Z,cab-d04,,pdu-main,total_cabinet,14.111,normalized-power,good,p1706
2025-12-31T01:50:00Z,cab-d04,,pdu-main,total_cabinet,14.115,normalized-power,good,p1707
2025-12-31T01:55:00Z,cab-d04,,pdu-main,total_cabinet,14.12,normalized-power,good,p1708
2025-12-31T02:00:00Z,cab-d04,,pdu-main,total_cabinet,14.125,normalized-power,good,p1709
2025-12-31T02:05:00Z,cab-d04,,pdu-main,total_cabinet,14.13,normalized-power,good,p1710
2025-12-31T02:10:00Z,cab-d04,,pdu-main,total_cabinet,14.134,normalized-power,good,p1711
2025-12-31T02:15:00Z,cab-d04,,pdu-main,total_cabinet,14.139,normalized-power,good,p1712
2025-12-31T02:20:00Z,cab-d04,,pdu-main,total_cabinet,14.143,normalized-power,good,p1713
2025-12-31T02:25:00Z,cab-d04,,pdu-main,total_cabinet,14.148,normalized-power,good,p1714
2025-12-31T02:30:00Z,cab-d04,,pdu-main,total_cabinet,14.152,normalized-power,good,p1715
2025-12-31T02:35:00Z,cab-d04,,pdu-main,total_cabinet,14.156,normalized-power,good,p1716
2025-12-31T02:45:00Z,cab-d04,,pdu-main,total_cabinet,14.165,normalized-power,good,p1717
2025-12-31T02:50:00Z,cab-d04,,pdu-main,total_cabinet,14.169,normalized-power,good,p1718
2025-12-31T02:55:00Z,cab-d04,,pdu-main,total_cabinet,14.173,normalized-power,good,p1719
2025-12-31T03:00:00Z,cab-d04,,pdu-main,total_cabinet,14.177,normalized-power,good,p1720
2025-12-31T03:05:00Z,cab-d04,,pdu-main,total_cabinet,14.181,normalized-power,good,p1721
2025-12-31T03:10:00Z,cab-d04,,pdu-main,total_cabinet,14.184,normalized-power,good,p1722
2025-12-31T03:15:00Z,cab-d04,,pdu-main,total_cabinet,14.188,normalized-power,good,p1723
2025-12-31T03:20:00Z,cab-d04,,pdu-main,total_cabinet,14.192,normalized-power,good,p1724
2025-12-31T03:25:00Z,cab-d04,,pdu-main,total_cabinet,14.195,normalized-power,good,p1725
2025-12-31T03:30:00Z,cab-d04,,pdu-main,total_cabinet,14.198,normalized-power,good,p1726
2025-12-31T03:35:00Z,cab-d04,,pdu-main,total_cabinet,14.202,normalized-power,good,p1727
2025-12-31T03:40:00Z,cab-d04,,pdu-main,total_cabinet,14.205,normalized-power,good,p1728
2025-12-31T03:45:00Z,cab-d04,,pdu-main,total_cabinet,14.208,normalized-power,good,p1729
2025-12-31T03:50:00Z,cab-d04,,pdu-main,total_cabinet,14.211,normalized-power,good,p1730
2025-12-31T03:55:00Z,cab-d04,,pdu-main,total_cabinet,14.214,normalized-power,good,p1731
2025-12-31T04:00:00Z,cab-d04,,pdu-main,total_cabinet,14.217,normalized-power,good,p1732
2025-12-31T04:05:00Z,cab-d04,,pdu-main,total_cabinet,14.219,normalized-power,good,p1733
2025-12-31T04:10:00Z,cab-d04,,pdu-main,total_cabinet,14.222,normalized-power,good,p1734
2025-12-31T04:15:00Z,cab-d04,,pdu-main,total_cabinet,14.224,normalized-power,good,p1735
2025-12-31T04:20:00Z,cab-d04,,pdu-main,total_cabinet,14.227,normalized-power,good,p1736
2025-12-31T04:25:00Z,cab-d04,,pdu-main,total_cabinet,14.229,normalized-power,good,p1737
2025-12-31T04:30:00Z,cab-d04,,pdu-main,total_cabinet,14.231,normalized-power,good,p1738
2025-12-31T04:35:00Z,cab-d04,,pdu-main,total_cabinet,14.233,normalized-power,good,p1739
2025-12-31T04:40:00Z,cab-d04,,pdu-main,total_cabinet,14.235,normalized-power,good,p1740
2025-12-31T04:45:00Z,cab-d04,,pdu-main,total_cabinet,14.237,normalized-power,good,p1741
2025-12-31T04:50:00Z,cab-d04,,pdu-main,total_cabinet,14.238,normalized-power,good,p1742
2025-12-31T04:55:00Z,cab-d04,,pdu-main,total_cabinet,14.24,normalized-power,good,p1743
2025-12-31T05:00:00Z,cab-d04,,pdu-main,total_cabinet,14.241,normalized-power,good,p1744
2025-12-31T05:05:00Z,cab-d04,,pdu-main,total_cabinet,14.243,normalized-power,good,p1745
2025-12-31T05:10:00Z,cab-d04,,pdu-main,total_cabinet,14.244,normalized-power,good,p1746
2025-12-31T05:15:00Z,cab-d04,,pdu-main,total_cabinet,14.245,normalized-power,good,p1747
2025-12-31T05:20:00Z,cab-d04,,pdu-main,total_cabinet,14.246,normalized-power,good,p1748
2025-12-31T05:25:00Z,cab-d04,,pdu-main,total_cabinet,14.247,normalized-power,good,p1749
2025-12-31T05:30:00Z,cab-d04,,pdu-main,total_cabinet,14.248,normalized-power,good,p1750
2025-12-31T05:35:00Z,cab-d04,,pdu-main,total_cabinet,14.249,normalized-power,good,p1751
2025-12-31T05:40:00Z,cab-d04,,pdu-main,total_cabinet,14.249,normalized-power,good,p1752
2025-12-31T05:45:00Z,cab-d04,,pdu-main,total_cabinet,14.249,normalized-power,good,p1753
2025-12-31T05:50:00Z,cab-d04,,pdu-main,total_cabinet,14.25,normalized-power,good,p1754
2025-12-31T05:55:00Z,cab-d04,,pdu-main,total_cabinet,14.25,normalized-power,good,p1755
2025-12-31T06:05:00Z,cab-d04,,pdu-main,total_cabinet,14.25,normalized-power,good,p1756
2025-12-31T06:10:00Z,cab-d04,,pdu-main,total_cabinet,14.25,normalized-power,good,p1757
2025-12-31T06:15:00Z,cab-d04,,pdu-main,total_cabinet,14.249,normalized-power,good,p1758
2025-12-31T06:20:00Z,cab-d04,,pdu-main,total_cabinet,14.249,normalized-power,good,p1759
2025-12-31T06:25:00Z,cab-d04,,pdu-main,total_cabinet,14.249,normalized-power,good,p1760
2025-12-31T06:30:00Z,cab-d04,,pdu-main,total_cabinet,14.248,normalized-power,good,p1761
2025-12-31T06:35:00Z,cab-d04,,pdu-main,total_cabinet,14.247,normalized-power,good,p1762
2025-12-31T06:40:00Z,cab-d04,,pdu-main,total_cabinet,14.246,normalized-power,good,p1763
2025-12-31T06:45:00Z,cab-d04,,pdu-main,total_cabinet,14.245,normalized-power,good,p1764
2025-12-31T06:50:00Z,cab-d04,,pdu-main,total_cabinet,14.244,normalized-power,good,p1765
2025-12-31T06:55:00Z,cab-d04,,pdu-main,total_cabinet,14.243,normalized-power,good,p1766
2025-12-31T07:00:00Z,cab-d04,,pdu-main,total_cabinet,14.241,normalized-power,good,p1767
2025-12-31T07:05:00Z,cab-d04,,pdu-main,total_cabinet,14.24,normalized-power,good,p1768
2025-12-31T07:10:00Z,cab-d04,,pdu-main,total_cabinet,14.238,normalized-power,good,p1769
2025-12-31T07:15:00Z,cab-d04,,pdu-main,total_cabinet,14.237,normalized-power,good,p1770
2025-12-31T07:20:00Z,cab-d04,,pdu-main,total_cabinet,14.235,normalized-power,good,p1771
2025-12-31T07:25:00Z,cab-d04,,pdu-main,total_cabinet,14.233,normalized-power,good,p1772
2025-12-31T07:30:00Z,cab-d04,,pdu-main,total_cabinet,14.231,normalized-power,good,p1773
2025-12-31T07:35:00Z,cab-d04,,pdu-main,total_cabinet,14.229,normalized-power,good,p1774
2025-12-31T07:40:00Z,cab-d04,,pdu-main,total_cabinet,14.227,normalized-power,good,p1775
2025-12-31T07:45:00Z,cab-d04,,pdu-main,total_cabinet,14.224,normalized-power,good,p1776
2025-12-31T07:50:00Z,cab-d04,,pdu-main,total_cabinet,14.222,normalized-power,good,p1777
2025-12-31T07:55:00Z,cab-d04,,pdu-main,total_cabinet,14.219,normalized-power,good,p1778
2025-12-31T08:00:00Z,cab-d04,,pdu-main,total_cabinet,14.217,normalized-power,good,p1779
2025-12-31T08:05:00Z,cab-d04,,pdu-main,total_cabinet,14.214,normalized-power,good,p1780
2025-12-31T08:10:00Z,cab-d04,,pdu-main,total_cabinet,14.211,normalized-power,good,p1781
2025-12-31T08:15:00Z,cab-d04,,pdu-main,total_cabinet,14.208,normalized-power,good,p1782
2025-12-31T08:20:00Z,cab-d04,,pdu-main,total_cabinet,14.205,normalized-power,good,p1783
2025-12-31T08:25:00Z,cab-d04,,pdu-main,total_cabinet,14.202,normalized-power,good,p1784
2025-12-31T08:30:00Z,cab-d04,,pdu-main,total_cabinet,14.198,normalized-power,good,p1785
2025-12-31T08:35:00Z,cab-d04,,pdu-main,total_cabinet,14.195,normalized-power,good,p1786
2025-12-31T08:40:00Z,cab-d04,,pdu-main,total_cabinet,14.192,normalized-power,good,p1787
2025-12-31T08:45:00Z,cab-d04,,pdu-main,total_cabinet,14.188,normalized-power,good,p1788
2025-12-31T08:50:00Z,cab-d04,,pdu-main,total_cabinet,14.184,normalized-power,good,p1789
2025-12-31T08:55:00Z,cab-d04,,pdu-main,total_cabinet,14.181,normalized-power,good,p1790
2025-12-31T09:00:00Z,cab-d04,,pdu-main,total_cabinet,14.177,normalized-power,good,p1791
2025-12-31T09:05:00Z,cab-d04,,pdu-main,total_cabinet,14.173,normalized-power,good,p1792
2025-12-31T09:10:00Z,cab-d04,,pdu-main,total_cabinet,14.169,normalized-power,good,p1793
2025-12-31T09:15:00Z,cab-d04,,pdu-main,total_cabinet,14.165,normalized-power,good,p1794
2025-12-31T09:25:00Z,cab-d04,,pdu-main,total_cabinet,14.156,normalized-power,good,p1795
2025-12-31T09:30:00Z,cab-d04,,pdu-main,total_cabinet,14.152,normalized-power,good,p1796
2025-12-31T09:35:00Z,cab-d04,,pdu-main,total_cabinet,14.148,normalized-power,good,p1797
2025-12-31T09:40:00Z,cab-d04,,pdu-main,total_cabinet,14.143,normalized-power,good,p1798
2025-12-31T09:45:00Z,cab-d04,,pdu-main,total_cabinet,14.139,normalized-power,good,p1799
2025-12-31T09:50:00Z,cab-d04,,pdu-main,total_cabinet,14.134,normalized-power,good,p1800
2025-12-31T09:55:00Z,cab-d04,,pdu-main,total_cabinet,14.13,normalized-power,good,p1801
2025-12-31T10:00:00Z,cab-d04,,pdu-main,total_cabinet,14.125,normalized-power,good,p1802
2025-12-31T10:05:00Z,cab-d04,,pdu-main,total_cabinet,14.12,normalized-power,good,p1803
2025-12-31T10:10:00Z,cab-d04,,pdu-main,total_cabinet,14.115,normalized-power,good,p1804
2025-12-31T10:15:00Z,cab-d04,,pdu-main,total_cabinet,14.111,normalized-power,good,p1805
2025-12-31T10:20:00Z,cab-d04,,pdu-main,total_cabinet,14.106,normalized-power,good,p1806
2025-12-31T10:25:00Z,cab-d04,,pdu-main,total_cabinet,14.101,normalized-power,good,p1807
2025-12-31T10:30:00Z,cab-d04,,pdu-main,total_cabinet,14.096,normalized-power,good,p1808
2025-12-31T10:35:00Z,cab-d04,,pdu-main,total_cabinet,14.091,normalized-power,good,p1809
2025-12-31T10:40:00Z,cab-d04,,pdu-main,total_cabinet,14.086,normalized-power,good,p1810
2025-12-31T10:45:00Z,cab-d04,,pdu-main,total_cabinet,14.08,normalized-power,good,p1811
2025-12-31T10:50:00Z,cab-d04,,pdu-main,total_cabinet,14.075,normalized-power,good,p1812
2025-12-31T10:55:00Z,cab-d04,,pdu-main,total_cabinet,14.07,normalized-power,good,p1813
2025-12-31T11:00:00Z,cab-d04,,pdu-main,total_cabinet,14.065,normalized-power,good,p1814
2025-12-31T11:05:00Z,cab-d04,,pdu-main,total_cabinet,14.059,normalized-power,good,p1815
2025-12-31T11:10:00Z,cab-d04,,pdu-main,total_cabinet,14.054,normalized-power,good,p1816
2025-12-31T11:15:00Z,cab-d04,,pdu-main,total_cabinet,14.049,normalized-power,good,p1817
2025-12-31T11:20:00Z,cab-d04,,pdu-main,total_cabinet,14.043,normalized-power,good,p1818
2025-12-31T11:25:00Z,cab-d04,,pdu-main,total_cabinet,14.038,normalized-power,good,p1819
2025-12-31T11:30:00Z,cab-d04,,pdu-main,total_cabinet,14.033,normalized-power,good,p1820
2025-12-31T11:35:00Z,cab-d04,,pdu-main,total_cabinet,14.027,normalized-power,good,p1821
2025-12-31T11:40:00Z,cab-d04,,pdu-main,total_cabinet,14.022,normalized-power,good,p1822
2025-12-31T11:45:00Z,cab-d04,,pdu-main,total_cabinet,14.016,normalized-power,good,p1823
2025-12-31T11:50:00Z,cab-d04,,pdu-main,total_cabinet,14.011,normalized-power,good,p1824
2025-12-31T11:55:00Z,cab-d04,,pdu-main,total_cabinet,14.005,normalized-power,good,p1825
2025-12-31T12:00:00Z,cab-d04,,pdu-main,total_cabinet,14.0,normalized-power,good,p1826
2025-12-31T12:05:00Z,cab-d04,,pdu-main,total_cabinet,13.995,normalized-power,good,p1827
2025-12-31T12:10:00Z,cab-d04,,pdu-main,total_cabinet,13.989,normalized-power,good,p1828
2025-12-31T12:15:00Z,cab-d04,,pdu-main,total_cabinet,13.984,normalized-power,good,p1829
2025-12-31T12:20:00Z,cab-d04,,pdu-main,total_cabinet,13.978,normalized-power,good,p1830
2025-12-31T12:25:00Z,cab-d04,,pdu-main,total_cabinet,13.973,normalized-power,good,p1831
2025-12-31T12:30:00Z,cab-d04,,pdu-main,total_cabinet,13.967,normalized-power,good,p1832
2025-12-31T12:35:00Z,cab-d04,,pdu-main,total_cabinet,13.962,normalized-power,good,p1833
2025-12-31T12:45:00Z,cab-d04,,pdu-main,total_cabinet,13.951,normalized-power,good,p1834
2025-12-31T12:50:00Z,cab-d04,,pdu-main,total_cabinet,13.946,normalized-power,good,p1835
2025-12-31T12:55:00Z,cab-d04,,pdu-main,total_cabinet,13.941,normalized-power,good,p1836
2025-12-31T13:00:00Z,cab-d04,,pdu-main,total_cabinet,13.935,normalized-power,good,p1837
2025-12-31T13:05:00Z,cab-d04,,pdu-main,total_cabinet,13.93,normalized-power,good,p1838
2025-12-31T13:10:00Z,cab-d04,,pdu-main,total_cabinet,13.925,normalized-power,good,p1839
2025-12-31T13:15:00Z,cab-d04,,pdu-main,total_cabinet,13.92,normalized-power,good,p1840
2025-12-31T13:20:00Z,cab-d04,,pdu-main,total_cabinet,13.914,normalized-power,good,p1841
2025-12-31T13:25:00Z,cab-d04,,pdu-main,total_cabinet,13.909,normalized-power,good,p1842
2025-12-31T13:30:00Z,cab-d04,,pdu-main,total_cabinet,13.904,normalized-power,good,p1843
2025-12-31T13:35:00Z,cab-d04,,pdu-main,total_cabinet,13.899,normalized-power,good,p1844
2025-12-31T13:40:00Z,cab-d04,,pdu-main,total_cabinet,13.894,normalized-power,good,p1845
2025-12-31T13:45:00Z,cab-d04,,pdu-main,total_cabinet,13.889,normalized-power,good,p1846
2025-12-31T13:50:00Z,cab-d04,,pdu-main,total_cabinet,13.885,normalized-power,good,p1847
2025-12-31T13:55:00Z,cab-d04,,pdu-main,total_cabinet,13.88,normalized-power,good,p1848
2025-12-31T14:00:00Z,cab-d04,,pdu-main,total_cabinet,13.875,normalized-power,good,p1849
2025-12-31T14:05:00Z,cab-d04,,pdu-main,total_cabinet,13.87,normalized-power,good,p1850
2025-12-31T14:10:00Z,cab-d04,,pdu-main,total_cabinet,13.866,normalized-power,good,p1851
2025-12-31T14:15:00Z,cab-d04,,pdu-main,total_cabinet,13.861,normalized-power,good,p1852
2025-12-31T14:20:00Z,cab-d04,,pdu-main,total_cabinet,13.857,normalized-power,good,p1853
2025-12-31T14:25:00Z,cab-d04,,pdu-main,total_cabinet,13.852,normalized-power,good,p1854
2025-12-31T14:30:00Z,cab-d04,,pdu-main,total_cabinet,13.848,normalized-power,good,p1855
2025-12-31T14:35:00Z,cab-d04,,pdu-main,total_cabinet,13.844,normalized-power,good,p1856
2025-12-31T14:40:00Z,cab-d04,,pdu-main,total_cabinet,13.839,normalized-power,good,p1857
2025-12-31T14:45:00Z,cab-d04,,pdu-main,total_cabinet,13.835,normalized-power,good,p1858
2025-12-31T14:50:00Z,cab-d04,,pdu-main,total_cabinet,13.831,normalized-power,good,p1859
2025-12-31T14:55:00Z,cab-d04,,pdu-main,total_cabinet,13.827,normalized-power,good,p1860
2025-12-31T15:00:00Z,cab-d04,,pdu-main,total_cabinet,13.823,normalized-power,good,p1861
2025-12-31T15:05:00Z,cab-d04,,pdu-main,total_cabinet,13.819,normalized-power,good,p1862
2025-12-31T15:10:00Z,cab-d04,,pdu-main,total_cabinet,13.816,normalized-power,good,p1863
2025-12-31T15:15:00Z,cab-d04,,pdu-main,total_cabinet,13.812,normalized-power,good,p1864
2025-12-31T15:20:00Z,cab-d04,,pdu-main,total_cabinet,13.808,normalized-power,good,p1865
2025-12-31T15:25:00Z,cab-d04,,pdu-main,total_cabinet,13.805,normalized-power,good,p1866
2025-12-31T15:30:00Z,cab-d04,,pdu-main,total_cabinet,13.802,normalized-power,good,p1867
2025-12-31T15:35:00Z,cab-d04,,pdu-main,total_cabinet,13.798,normalized-power,good,p1868
2025-12-31T15:40:00Z,cab-d04,,pdu-main,total_cabinet,13.795,normalized-power,good,p1869
2025-12-31T15:45:00Z,cab-d04,,pdu-main,total_cabinet,13.792,normalized-power,good,p1870
2025-12-31T15:50:00Z,cab-d04,,pdu-main,total_cabinet,13.789,normalized-power,good,p1871
2025-12-31T15:55:00Z,cab-d04,,pdu-main,total_cabinet,13.786,normalized-power,good,p1872
2025-12-31T16:05:00Z,cab-d04,,pdu-main,total_cabinet,13.781,normalized-power,good,p1873
2025-12-31T16:10:00Z,cab-d04,,pdu-main,total_cabinet,13.778,normalized-power,good,p1874
2025-12-31T16:15:00Z,cab-d04,,pdu-main,total_cabinet,13.776,normalized-power,good,p1875
2025-12-31T16:20:00Z,cab-d04,,pdu-main,total_cabinet,13.773,normalized-power,good,p1876
2025-12-31T16:25:00Z,cab-d04,,pdu-main,total_cabinet,13.771,normalized-power,good,p1877
2025-12-31T16:30:00Z,cab-d04,,pdu-main,total_cabinet,13.769,normalized-power,good,p1878
2025-12-31T16:35:00Z,cab-d04,,pdu-main,total_cabinet,13.767,normalized-power,good,p1879
2025-12-31T16:40:00Z,cab-d04,,pdu-main,total_cabinet,13.765,normalized-power,good,p1880
2025-12-31T16:45:00Z,cab-d04,,pdu-main,total_cabinet,13.763,normalized-power,good,p1881
2025-12-31T16:50:00Z,cab-d04,,pdu-main,total_cabinet,13.762,normalized-power,good,p1882
2025-12-31T16:55:00Z,cab-d04,,pdu-main,total_cabinet,13.76,normalized-power,good,p1883
2025-12-31T17:00:00Z,cab-d04,,pdu-main,total_cabinet,13.759,normalized-power,good,p1884
2025-12-31T17:05:00Z,cab-d04,,pdu-main,total_cabinet,13.757,normalized-power,good,p1885
2025-12-31T17:10:00Z,cab-d04,,pdu-main,total_cabinet,13.756,normalized-power,good,p1886
2025-12-31T17:15:00Z,cab-d04,,pdu-main,total_cabinet,13.755,normalized-power,good,p1887
2025-12-31T17:20:00Z,cab-d04,,pdu-main,total_cabinet,13.754,normalized-power,good,p1888
2025-12-31T17:25:00Z,cab-d04,,pdu-main,total_cabinet,13.753,normalized-power,good,p1889
2025-12-31T17:30:00Z,cab-d04,,pdu-main,total_cabinet,13.752,normalized-power,good,p1890
2025-12-31T17:35:00Z,cab-d04,,pdu-main,total_cabinet,13.751,normalized-power,good,p1891
2025-12-31T17:40:00Z,cab-d04,,pdu-main,total_cabinet,13.751,normalized-power,good,p1892
2025-12-31T17:45:00Z,cab-d04,,pdu-main,total_cabinet,13.751,normalized-power,good,p1893
2025-12-31T17:50:00Z,cab-d04,,pdu-main,total_cabinet,13.75,normalized-power,good,p1894
2025-12-31T17:55:00Z,cab-d04,,pdu-main,total_cabinet,13.75,normalized-power,good,p1895
2025-12-31T18:00:00Z,cab-d04,,pdu-main,total_cabinet,13.75,normalized-power,good,p1896
2025-12-31T18:05:00Z,cab-d04,,pdu-main,total_cabinet,13.75,normalized-power,good,p1897
2025-12-31T18:10:00Z,cab-d04,,pdu-main,total_cabinet,13.75,normalized-power,good,p1898
2025-12-31T18:15:00Z,cab-d04,,pdu-main,total_cabinet,13.751,normalized-power,good,p1899
2025-12-31T18:20:00Z,cab-d04,,pdu-main,total_cabinet,13.751,normalized-power,good,p1900
2025-12-31T18:25:00Z,cab-d04,,pdu-main,total_cabinet,13.751,normalized-power,good,p1901
2025-12-31T18:30:00Z,cab-d04,,pdu-main,total_cabinet,13.752,normalized-power,good,p1902
2025-12-31T18:35:00Z,cab-d04,,pdu-main,total_cabinet,13.753,normalized-power,good,p1903
2025-12-31T18:40:00Z,cab-d04,,pdu-main,total_cabinet,13.754,normalized-power,good,p1904
2025-12-31T18:45:00Z,cab-d04,,pdu-main,total_cabinet,13.755,normalized-power,good,p1905
2025-12-31T18:50:00Z,cab-d04,,pdu-main,total_cabinet,13.756,normalized-power,good,p1906
2025-12-31T18:55:00Z,cab-d04,,pdu-main,total_cabinet,13.757,normalized-power,good,p1907
2025-12-31T19:00:00Z,cab-d04,,pdu-main,total_cabinet,13.759,normalized-power,good,p1908
2025-12-31T19:05:00Z,cab-d04,,pdu-main,total_cabinet,13.76,normalized-power,good,p1909
2025-12-31T19:10:00Z,cab-d04,,pdu-main,total_cabinet,13.762,normalized-power,good,p1910
2025-12-31T19:15:00Z,cab-d04,,pdu-main,total_cabinet,13.763,normalized-power,good,p1911
2025-12-31T19:25:00Z,cab-d04,,pdu-main,total_cabinet,13.767,normalized-power,good,p1912
2025-12-31T19:30:00Z,cab-d04,,pdu-main,total_cabinet,13.769,normalized-power,good,p1913
2025-12-31T19:35:00Z,cab-d04,,pdu-main,total_cabinet,13.771,normalized-power,good,p1914
2025-12-31T19:40:00Z,cab-d04,,pdu-main,total_cabinet,13.773,normalized-power,good,p1915
2025-12-31T19:45:00Z,cab-d04,,pdu-main,total_cabinet,13.776,normalized-power,good,p1916
2025-12-31T19:50:00Z,cab-d04,,pdu-main,total_cabinet,13.778,normalized-power,good,p1917
2025-12-31T19:55:00Z,cab-d04,,pdu-main,total_cabinet,13.781,normalized-power,good,p1918
2025-12-31T20:00:00Z,cab-d04,,pdu-main,total_cabinet,13.783,normalized-power,good,p1919
2025-12-31T20:05:00Z,cab-d04,,pdu-main,total_cabinet,13.786,normalized-power,good,p1920
2025-12-31T20:10:00Z,cab-d04,,pdu-main,total_cabinet,13.789,normalized-power,good,p1921
2025-12-31T20:15:00Z,cab-d04,,pdu-main,total_cabinet,13.792,normalized-power,good,p1922
2025-12-31T20:20:00Z,cab-d04,,pdu-main,total_cabinet,13.795,normalized-power,good,p1923
2025-12-31T20:25:00Z,cab-d04,,pdu-main,total_cabinet,13.798,normalized-power,good,p1924
2025-12-31T20:30:00Z,cab-d04,,pdu-main,total_cabinet,13.802,normalized-power,good,p1925
2025-12-31T20:35:00Z,cab-d04,,pdu-main,total_cabinet,13.805,normalized-power,good,p1926
2025-12-31T20:40:00Z,cab-d04,,pdu-main,total_cabinet,13.808,normalized-power,good,p1927
2025-12-31T20:45:00Z,cab-d04,,pdu-main,total_cabinet,13.812,normalized-power,good,p1928
2025-12-31T20:50:00Z,cab-d04,,pdu-main,total_cabinet,13.816,normalized-power,good,p1929
2025-12-31T20:55:00Z,cab-d04,,pdu-main,total_cabinet,13.819,normalized-power,good,p1930
2025-12-31T21:00:00Z,cab-d04,,pdu-main,total_cabinet,13.823,normalized-power,good,p1931
2025-12-31T21:05:00Z,cab-d04,,pdu-main,total_cabinet,13.827,normalized-power,good,p1932
2025-12-31T21:10:00Z,cab-d04,,pdu-main,total_cabinet,13.831,normalized-power,good,p1933
2025-12-31T21:15:00Z,cab-d04,,pdu-main,total_cabinet,13.835,normalized-power,good,p1934
2025-12-31T21:20:00Z,cab-d04,,pdu-main,total_cabinet,13.839,normalized-power,good,p1935
2025-12-31T21:25:00Z,cab-d04,,pdu-main,total_cabinet,13.844,normalized-power,good,p1936
2025-12-31T21:30:00Z,cab-d04,,pdu-main,total_cabinet,13.848,normalized-power,good,p1937
2025-12-31T21:35:00Z,cab-d04,,pdu-main,total_cabinet,13.852,normalized-power,good,p1938
2025-12-31T21:40:00Z,cab-d04,,pdu-main,total_cabinet,13.857,normalized-power,good,p1939
2025-12-31T21:45:00Z,cab-d04,,pdu-main,total_cabinet,13.861,normalized-power,good,p1940
2025-12-31T21:50:00Z,cab-d04,,pdu-main,total_cabinet,13.866,normalized-power,good,p1941
2025-12-31T21:55:00Z,cab-d04,,pdu-main,total_cabinet,13.87,normalized-power,good,p1942
2025-12-31T22:00:00Z,cab-d04,,pdu-main,total_cabinet,13.875,normalized-power,good,p1943
2025-12-31T22:05:00Z,cab-d04,,pdu-main,total_cabinet,13.88,normalized-power,good,p1944
2025-12-31T22:10:00Z,cab-d04,,pdu-main,total_cabinet,13.885,normalized-power,good,p1945
2025-12-31T22:15:00Z,cab-d04,,pdu-main,total_cabinet,13.889,normalized-power,good,p1946
2025-12-31T22:20:00Z,cab-d04,,pdu-main,total_cabinet,13.894,normalized-power,good,p1947
2025-12-31T22:25:00Z,cab-d04,,pdu-main,total_cabinet,13.899,normalized-power,good,p1948
2025-12-31T22:30:00Z,cab-d04,,pdu-main,total_cabinet,13.904,normalized-power,good,p1949
2025-12-31T22:35:00Z,cab-d04,,pdu-main,total_cabinet,13.909,normalized-power,good,p1950
2025-12-31T22:45:00Z,cab-d04,,pdu-main,total_cabinet,13.92,normalized-power,good,p1951
2025-12-31T22:50:00Z,cab-d04,,pdu-main,total_cabinet,13.925,normalized-power,good,p1952
2025-12-31T22:55:00Z,cab-d04,,pdu-main,total_cabinet,13.93,normalized-power,good,p1953
2025-12-31T23:00:00Z,cab-d04,,pdu-main,total_cabinet,13.935,normalized-power,good,p1954
2025-12-31T23:05:00Z,cab-d04,,pdu-main,total_cabinet,13.941,normalized-power,good,p1955
2025-12-31T23:10:00Z,cab-d04,,pdu-main,total_cabinet,13.946,normalized-power,good,p1956
2025-12-31T23:15:00Z,cab-d04,,pdu-main,total_cabinet,13.951,normalized-power,good,p1957
2025-12-31T23:20:00Z,cab-d04,,pdu-main,total_cabinet,13.957,normalized-power,good,p1958
2025-12-31T23:25:00Z,cab-d04,,pdu-main,total_cabinet,13.962,normalized-power,good,p1959
2025-12-31T23:30:00Z,cab-d04,,pdu-main,total_cabinet,13.967,normalized-power,good,p1960
2025-12-31T23:35:00Z,cab-d04,,pdu-main,total_cabinet,13.973,normalized-power,good,p1961
2025-12-31T23:40:00Z,cab-d04,,pdu-main,total_cabinet,13.978,normalized-power,good,p1962
2025-12-31T23:45:00Z,cab-d04,,pdu-main,total_cabinet,13.984,normalized-power,good,p1963
2025-12-31T23:50:00Z,cab-d04,,pdu-main,total_cabinet,13.989,normalized-power,good,p1964
2025-12-31T23:55:00Z,cab-d04,,pdu-main,total_cabinet,13.995,normalized-power,good,p1965
