timestamp,cabinet_id,sensor_id,position,height,sensor_role,inlet_temp_c,source,reading_quality,source_row_id
2025-12-25T00:00:00Z,cab-a01,sensor-top,front_top,top,inlet,23.216,normalized-temperature,good,t1
2025-12-25T00:00:00Z,cab-a01,sensor-middle,front_middle,middle,inlet,22.116,normalized-temperature,good,t2
2025-12-25T00:00:00Z,cab-a01,sensor-bottom,front_bottom,bottom,inlet,21.216,normalized-temperature,good,t3
2025-12-25T00:05:00Z,cab-a01,sensor-top,front_top,top,inlet,23.234,normalized-temperature,good,t4
2025-12-25T00:05:00Z,cab-a01,sensor-middle,front_middle,middle,inlet,22.134,normalized-temperature,good,t5
2025-12-25T00:05:00Z,cab-a01,sensor-bottom,front_bottom,bottom,inlet,21.234,normalized-temperature,good,t6
2025-12-25T00:10:00Z,cab-a01,sensor-top,front_top,top,inlet,23.252,normalized-temperature,good,t7
2025-12-25T00:10:00Z,cab-a01,sensor-middle,front_middle,middle,inlet,22.152,normalized-temperature,good,t8
2025-12-25T00:10:00Z,cab-a01,sensor-bottom,front_bottom,bottom,inlet,21.252,normalized-temperature,good,t9
2025-12-25T00:15:00Z,cab-a01,sensor-top,front_top,top,inlet,22.609,normalized-temperature,good,t10
2025-12-25T00:15:00Z,cab-a01,sensor-middle,front_middle,middle,inlet,21.509,normalized-temperature,good,t11
2025-12-25T00:15:00Z,cab-a01,sensor-bottom,front_bottom,bottom,inlet,20.609,normalized-temperature,good,t12
2025-12-25T00:20:00Z,cab-a01,sensor-top,front_top,top,inlet,22.627,normalized-temperature,good,t13
2025-12-25T00:20:00Z,cab-a01,sensor-middle,front_middle,middle,inlet,21.527,normalized-temperature,good,t14
2025-12-25T00:20:00Z,cab-a01,sensor-bottom,front_bottom,bottom,inlet,20.627,normalized-temperature,good,t15
2025-12-25T00:25:00Z,cab-a01,sensor-top,front_top,top,inlet,22.644,normalized-temperature,good,t16
2025-12-25T00:25:00Z,cab-a01,sensor-middle,front_middle,middle,inlet,21.544,normalized-temperature,good,t17
2025-12-25T00:25:00Z,cab-a01,sensor-bottom,front_bottom,bottom,inlet,20.644,normalized-temperature,good,t18
2025-12-25T00:30:00Z,cab-a01,sensor-top,front_top,top,inlet,22.66,normalized-temperature,good,t19
2025-12-25T00:30:00Z,cab-a01,sensor-middle,front_middle,middle,inlet,21.56,normalized-temperature,good,t20
2025-12-25T00:30:00Z,cab-a01,sensor-bottom,front_bottom,bottom,inlet,20.66,normalized-temperature,good,t21
2025-12-25T00:35:00Z,cab-a01,sensor-top,front_top,top,inlet,22.677,normalized-temperature,good,t22
2025-12-25T00:35:00Z,cab-a01,sensor-middle,front_middle,middle,inlet,21.577,normalized-temperature,good,t23
2025-12-25T00:35:00Z,cab-a01,sensor-bottom,front_bottom,bottom,inlet,20.677,normalized-temperature,good,t24
2025-12-25T00:40:00Z,cab-a01,sensor-top,front_top,top,inlet,22.692,normalized-temperature,good,t25
2025-12-25T00:40:00Z,cab-a01,sensor-middle,front_middle,middle,inlet,21.592,normalized-temperature,good,t26
2025-12-25T00:40:00Z,cab-a01,sensor-bottom,front_bottom,bottom,inlet,20.692,normalized-temperature,good,t27
2025-12-25T00:45:00Z,cab-a01,sensor-top,front_top,top,inlet,22.707,normalized-temperature,good,t28
2025-12-25T00:45:00Z,cab-a01,sensor-middle,front_middle,middle,inlet,21.607,normalized-temperature,good,t29
2025-12-25T00:45:00Z,cab-a01,sensor-bottom,front_bottom,bottom,inlet,20.707,normalized-temperature,good,t30
2025-12-25T00:50:00Z,cab-a01,sensor-top,front_top,top,inlet,22.721,normalized-temperature,good,t31
2025-12-25T00:50:00Z,cab-a01,sensor-middle,front_middle,middle,inlet,21.621,normalized-temperature,good,t32
2025-12-25T00:50:00Z,cab-a01,sensor-bottom,front_bottom,bottom,inlet,20.721,normalized-temperature,good,t33
2025-12-25T00:55:00Z,cab-a01,sensor-top,front_top,top,inlet,22.735,normalized-temperature,good,t34
2025-12-25T00:55:00Z,cab-a01,sensor-middle,front_middle,middle,inlet,21.635,normalized-temperature,good,t35
2025-12-25T00:55:00Z,cab-a01,sensor-bottom,front_bottom,bottom,inlet,20.735,normalized-temperature,good,t36
2025-12-25T01:00:00Z,cab-a01,sensor-top,front_top,top,inlet,22.748,normalized-temperature,good,t37
2025-12-25T01:00:00Z,cab-a01,sensor-middle,front_middle,middle,inlet,21.648,normalized-temperature,good,t38
2025-12-25T01:00:00Z,cab-a01,sensor-bottom,front_bottom,bottom,inlet,20.748,normalized-temperature,good,t39
2025-12-25T01:05:00Z,cab-a01,sensor-top,front_top,top,inlet,22.76,normalized-temperature,good,t40
2025-12-25T01:05:00Z,cab-a01,sensor-middle,front_middle,middle,inlet,21.66,normalized-temperature,good,t41
2025-12-25T01:05:00Z,cab-a01,sensor-bottom,front_bottom,bottom,inlet,20.76,normalized-temperature,good,t42
2025-12-25T01:10:00Z,cab-a01,sensor-top,front_top,top,inlet,22.771,normalized-temperature,good,t43
2025-12-25T01:10:00Z,cab-a01,sensor-middle,front_middle,middle,inlet,21.671,normalized-temperature,good,t44
2025-12-25T01:10:00Z,cab-a01,sensor-bottom,front_bottom,bottom,inlet,20.771,normalized-temperature,good,t45
2025-12-25T01:15:00Z,cab-a01,sensor-top,front_top,top,inlet,22.781,normalized-temperature,good,t46
2025-12-25T01:15:00Z,cab-a01,sensor-middle,front_middle,middle,inlet,21.681,normalized-temperature,good,t47
2025-12-25T01:15:00Z,cab-a01,sensor-bottom,front_bottom,bottom,inlet,20.781,normalized-temperature,good,t48
2025-12-25T01:20:00Z,cab-a01,sensor-top,front_top,top,inlet,22.79,normalized-temperature,good,t49
2025-12-25T01:20:00Z,cab-a01,sensor-middle,front_middle,middle,inlet,21.69,normalized-temperature,good,t50
2025-12-25T01:20:00Z,cab-a01,sensor-bottom,front_bottom,bottom,inlet,20.79,normalized-temperature,good,t51
2025-12-25T01:25:00Z,cab-a01,sensor-top,front_top,top,inlet,22.799,normalized-temperature,good,t52
2025-12-25T01:25:00Z,cab-a01,sensor-middle,front_middle,middle,inlet,21.699,normalized-temperature,good,t53
2025-12-25T01:25:00Z,cab-a01,sensor-bottom,front_bottom,bottom,inlet,20.799,normalized-temperature,good,t54
2025-12-25T01:30:00Z,cab-a01,sensor-top,front_top,top,inlet,22.806,normalized-temperature,good,t55
2025-12-25T01:30:00Z,cab-a01,sensor-middle,front_middle,middle,inlet,21.706,normalized-temperature,good,t56
2025-12-25T01:30:00Z,cab-a01,sensor-bottom,front_bottom,bottom,inlet,20.806,normalized-temperature,good,t57
2025-12-25T01:35:00Z,cab-a01,sensor-top,front_top,top,inlet,22.813,normalized-temperature,good,t58
2025-12-25T01:35:00Z,cab-a01,sensor-middle,front_middle,middle,inlet,21.713,normalized-temperature,good,t59
2025-12-25T01:35:00Z,cab-a01,sensor-bottom,front_bottom,bottom,inlet,20.813,normalized-temperature,good,t60
2025-12-25T01:40:00Z,cab-a01,sensor-top,front_top,top,inlet,22.818,normalized-temperature,good,t61
2025-12-25T01:40:00Z,cab-a01,sensor-middle,front_middle,middle,inlet,21.718,normalized-temperature,good,t62
2025-12-25T01:40:00Z,cab-a01,sensor-bottom,front_bottom,bottom,inlet,20.818,normalized-temperature,good,t63
2025-12-25T01:45:00Z,cab-a01,sensor-top,front_top,top,inlet,22.823,normalized-temperature,good,t64
2025-12-25T01:45:00Z,cab-a01,sensor-middle,front_middle,middle,inlet,21.723,normalized-temperature,good,t65
2025-12-25T01:45:00Z,cab-a01,sensor-bottom,front_bottom,bottom,inlet,20.823,normalized-temperature,good,t66
2025-12-25T01:50:00Z,cab-a01,sensor-top,front_top,top,inlet,22.827,normalized-temperature,good,t67
2025-12-25T01:50:00Z,cab-a01,sensor-middle,front_middle,middle,inlet,21.727,normalized-temperature,good,t68
2025-12-25T01:50:00Z,cab-a01,sensor-bottom,front_bottom,bottom,inlet,20.827,normalized-temperature,good,t69
2025-12-25T01:55:00Z,cab-a01,sensor-top,front_top,top,inlet,22.83,normalized-temperature,good,t70
2025-12-25T01:55:00Z,cab-a01,sensor-middle,front_middle,middle,inlet,21.73,normalized-temperature,good,t71
2025-12-25T01:55:00Z,cab-a01,sensor-bottom,front_bottom,bottom,inlet,20.83,normalized-temperature,good,t72
2025-12-25T02:00:00Z,cab-a01,sensor-top,front_top,top,inlet,22.831,normalized-temperature,good,t73
2025-12-25T02:00:00Z,cab-a01,sensor-middle,front_middle,middle,inlet,21.731,normalized-temperature,good,t74
2025-12-25T02:00:00Z,cab-a01,sensor-bottom,front_bottom,bottom,inlet,20.831,normalized-temperature,good,t75
2025-12-25T02:05:00Z,cab-a01,sensor-top,front_top,top,inlet,22.832,normalized-temperature,good,t76
2025-12-25T02:05:00Z,cab-a01,sensor-middle,front_middle,middle,inlet,21.732,normalized-temperature,good,t77
2025-12-25T02:05:00Z,cab-a01,sensor-bottom,front_bottom,bottom,inlet,20.832,normalized-temperature,good,t78
2025-12-25T02:10:00Z,cab-a01,sensor-top,front_top,top,inlet,22.833,normalized-temperature,good,t79
2025-12-25T02:10:00Z,cab-a01,sensor-middle,front_middle,middle,inlet,21.733,normalized-temperature,good,t80
2025-12-25T02:10:00Z,cab-a01,sensor-bottom,front_bottom,bottom,inlet,20.833,normalized-temperature,good,t81
2025-12-25T02:15:00Z,cab-a01,sensor-top,front_top,top,inlet,22.832,normalized-temperature,good,t82
2025-12-25T02:15:00Z,cab-a01,sensor-middle,front_middle,middle,inlet,21.732,normalized-temperature,good,t83
2025-12-25T02:15:00Z,cab-a01,sensor-bottom,front_bottom,bottom,inlet,20.832,normalized-temperature,good,t84
2025-12-25T02:20:00Z,cab-a01,sensor-top,front_top,top,inlet,22.831,normalized-temperature,good,t85
2025-12-25T02:20:00Z,cab-a01,sensor-middle,front_middle,middle,inlet,21.731,normalized-temperature,good,t86
2025-12-25T02:20:00Z,cab-a01,sensor-bottom,front_bottom,bottom,inlet,20.831,normalized-temperature,good,t87
2025-12-25T02:25:00Z,cab-a01,sensor-top,front_top,top,inlet,22.829,normalized-temperature,good,t88
2025-12-25T02:25:00Z,cab-a01,sensor-middle,front_middle,middle,inlet,21.729,normalized-temperature,good,t89
2025-12-25T02:25:00Z,cab-a01,sensor-bottom,front_bottom,bottom,inlet,20.829,normalized-temperature,good,t90
2025-12-25T02:30:00Z,cab-a01,sensor-top,front_top,top,inlet,22.826,normalized-temperature,good,t91
2025-12-25T02:30:00Z,cab-a01,sensor-middle,front_middle,middle,inlet,21.726,normalized-temperature,good,t92
2025-12-25T02:30:00Z,cab-a01,sensor-bottom,front_bottom,bottom,inlet,20.826,normalized-temperature,good,t93
2025-12-25T02:35:00Z,cab-a01,sensor-top,front_top,top,inlet,22.823,normalized-temperature,good,t94
2025-12-25T02:35:00Z,cab-a01,sensor-middle,front_middle,middle,inlet,21.723,normalized-temperature,good,t95
2025-12-25T02:35:00Z,cab-a01,sensor-bottom,front_bottom,bottom,inlet,20.823,normalized-temperature,good,t96
2025-12-25T02:40:00Z,cab-a01,sensor-top,front_top,top,inlet,22.82,normalized-temperature,good,t97
2025-12-25T02:40:00Z,cab-a01,sensor-middle,front_middle,middle,inlet,21.72,normalized-temperature,good,t98
2025-12-25T02:40:00Z,cab-a01,sensor-bottom,front_bottom,bottom,inlet,20.82,normalized-temperature,good,t99
2025-12-25T02:45:00Z,cab-a01,sensor-top,front_top,top,inlet,22.816,normalized-temperature,good,t100
2025-12-25T02:45:00Z,cab-a01,sensor-middle,front_middle,middle,inlet,21.716,normalized-temperature,good,t101
2025-12-25T02:45:00Z,cab-a01,sensor-bottom,front_bottom,bottom,inlet,20.816,normalized-temperature,good,t102
2025-12-25T02:50:00Z,cab-a01,sensor-top,front_top,top,inlet,22.811,normalized-temperature,good,t103
2025-12-25T02:50:00Z,cab-a01,sensor-middle,front_middle,middle,inlet,21.711,normalized-temperature,good,t104
2025-12-25T02:50:00Z,cab-a01,sensor-bottom,front_bottom,bottom,inlet,20.811,normalized-temperature,good,t105
2025-12-25T02:55:00Z,cab-a01,sensor-top,front_top,top,inlet,22.806,normalized-temperature,good,t106
2025-12-25T02:55:00Z,cab-a01,sensor-middle,front_middle,middle,inlet,21.706,normalized-temperature,good,t107
2025-12-25T02:55:00Z,cab-a01,sensor-bottom,front_bottom,bottom,inlet,20.806,normalized-temperature,good,t108
2025-12-25T03:00:00Z,cab-a01,sensor-top,front_top,top,inlet,22.801,normalized-temperature,good,t109
2025-12-25T03:00:00Z,cab-a01,sensor-middle,front_middle,middle,inlet,21.701,normalized-temperature,good,t110
2025-12-25T03:00:00Z,cab-a01,sensor-bottom,front_bottom,bottom,inlet,20.801,normalized-temperature,good,t111
2025-12-25T03:05:00Z,cab-a01,sensor-top,front_top,top,inlet,22.796,normalized-temperature,good,t112
2025-12-25T03:05:00Z,cab-a01,sensor-middle,front_middle,middle,inlet,21.696,normalized-temperature,good,t113
2025-12-25T03:05:00Z,cab-a01,sensor-bottom,front_bottom,bottom,inlet,20.796,normalized-temperature,good,t114
2025-12-25T03:10:00Z,cab-a01,sensor-top,front_top,top,inlet,22.791,normalized-temperature,good,t115
2025-12-25T03:10:00Z,cab-a01,sensor-middle,front_middle,middle,inlet,21.691,normalized-temperature,good,t116
2025-12-25T03:10:00Z,cab-a01,sensor-bottom,front_bottom,bottom,inlet,20.791,normalized-temperature,good,t117
2025-12-25T03:15:00Z,cab-a01,sensor-top,front_top,top,inlet,22.786,normalized-temperature,good,t118
2025-12-25T03:15:00Z,cab-a01,sensor-middle,front_middle,middle,inlet,21.686,normalized-temperature,good,t119
2025-12-25T03:15:00Z,cab-a01,sensor-bottom,front_bottom,bottom,inlet,20.786,normalized-temperature,good,t120
2025-12-25T03:20:00Z,cab-a01,sensor-top,front_top,top,inlet,22.78,normalized-temperature,good,t121
2025-12-25T03:20:00Z,cab-a01,sensor-middle,front_middle,middle,inlet,21.68,normalized-temperature,good,t122
2025-12-25T03:20:00Z,cab-a01,sensor-bottom,front_bottom,bottom,inlet,20.78,normalized-temperature,good,t123
2025-12-25T03:25:00Z,cab-a01,sensor-top,front_top,top,inlet,22.775,normalized-temperature,good,t124
2025-12-25T03:25:00Z,cab-a01,sensor-middle,front_middle,middle,inlet,21.675,normalized-temperature,good,t125
2025-12-25T03:25:00Z,cab-a01,sensor-bottom,front_bottom,bottom,inlet,20.775,normalized-temperature,good,t126
2025-12-25T03:30:00Z,cab-a01,sensor-top,front_top,top,inlet,22.771,normalized-temperature,good,t127
2025-12-25T03:30:00Z,cab-a01,sensor-middle,front_middle,middle,inlet,21.671,normalized-temperature,good,t128
2025-12-25T03:30:00Z,cab-a01,sensor-bottom,front_bottom,bottom,inlet,20.771,normalized-temperature,good,t129
2025-12-25T03:35:00Z,cab-a01,sensor-top,front_top,top,inlet,22.766,normalized-temperature,good,t130
2025-12-25T03:35:00Z,cab-a01,sensor-middle,front_middle,middle,inlet,21.666,normalized-temperature,good,t131
2025-12-25T03:35:00Z,cab-a01,sensor-bottom,front_bottom,bottom,inlet,20.766,normalized-temperature,good,t132
2025-12-25T03:40:00Z,cab-a01,sensor-top,front_top,top,inlet,22.762,normalized-temperature,good,t133
2025-12-25T03:40:00Z,cab-a01,sensor-middle,front_middle,middle,inlet,21.662,normalized-temperature,good,t134
2025-12-25T03:40:00Z,cab-a01,sensor-bottom,front_bottom,bottom,inlet,20.762,normalized-temperature,good,t135
2025-12-25T03:45:00Z,cab-a01,sensor-top,front_top,top,inlet,22.758,normalized-temperature,good,t136
2025-12-25T03:45:00Z,cab-a01,sensor-middle,front_middle,middle,inlet,21.658,normalized-temperature,good,t137
2025-12-25T03:45:00Z,cab-a01,sensor-bottom,front_bottom,bottom,inlet,20.758,normalized-temperature,good,t138
2025-12-25T03:50:00Z,cab-a01,sensor-top,front_top,top,inlet,22.754,normalized-temperature,good,t139
2025-12-25T03:50:00Z,cab-a01,sensor-middle,front_middle,middle,inlet,21.654,normalized-temperature,good,t140
2025-12-25T03:50:00Z,cab-a01,sensor-bottom,front_bottom,bottom,inlet,20.754,normalized-temperature,good,t141
2025-12-25T03:55:00Z,cab-a01,sensor-top,front_top,top,inlet,22.751,normalized-temperature,good,t142
2025-12-25T03:55:00Z,cab-a01,sensor-middle,front_middle,middle,inlet,21.651,normalized-temperature,good,t143
2025-12-25T03:55:00Z,cab-a01,sensor-bottom,front_bottom,bottom,inlet,20.751,normalized-temperature,good,t144
2025-12-25T04:00:00Z,cab-a01,sensor-top,front_top,top,inlet,22.748,normalized-temperature,good,t145
2025-12-25T04:00:00Z,cab-a01,sensor-middle,front_middle,middle,inlet,21.648,normalized-temperature,good,t146
2025-12-25T04:00:00Z,cab-a01,sensor-bottom,front_bottom,bottom,inlet,20.748,normalized-temperature,good,t147
2025-12-25T04:05:00Z,cab-a01,sensor-top,front_top,top,inlet,22.746,normalized-temperature,good,t148
2025-12-25T04:05:00Z,cab-a01,sensor-middle,front_middle,middle,inlet,21.646,normalized-temperature,good,t149
2025-12-25T04:05:00Z,cab-a01,sensor-bottom,front_bottom,bottom,inlet,20.746,normalized-temperature,good,t150
2025-12-25T04:10:00Z,cab-a01,sensor-top,front_top,top,inlet,22.745,normalized-temperature,good,t151
2025-12-25T04:10:00Z,cab-a01,sensor-middle,front_middle,middle,inlet,21.645,normalized-temperature,good,t152
2025-12-25T04:10:00Z,cab-a01,sensor-bottom,front_bottom,bottom,inlet,20.745,normalized-temperature,good,t153
2025-12-25T04:15:00Z,cab-a01,sensor-top,front_top,top,inlet,22.744,normalized-temperature,good,t154
2025-12-25T04:15:00Z,cab-a01,sensor-middle,front_middle,middle,inlet,21.644,normalized-temperature,good,t155
2025-12-25T04:15:00Z,cab-a01,sensor-bottom,front_bottom,bottom,inlet,20.744,normalized-temperature,good,t156
2025-12-25T04:20:00Z,cab-a01,sensor-top,front_top,top,inlet,22.744,normalized-temperature,good,t157
2025-12-25T04:20:00Z,cab-a01,sensor-middle,front_middle,middle,inlet,21.644,normalized-temperature,good,t158
2025-12-25T04:20:00Z,cab-a01,sensor-bottom,front_bottom,bottom,inlet,20.744,normalized-temperature,good,t159
2025-12-25T04:25:00Z,cab-a01,sensor-top,front_top,top,inlet,22.744,normalized-temperature,good,t160
2025-12-25T04:25:00Z,cab-a01,sensor-middle,front_middle,middle,inlet,21.644,normalized-temperature,good,t161
2025-12-25T04:25:00Z,cab-a01,sensor-bottom,front_bottom,bottom,inlet,20.744,normalized-temperature,good,t162
2025-12-25T04:30:00Z,cab-a01,sensor-top,front_top,top,inlet,22.745,normalized-temperature,good,t163
2025-12-25T04:30:00Z,cab-a01,sensor-middle,front_middle,middle,inlet,21.645,normalized-temperature,good,t164
2025-12-25T04:30:00Z,cab-a01,sensor-bottom,front_bottom,bottom,inlet,20.745,normalized-temperature,good,t165
2025-12-25T04:35:00Z,cab-a01,sensor-top,front_top,top,inlet,22.747,normalized-temperature,good,t166
2025-12-25T04:35:00Z,cab-a01,sensor-middle,front_middle,middle,inlet,21.647,normalized-temperature,good,t167
2025-12-25T04:35:00Z,cab-a01,sensor-bottom,front_bottom,bottom,inlet,20.747,normalized-temperature,good,t168
2025-12-25T04:40:00Z,cab-a01,sensor-top,front_top,top,inlet,22.749,normalized-temperature,good,t169
2025-12-25T04:40:00Z,cab-a01,sensor-middle,front_middle,middle,inlet,21.649,normalized-temperature,good,t170
2025-12-25T04:40:00Z,cab-a01,sensor-bottom,front_bottom,bottom,inlet,20.749,normalized-temperature,good,t171
2025-12-25T04:45:00Z,cab-a01,sensor-top,front_top,top,inlet,22.752,normalized-temperature,good,t172
2025-12-25T04:45:00Z,cab-a01,sensor-middle,front_middle,middle,inlet,21.652,normalized-temperature,good,t173
2025-12-25T04:45:00Z,cab-a01,sensor-bottom,front_bottom,bottom,inlet,20.752,normalized-temperature,good,t174
2025-12-25T04:50:00Z,cab-a01,sensor-top,front_top,top,inlet,22.756,normalized-temperature,good,t175
2025-12-25T04:50:00Z,cab-a01,sensor-middle,front_middle,middle,inlet,21.656,normalized-temperature,good,t176
2025-12-25T04:50:00Z,cab-a01,sensor-bottom,front_bottom,bottom,inlet,20.756,normalized-temperature,good,t177
2025-12-25T04:55:00Z,cab-a01,sensor-top,front_top,top,inlet,22.76,normalized-temperature,good,t178
2025-12-25T04:55:00Z,cab-a01,sensor-middle,front_middle,middle,inlet,21.66,normalized-temperature,good,t179
2025-12-25T04:55:00Z,cab-a01,sensor-bottom,front_bottom,bottom,inlet,20.76,normalized-temperature,good,t180
2025-12-25T05:00:00Z,cab-a01,sensor-top,front_top,top,inlet,22.765,normalized-temperature,good,t181
2025-12-25T05:00:00Z,cab-a01,sensor-middle,front_middle,middle,inlet,21.665,normalized-temperature,good,t182
2025-12-25T05:00:00Z,cab-a01,sensor-bottom,front_bottom,bottom,inlet,20.765,normalized-temperature,good,t183
2025-12-25T05:05:00Z,cab-a01,sensor-top,front_top,top,inlet,22.77,normalized-temperature,good,t184
2025-12-25T05:05:00Z,cab-a01,sensor-middle,front_middle,middle,inlet,21.67,normalized-temperature,good,t185
2025-12-25T05:05:00Z,cab-a01,sensor-bottom,front_bottom,bottom,inlet,20.77,normalized-temperature,good,t186
2025-12-25T05:10:00Z,cab-a01,sensor-top,front_top,top,inlet,22.776,normalized-temperature,good,t187
2025-12-25T05:10:00Z,cab-a01,sensor-middle,front_middle,middle,inlet,21.676,normalized-temperature,good,t188
2025-12-25T05:10:00Z,cab-a01,sensor-bottom,front_bottom,bottom,inlet,20.776,normalized-temperature,good,t189
2025-12-25T05:15:00Z,cab-a01,sensor-top,front_top,top,inlet,22.782,normalized-temperature,good,t190
2025-12-25T05:15:00Z,cab-a01,sensor-middle,front_middle,middle,inlet,21.682,normalized-temperature,good,t191
2025-12-25T05:15:00Z,cab-a01,sensor-bottom,front_bottom,bottom,inlet,20.782,normalized-temperature,good,t192
2025-12-25T05:20:00Z,cab-a01,sensor-top,front_top,top,inlet,22.789,normalized-temperature,good,t193
2025-12-25T05:20:00Z,cab-a01,sensor-middle,front_middle,middle,inlet,21.689,normalized-temperature,good,t194
2025-12-25T05:20:00Z,cab-a01,sensor-bottom,front_bottom,bottom,inlet,20.789,normalized-temperature,good,t195
2025-12-25T05:25:00Z,cab-a01,sensor-top,front_top,top,inlet,22.796,normalized-temperature,good,t196
2025-12-25T05:25:00Z,cab-a01,sensor-middle,front_middle,middle,inlet,21.696,normalized-temperature,good,t197
2025-12-25T05:25:00Z,cab-a01,sensor-bottom,front_bottom,bottom,inlet,20.796,normalized-temperature,good,t198
2025-12-25T05:30:00Z,cab-a01,sensor-top,front_top,top,inlet,22.803,normalized-temperature,good,t199
2025-12-25T05:30:00Z,cab-a01,sensor-middle,front_middle,middle,inlet,21.703,normalized-temperature,good,t200
2025-12-25T05:30:00Z,cab-a01,sensor-bottom,front_bottom,bottom,inlet,20.803,normalized-temperature,good,t201
2025-12-25T05:35:00Z,cab-a01,sensor-top,front_top,top,inlet,22.81,normalized-temperature,good,t202
2025-12-25T05:35:00Z,cab-a01,sensor-middle,front_middle,middle,inlet,21.71,normalized-temperature,good,t203
2025-12-25T05:35:00Z,cab-a01,sensor-bottom,front_bottom,bottom,inlet,20.81,normalized-temperature,good,t204
2025-12-25T05:40:00Z,cab-a01,sensor-top,front_top,top,inlet,22.818,normalized-temperature,good,t205
2025-12-25T05:40:00Z,cab-a01,sensor-middle,front_middle,middle,inlet,21.718,normalized-temperature,good,t206
2025-12-25T05:40:00Z,cab-a01,sensor-bottom,front_bottom,bottom,inlet,20.818,normalized-temperature,good,t207
2025-12-25T05:45:00Z,cab-a01,sensor-top,front_top,top,inlet,22.826,normalized-temperature,good,t208
2025-12-25T05:45:00Z,cab-a01,sensor-middle,front_middle,middle,inlet,21.726,normalized-temperature,good,t209
2025-12-25T05:45:00Z,cab-a01,sensor-bottom,front_bottom,bottom,inlet,20.826,normalized-temperature,good,t210
2025-12-25T05:50:00Z,cab-a01,sensor-top,front_top,top,inlet,22.834,normalized-temperature,good,t211
2025-12-25T05:50:00Z,cab-a01,sensor-middle,front_middle,middle,inlet,21.734,normalized-temperature,good,t212
2025-12-25T05:50:00Z,cab-a01,sensor-bottom,front_bottom,bottom,inlet,20.834,normalized-temperature,good,t213
2025-12-25T05:55:00Z,cab-a01,sensor-top,front_top,top,inlet,22.841,normalized-temperature,good,t214
2025-12-25T05:55:00Z,cab-a01,sensor-middle,front_middle,middle,inlet,21.741,normalized-temperature,good,t215
2025-12-25T05:55:00Z,cab-a01,sensor-bottom,front_bottom,bottom,inlet,20.841,normalized-temperature,good,t216
2025-12-25T06:00:00Z,cab-a01,sensor-top,front_top,top,inlet,22.849,normalized-temperature,good,t217
2025-12-25T06:00:00Z,cab-a01,sensor-middle,front_middle,middle,inlet,21.749,normalized-temperature,good,t218
2025-12-25T06:00:00Z,cab-a01,sensor-bottom,front_bottom,bottom,inlet,20.849,normalized-temperature,good,t219
2025-12-25T06:05:00Z,cab-a01,sensor-top,front_top,top,inlet,22.857,normalized-temperature,good,t220
2025-12-25T06:05:00Z,cab-a01,sensor-middle,front_middle,middle,inlet,21.757,normalized-temperature,good,t221
2025-12-25T06:05:00Z,cab-a01,sensor-bottom,front_bottom,bottom,inlet,20.857,normalized-temperature,good,t222
2025-12-25T06:10:00Z,cab-a01,sensor-top,front_top,top,inlet,22.864,normalized-temperature,good,t223
2025-12-25T06:10:00Z,cab-a01,sensor-middle,front_middle,middle,inlet,21.764,normalized-temperature,good,t224
2025-12-25T06:10:00Z,cab-a01,sensor-bottom,front_bottom,bottom,inlet,20.864,normalized-temperature,good,t225
2025-12-25T06:15:00Z,cab-a01,sensor-top,front_top,top,inlet,22.871,normalized-temperature,good,t226
2025-12-25T06:15:00Z,cab-a01,sensor-middle,front_middle,middle,inlet,21.771,normalized-temperature,good,t227
2025-12-25T06:15:00Z,cab-a01,sensor-bottom,front_bottom,bottom,inlet,20.871,normalized-temperature,good,t228
2025-12-25T06:20:00Z,cab-a01,sensor-top,front_top,top,inlet,22.877,normalized-temperature,good,t229
2025-12-25T06:20:00Z,cab-a01,sensor-middle,front_middle,middle,inlet,21.777,normalized-temperature,good,t230
2025-12-25T06:20:00Z,cab-a01,sensor-bottom,front_bottom,bottom,inlet,20.877,normalized-temperature,good,t231
2025-12-25T06:25:00Z,cab-a01,sensor-top,front_top,top,inlet,22.883,normalized-temperature,good,t232
2025-12-25T06:25:00Z,cab-a01,sensor-middle,front_middle,middle,inlet,21.783,normalized-temperature,good,t233
2025-12-25T06:25:00Z,cab-a01,sensor-bottom,front_bottom,bottom,inlet,20.883,normalized-temperature,good,t234
2025-12-25T06:30:00Z,cab-a01,sensor-top,front_top,top,inlet,22.889,normalized-temperature,good,t235
2025-12-25T06:30:00Z,cab-a01,sensor-middle,front_middle,middle,inlet,21.789,normalized-temperature,good,t236
2025-12-25T06:30:00Z,cab-a01,sensor-bottom,front_bottom,bottom,inlet,20.889,normalized-temperature,good,t237
2025-12-25T06:35:00Z,cab-a01,sensor-top,front_top,top,inlet,22.894,normalized-temperature,good,t238
2025-12-25T06:35:00Z,cab-a01,sensor-middle,front_middle,middle,inlet,21.794,normalized-temperature,good,t239
2025-12-25T06:35:00Z,cab-a01,sensor-bottom,front_bottom,bottom,inlet,20.894,normalized-temperature,good,t240
2025-12-25T06:40:00Z,cab-a01,sensor-top,front_top,top,inlet,22.898,normalized-temperature,good,t241
2025-12-25T06:40:00Z,cab-a01,sensor-middle,front_middle,middle,inlet,21.798,normalized-temperature,good,t242
2025-12-25T06:40:00Z,cab-a01,sensor-bottom,front_bottom,bottom,inlet,20.898,normalized-temperature,good,t243
2025-12-25T06:45:00Z,cab-a01,sensor-top,front_top,top,inlet,22.902,normalized-temperature,good,t244
2025-12-25T06:45:00Z,cab-a01,sensor-middle,front_middle,middle,inlet,21.802,normalized-temperature,good,t245
2025-12-25T06:45:00Z,cab-a01,sensor-bottom,front_bottom,bottom,inlet,20.902,normalized-temperature,good,t246
2025-12-25T06:50:00Z,cab-a01,sensor-top,front_top,top,inlet,22.904,normalized-temperature,good,t247
2025-12-25T06:50:00Z,cab-a01,sensor-middle,front_middle,middle,inlet,21.804,normalized-temperature,good,t248
2025-12-25T06:50:00Z,cab-a01,sensor-bottom,front_bottom,bottom,inlet,20.904,normalized-temperature,good,t249
2025-12-25T06:55:00Z,cab-a01,sensor-top,front_top,top,inlet,22.906,normalized-temperature,good,t250
2025-12-25T06:55:00Z,cab-a01,sensor-middle,front_middle,middle,inlet,21.806,normalized-temperature,good,t251
2025-12-25T06:55:00Z,cab-a01,sensor-bottom,front_bottom,bottom,inlet,20.906,normalized-temperature,good,t252
2025-12-25T07:00:00Z,cab-a01,sensor-top,front_top,top,inlet,22.907,normalized-temperature,good,t253
2025-12-25T07:00:00Z,cab-a01,sensor-middle,front_middle,middle,inlet,21.807,normalized-temperature,good,t254
2025-12-25T07:00:00Z,cab-a01,sensor-bottom,front_bottom,bottom,inlet,20.907,normalized-temperature,good,t255
2025-12-25T07:05:00Z,cab-a01,sensor-top,front_top,top,inlet,22.908,normalized-temperature,good,t256
2025-12-25T07:05:00Z,cab-a01,sensor-middle,front_middle,middle,inlet,21.808,normalized-temperature,good,t257
2025-12-25T07:05:00Z,cab-a01,sensor-bottom,front_bottom,bottom,inlet,20.908,normalized-temperature,good,t258
2025-12-25T07:10:00Z,cab-a01,sensor-top,front_top,top,inlet,22.907,normalized-temperature,good,t259
2025-12-25T07:10:00Z,cab-a01,sensor-middle,front_middle,middle,inlet,21.807,normalized-temperature,good,t260
2025-12-25T07:10:00Z,cab-a01,sensor-bottom,front_bottom,bottom,inlet,20.907,normalized-temperature,good,t261
2025-12-25T07:15:00Z,cab-a01,sensor-top,front_top,top,inlet,22.905,normalized-temperature,good,t262
2025-12-25T07:15:00Z,cab-a01,sensor-middle,front_middle,middle,inlet,21.805,normalized-temperature,good,t263
2025-12-25T07:15:00Z,cab-a01,sensor-bottom,front_bottom,bottom,inlet,20.905,normalized-temperature,good,t264
2025-12-25T07:20:00Z,cab-a01,sensor-top,front_top,top,inlet,22.903,normalized-temperature,good,t265
2025-12-25T07:20:00Z,cab-a01,sensor-middle,front_middle,middle,inlet,21.803,normalized-temperature,good,t266
2025-12-25T07:20:00Z,cab-a01,sensor-bottom,front_bottom,bottom,inlet,20.903,normalized-temperature,good,t267
2025-12-25T07:25:00Z,cab-a01,sensor-top,front_top,top,inlet,22.899,normalized-temperature,good,t268
2025-12-25T07:25:00Z,cab-a01,sensor-middle,front_middle,middle,inlet,21.799,normalized-temperature,good,t269
2025-12-25T07:25:00Z,cab-a01,sensor-bottom,front_bottom,bottom,inlet,20.899,normalized-temperature,good,t270
2025-12-25T07:30:00Z,cab-a01,sensor-top,front_top,top,inlet,22.895,normalized-temperature,good,t271
2025-12-25T07:30:00Z,cab-a01,sensor-middle,front_middle,middle,inlet,21.795,normalized-temperature,good,t272
2025-12-25T07:30:00Z,cab-a01,sensor-bottom,front_bottom,bottom,inlet,20.895,normalized-temperature,good,t273
2025-12-25T07:35:00Z,cab-a01,sensor-top,front_top,top,inlet,22.889,normalized-temperature,good,t274
2025-12-25T07:35:00Z,cab-a01,sensor-middle,front_middle,middle,inlet,21.789,normalized-temperature,good,t275
2025-12-25T07:35:00Z,cab-a01,sensor-bottom,front_bottom,bottom,inlet,20.889,normalized-temperature,good,t276
2025-12-25T07:40:00Z,cab-a01,sensor-top,front_top,top,inlet,22.883,normalized-temperature,good,t277
2025-12-25T07:40:00Z,cab-a01,sensor-middle,front_middle,middle,inlet,21.783,normalized-temperature,good,t278
2025-12-25T07:40:00Z,cab-a01,sensor-bottom,front_bottom,bottom,inlet,20.883,normalized-temperature,good,t279
2025-12-25T07:45:00Z,cab-a01,sensor-top,front_top,top,inlet,22.875,normalized-temperature,good,t280
2025-12-25T07:45:00Z,cab-a01,sensor-middle,front_middle,middle,inlet,21.775,normalized-temperature,good,t281
2025-12-25T07:45:00Z,cab-a01,sensor-bottom,front_bottom,bottom,inlet,20.875,normalized-temperature,good,t282
2025-12-25T07:50:00Z,cab-a01,sensor-top,front_top,top,inlet,22.867,normalized-temperature,good,t283
2025-12-25T07:50:00Z,cab-a01,sensor-middle,front_middle,middle,inlet,21.767,normalized-temperature,good,t284
2025-12-25T07:50:00Z,cab-a01,sensor-bottom,front_bottom,bottom,inlet,20.867,normalized-temperature,good,t285
2025-12-25T07:55:00Z,cab-a01,sensor-top,front_top,top,inlet,22.857,normalized-temperature,good,t286
2025-12-25T07:55:00Z,cab-a01,sensor-middle,front_middle,middle,inlet,21.757,normalized-temperature,good,t287
2025-12-25T07:55:00Z,cab-a01,sensor-bottom,front_bottom,bottom,inlet,20.857,normalized-temperature,good,t288
2025-12-25T08:00:00Z,cab-a01,sensor-top,front_top,top,inlet,22.847,normalized-temperature,good,t289
2025-12-25T08:00:00Z,cab-a01,sensor-middle,front_middle,middle,inlet,21.747,normalized-temperature,good,t290
2025-12-25T08:00:00Z,cab-a01,sensor-bottom,front_bottom,bottom,inlet,20.847,normalized-temperature,good,t291
2025-12-25T08:05:00Z,cab-a01,sensor-top,front_top,top,inlet,22.836,normalized-temperature,good,t292
2025-12-25T08:05:00Z,cab-a01,sensor-middle,front_middle,middle,inlet,21.736,normalized-temperature,good,t293
2025-12-25T08:05:00Z,cab-a01,sensor-bottom,front_bottom,bottom,inlet,20.836,normalized-temperature,good,t294
2025-12-25T08:10:00Z,cab-a01,sensor-top,front_top,top,inlet,22.824,normalized-temperature,good,t295
2025-12-25T08:10:00Z,cab-a01,sensor-middle,front_middle,middle,inlet,21.724,normalized-temperature,good,t296
2025-12-25T08:10:00Z,cab-a01,sensor-bottom,front_bottom,bottom,inlet,20.824,normalized-temperature,good,t297
2025-12-25T08:15:00Z,cab-a01,sensor-top,front_top,top,inlet,22.811,normalized-temperature,good,t298
2025-12-25T08:15:00Z,cab-a01,sensor-middle,front_middle,middle,inlet,21.711,normalized-temperature,good,t299
2025-12-25T08:15:00Z,cab-a01,sensor-bottom,front_bottom,bottom,inlet,20.811,normalized-temperature,good,t300
2025-12-25T08:20:00Z,cab-a01,sensor-top,front_top,top,inlet,22.797,normalized-temperature,good,t301
2025-12-25T08:20:00Z,cab-a01,sensor-middle,front_middle,middle,inlet,21.697,normalized-temperature,good,t302
2025-12-25T08:20:00Z,cab-a01,sensor-bottom,front_bottom,bottom,inlet,20.797,normalized-temperature,good,t303
2025-12-25T08:25:00Z,cab-a01,sensor-top,front_top,top,inlet,22.783,normalized-temperature,good,t304
2025-12-25T08:25:00Z,cab-a01,sensor-middle,front_middle,middle,inlet,21.683,normalized-temperature,good,t305
2025-12-25T08:25:00Z,cab-a01,sensor-bottom,front_bottom,bottom,inlet,20.783,normalized-temperature,good,t306
2025-12-25T08:30:00Z,cab-a01,sensor-top,front_top,top,inlet,22.769,normalized-temperature,good,t307
2025-12-25T08:30:00Z,cab-a01,sensor-middle,front_middle,middle,inlet,21.669,normalized-temperature,good,t308
2025-12-25T08:30:00Z,cab-a01,sensor-bottom,front_bottom,bottom,inlet,20.769,normalized-temperature,good,t309
2025-12-25T08:35:00Z,cab-a01,sensor-top,front_top,top,inlet,22.753,normalized-temperature,good,t310
2025-12-25T08:35:00Z,cab-a01,sensor-middle,front_middle,middle,inlet,21.653,normalized-temperature,good,t311
2025-12-25T08:35:00Z,cab-a01,sensor-bottom,front_bottom,bottom,inlet,20.753,normalized-temperature,good,t312
2025-12-25T08:40:00Z,cab-a01,sensor-top,front_top,top,inlet,22.738,normalized-temperature,good,t313
2025-12-25T08:40:00Z,cab-a01,sensor-middle,front_middle,middle,inlet,21.638,normalized-temperature,good,t314
2025-12-25T08:40:00Z,cab-a01,sensor-bottom,front_bottom,bottom,inlet,20.738,normalized-temperature,good,t315
2025-12-25T08:45:00Z,cab-a01,sensor-top,front_top,top,inlet,22.721,normalized-temperature,good,t316
2025-12-25T08:45:00Z,cab-a01,sensor-middle,front_middle,middle,inlet,21.621,normalized-temperature,good,t317
2025-12-25T08:45:00Z,cab-a01,sensor-bottom,front_bottom,bottom,inlet,20.721,normalized-temperature,good,t318
2025-12-25T08:50:00Z,cab-a01,sensor-top,front_top,top,inlet,22.705,normalized-temperature,good,t319
2025-12-25T08:50:00Z,cab-a01,sensor-middle,front_middle,middle,inlet,21.605,normalized-temperature,good,t320
2025-12-25T08:50:00Z,cab-a01,sensor-bottom,front_bottom,bottom,inlet,20.705,normalized-temperature,good,t321
2025-12-25T08:55:00Z,cab-a01,sensor-top,front_top,top,inlet,22.688,normalized-temperature,good,t322
2025-12-25T08:55:00Z,cab-a01,sensor-middle,front_middle,middle,inlet,21.588,normalized-temperature,good,t323
2025-12-25T08:55:00Z,cab-a01,sensor-bottom,front_bottom,bottom,inlet,20.688,normalized-temperature,good,t324
2025-12-25T09:00:00Z,cab-a01,sensor-top,front_top,top,inlet,22.671,normalized-temperature,good,t325
2025-12-25T09:00:00Z,cab-a01,sensor-middle,front_middle,middle,inlet,21.571,normalized-temperature,good,t326
2025-12-25T09:00:00Z,cab-a01,sensor-bottom,front_bottom,bottom,inlet,20.671,normalized-temperature,good,t327
2025-12-25T09:05:00Z,cab-a01,sensor-top,front_top,top,inlet,22.654,normalized-temperature,good,t328
2025-12-25T09:05:00Z,cab-a01,sensor-middle,front_middle,middle,inlet,21.554,normalized-temperature,good,t329
2025-12-25T09:05:00Z,cab-a01,sensor-bottom,front_bottom,bottom,inlet,20.654,normalized-temperature,good,t330
2025-12-25T09:10:00Z,cab-a01,sensor-top,front_top,top,inlet,22.637,normalized-temperature,good,t331
2025-12-25T09:10:00Z,cab-a01,sensor-middle,front_middle,middle,inlet,21.537,normalized-temperature,good,t332
2025-12-25T09:10:00Z,cab-a01,sensor-bottom,front_bottom,bottom,inlet,20.637,normalized-temperature,good,t333
2025-12-25T09:15:00Z,cab-a01,sensor-top,front_top,top,inlet,22.62,normalized-temperature,good,t334
2025-12-25T09:15:00Z,cab-a01,sensor-middle,front_middle,middle,inlet,21.52,normalized-temperature,good,t335
2025-12-25T09:15:00Z,cab-a01,sensor-bottom,front_bottom,bottom,inlet,20.62,normalized-temperature,good,t336
2025-12-25T09:20:00Z,cab-a01,sensor-top,front_top,top,inlet,22.604,normalized-temperature,good,t337
2025-12-25T09:20:00Z,cab-a01,sensor-middle,front_middle,middle,inlet,21.504,normalized-temperature,good,t338
2025-12-25T09:20:00Z,cab-a01,sensor-bottom,front_bottom,bottom,inlet,20.604,normalized-temperature,good,t339
2025-12-25T09:25:00Z,cab-a01,sensor-top,front_top,top,inlet,22.587,normalized-temperature,good,t340
2025-12-25T09:25:00Z,cab-a01,sensor-middle,front_middle,middle,inlet,21.487,normalized-temperature,good,t341
2025-12-25T09:25:00Z,cab-a01,sensor-bottom,front_bottom,bottom,inlet,20.587,normalized-temperature,good,t342
2025-12-25T09:30:00Z,cab-a01,sensor-top,front_top,top,inlet,22.571,normalized-temperature,good,t343
2025-12-25T09:30:00Z,cab-a01,sensor-middle,front_middle,middle,inlet,21.471,normalized-temperature,good,t344
2025-12-25T09:30:00Z,cab-a01,sensor-bottom,front_bottom,bottom,inlet,20.571,normalized-temperature,good,t345
2025-12-25T09:35:00Z,cab-a01,sensor-top,front_top,top,inlet,22.555,normalized-temperature,good,t346
2025-12-25T09:35:00Z,cab-a01,sensor-middle,front_middle,middle,inlet,21.455,normalized-temperature,good,t347
2025-12-25T09:35:00Z,cab-a01,sensor-bottom,front_bottom,bottom,inlet,20.555,normalized-temperature,good,t348
2025-12-25T09:40:00Z,cab-a01,sensor-top,front_top,top,inlet,22.539,normalized-temperature,good,t349
2025-12-25T09:40:00Z,cab-a01,sensor-middle,front_middle,middle,inlet,21.439,normalized-temperature,good,t350
2025-12-25T09:40:00Z,cab-a01,sensor-bottom,front_bottom,bottom,inlet,20.539,normalized-temperature,good,t351
2025-12-25T09:45:00Z,cab-a01,sensor-top,front_top,top,inlet,22.524,normalized-temperature,good,t352
2025-12-25T09:45:00Z,cab-a01,sensor-middle,front_middle,middle,inlet,21.424,normalized-temperature,good,t353
2025-12-25T09:45:00Z,cab-a01,sensor-bottom,front_bottom,bottom,inlet,20.524,normalized-temperature,good,t354
2025-12-25T09:50:00Z,cab-a01,sensor-top,front_top,top,inlet,22.509,normalized-temperature,good,t355
2025-12-25T09:50:00Z,cab-a01,sensor-middle,front_middle,middle,inlet,21.409,normalized-temperature,good,t356
2025-12-25T09:50:00Z,cab-a01,sensor-bottom,front_bottom,bottom,inlet,20.509,normalized-temperature,good,t357
2025-12-25T09:55:00Z,cab-a01,sensor-top,front_top,top,inlet,22.495,normalized-temperature,good,t358
2025-12-25T09:55:00Z,cab-a01,sensor-middle,front_middle,middle,inlet,21.395,normalized-temperature,good,t359
2025-12-25T09:55:00Z,cab-a01,sensor-bottom,front_bottom,bottom,inlet,20.495,normalized-temperature,good,t360
2025-12-25T10:00:00Z,cab-a01,sensor-top,front_top,top,inlet,22.482,normalized-temperature,good,t361
2025-12-25T10:00:00Z,cab-a01,sensor-middle,front_middle,middle,inlet,21.382,normalized-temperature,good,t362
2025-12-25T10:00:00Z,cab-a01,sensor-bottom,front_bottom,bottom,inlet,20.482,normalized-temperature,good,t363
2025-12-25T10:05:00Z,cab-a01,sensor-top,front_top,top,inlet,22.469,normalized-temperature,good,t364
2025-12-25T10:05:00Z,cab-a01,sensor-middle,front_middle,middle,inlet,21.369,normalized-temperature,good,t365
2025-12-25T10:05:00Z,cab-a01,sensor-bottom,front_bottom,bottom,inlet,20.469,normalized-temperature,good,t366
2025-12-25T10:10:00Z,cab-a01,sensor-top,front_top,top,inlet,22.457,normalized-temperature,good,t367
2025-12-25T10:10:00Z,cab-a01,sensor-middle,front_middle,middle,inlet,21.357,normalized-temperature,good,t368
2025-12-25T10:10:00Z,cab-a01,sensor-bottom,front_bottom,bottom,inlet,20.457,normalized-temperature,good,t369
2025-12-25T10:15:00Z,cab-a01,sensor-top,front_top,top,inlet,22.446,normalized-temperature,good,t370
2025-12-25T10:15:00Z,cab-a01,sensor-middle,front_middle,middle,inlet,21.346,normalized-temperature,good,t371
2025-12-25T10:15:00Z,cab-a01,sensor-bottom,front_bottom,bottom,inlet,20.446,normalized-temperature,good,t372
2025-12-25T10:20:00Z,cab-a01,sensor-top,front_top,top,inlet,22.435,normalized-temperature,good,t373
2025-12-25T10:20:00Z,cab-a01,sensor-middle,front_middle,middle,inlet,21.335,normalized-temperature,good,t374
2025-12-25T10:20:00Z,cab-a01,sensor-bottom,front_bottom,bottom,inlet,20.435,normalized-temperature,good,t375
2025-12-25T10:25:00Z,cab-a01,sensor-top,front_top,top,inlet,22.425,normalized-temperature,good,t376
2025-12-25T10:25:00Z,cab-a01,sensor-middle,front_middle,middle,inlet,21.325,normalized-temperature,good,t377
2025-12-25T10:25:00Z,cab-a01,sensor-bottom,front_bottom,bottom,inlet,20.425,normalized-temperature,good,t378
2025-12-25T10:30:00Z,cab-a01,sensor-top,front_top,top,inlet,22.416,normalized-temperature,good,t379
2025-12-25T10:30:00Z,cab-a01,sensor-middle,front_middle,middle,inlet,21.316,normalized-temperature,good,t380
2025-12-25T10:30:00Z,cab-a01,sensor-bottom,front_bottom,bottom,inlet,20.416,normalized-temperature,good,t381
2025-12-25T10:35:00Z,cab-a01,sensor-top,front_top,top,inlet,22.408,normalized-temperature,good,t382
2025-12-25T10:35:00Z,cab-a01,sensor-middle,front_middle,middle,inlet,21.308,normalized-temperature,good,t383
2025-12-25T10:35:00Z,cab-a01,sensor-bottom,front_bottom,bottom,inlet,20.408,normalized-temperature,good,t384
2025-12-25T10:40:00Z,cab-a01,sensor-top,front_top,top,inlet,22.401,normalized-temperature,good,t385
2025-12-25T10:40:00Z,cab-a01,sensor-middle,front_middle,middle,inlet,21.301,normalized-temperature,good,t386
2025-12-25T10:40:00Z,cab-a01,sensor-bottom,front_bottom,bottom,inlet,20.401,normalized-temperature,good,t387
2025-12-25T10:45:00Z,cab-a01,sensor-top,front_top,top,inlet,22.394,normalized-temperature,good,t388
2025-12-25T10:45:00Z,cab-a01,sensor-middle,front_middle,middle,inlet,21.294,normalized-temperature,good,t389
2025-12-25T10:45:00Z,cab-a01,sensor-bottom,front_bottom,bottom,inlet,20.394,normalized-temperature,good,t390
2025-12-25T10:50:00Z,cab-a01,sensor-top,front_top,top,inlet,22.389,normalized-temperature,good,t391
2025-12-25T10:50:00Z,cab-a01,sensor-middle,front_middle,middle,inlet,21.289,normalized-temperature,good,t392
2025-12-25T10:50:00Z,cab-a01,sensor-bottom,front_bottom,bottom,inlet,20.389,normalized-temperature,good,t393
2025-12-25T10:55:00Z,cab-a01,sensor-top,front_top,top,inlet,22.384,normalized-temperature,good,t394
2025-12-25T10:55:00Z,cab-a01,sensor-middle,front_middle,middle,inlet,21.284,normalized-temperature,good,t395
2025-12-25T10:55:00Z,cab-a01,sensor-bottom,front_bottom,bottom,inlet,20.384,normalized-temperature,good,t396
2025-12-25T11:00:00Z,cab-a01,sensor-top,front_top,top,inlet,22.38,normalized-temperature,good,t397
2025-12-25T11:00:00Z,cab-a01,sensor-middle,front_middle,middle,inlet,21.28,normalized-temperature,good,t398
2025-12-25T11:00:00Z,cab-a01,sensor-bottom,front_bottom,bottom,inlet,20.38,normalized-temperature,good,t399
2025-12-25T11:05:00Z,cab-a01,sensor-top,front_top,top,inlet,22.376,normalized-temperature,good,t400
2025-12-25T11:05:00Z,cab-a01,sensor-middle,front_middle,middle,inlet,21.276,normalized-temperature,good,t401
2025-12-25T11:05:00Z,cab-a01,sensor-bottom,front_bottom,bottom,inlet,20.376,normalized-temperature,good,t402
2025-12-25T11:10:00Z,cab-a01,sensor-top,front_top,top,inlet,22.373,normalized-temperature,good,t403
2025-12-25T11:10:00Z,cab-a01,sensor-middle,front_middle,middle,inlet,21.273,normalized-temperature,good,t404
2025-12-25T11:10:00Z,cab-a01,sensor-bottom,front_bottom,bottom,inlet,20.373,normalized-temperature,good,t405
2025-12-25T11:15:00Z,cab-a01,sensor-top,front_top,top,inlet,22.371,normalized-temperature,good,t406
2025-12-25T11:15:00Z,cab-a01,sensor-middle,front_middle,middle,inlet,21.271,normalized-temperature,good,t407
2025-12-25T11:15:00Z,cab-a01,sensor-bottom,front_bottom,bottom,inlet,20.371,normalized-temperature,good,t408
2025-12-25T11:20:00Z,cab-a01,sensor-top,front_top,top,inlet,22.37,normalized-temperature,good,t409
2025-12-25T11:20:00Z,cab-a01,sensor-middle,front_middle,middle,inlet,21.27,normalized-temperature,good,t410
2025-12-25T11:20:00Z,cab-a01,sensor-bottom,front_bottom,bottom,inlet,20.37,normalized-temperature,good,t411
2025-12-25T11:25:00Z,cab-a01,sensor-top,front_top,top,inlet,22.369,normalized-temperature,good,t412
2025-12-25T11:25:00Z,cab-a01,sensor-middle,front_middle,middle,inlet,21.269,normalized-temperature,good,t413
2025-12-25T11:25:00Z,cab-a01,sensor-bottom,front_bottom,bottom,inlet,20.369,normalized-temperature,good,t414
2025-12-25T11:30:00Z,cab-a01,sensor-top,front_top,top,inlet,22.368,normalized-temperature,good,t415
2025-12-25T11:30:00Z,cab-a01,sensor-middle,front_middle,middle,inlet,21.268,normalized-temperature,good,t416
2025-12-25T11:30:00Z,cab-a01,sensor-bottom,front_bottom,bottom,inlet,20.368,normalized-temperature,good,t417
2025-12-25T11:35:00Z,cab-a01,sensor-top,front_top,top,inlet,22.368,normalized-temperature,good,t418
2025-12-25T11:35:00Z,cab-a01,sensor-middle,front_middle,middle,inlet,21.268,normalized-temperature,good,t419
2025-12-25T11:35:00Z,cab-a01,sensor-bottom,front_bottom,bottom,inlet,20.368,normalized-temperature,good,t420
2025-12-25T11:40:00Z,cab-a01,sensor-top,front_top,top,inlet,22.368,normalized-temperature,good,t421
2025-12-25T11:40:00Z,cab-a01,sensor-middle,front_middle,middle,inlet,21.268,normalized-temperature,good,t422
2025-12-25T11:40:00Z,cab-a01,sensor-bottom,front_bottom,bottom,inlet,20.368,normalized-temperature,good,t423
2025-12-25T11:45:00Z,cab-a01,sensor-top,front_top,top,inlet,22.369,normalized-temperature,good,t424
2025-12-25T11:45:00Z,cab-a01,sensor-middle,front_middle,middle,inlet,21.269,normalized-temperature,good,t425
2025-12-25T11:45:00Z,cab-a01,sensor-bottom,front_bottom,bottom,inlet,20.369,normalized-temperature,good,t426
2025-12-25T11:50:00Z,cab-a01,sensor-top,front_top,top,inlet,22.37,normalized-temperature,good,t427
2025-12-25T11:50:00Z,cab-a01,sensor-middle,front_middle,middle,inlet,21.27,normalized-temperature,good,t428
2025-12-25T11:50:00Z,cab-a01,sensor-bottom,front_bottom,bottom,inlet,20.37,normalized-temperature,good,t429
2025-12-25T11:55:00Z,cab-a01,sensor-top,front_top,top,inlet,22.371,normalized-temperature,good,t430
2025-12-25T11:55:00Z,cab-a01,sensor-middle,front_middle,middle,inlet,21.271,normalized-temperature,good,t431
2025-12-25T11:55:00Z,cab-a01,sensor-bottom,front_bottom,bottom,inlet,20.371,normalized-temperature,good,t432
2025-12-25T12:00:00Z,cab-a01,sensor-top,front_top,top,inlet,22.372,normalized-temperature,good,t433
2025-12-25T12:00:00Z,cab-a01,sensor-middle,front_middle,middle,inlet,21.272,normalized-temperature,good,t434
2025-12-25T12:00:00Z,cab-a01,sensor-bottom,front_bottom,bottom,inlet,20.372,normalized-temperature,good,t435
2025-12-25T12:05:00Z,cab-a01,sensor-top,front_top,top,inlet,22.373,normalized-temperature,good,t436
2025-12-25T12:05:00Z,cab-a01,sensor-middle,front_middle,middle,inlet,21.273,normalized-temperature,good,t437
2025-12-25T12:05:00Z,cab-a01,sensor-bottom,front_bottom,bottom,inlet,20.373,normalized-temperature,good,t438
2025-12-25T12:10:00Z,cab-a01,sensor-top,front_top,top,inlet,22.374,normalized-temperature,good,t439
2025-12-25T12:10:00Z,cab-a01,sensor-middle,front_middle,middle,inlet,21.274,normalized-temperature,good,t440
2025-12-25T12:10:00Z,cab-a01,sensor-bottom,front_bottom,bottom,inlet,20.374,normalized-temperature,good,t441
2025-12-25T12:15:00Z,cab-a01,sensor-top,front_top,top,inlet,22.376,normalized-temperature,good,t442
2025-12-25T12:15:00Z,cab-a01,sensor-middle,front_middle,middle,inlet,21.276,normalized-temperature,good,t443
2025-12-25T12:15:00Z,cab-a01,sensor-bottom,front_bottom,bottom,inlet,20.376,normalized-temperature,good,t444
2025-12-25T12:20:00Z,cab-a01,sensor-top,front_top,top,inlet,22.376,normalized-temperature,good,t445
2025-12-25T12:20:00Z,cab-a01,sensor-middle,front_middle,middle,inlet,21.276,normalized-temperature,good,t446
2025-12-25T12:20:00Z,cab-a01,sensor-bottom,front_bottom,bottom,inlet,20.376,normalized-temperature,good,t447
2025-12-25T12:25:00Z,cab-a01,sensor-top,front_top,top,inlet,22.377,normalized-temperature,good,t448
2025-12-25T12:25:00Z,cab-a01,sensor-middle,front_middle,middle,inlet,21.277,normalized-temperature,good,t449
2025-12-25T12:25:00Z,cab-a01,sensor-bottom,front_bottom,bottom,inlet,20.377,normalized-temperature,good,t450
2025-12-25T12:30:00Z,cab-a01,sensor-top,front_top,top,inlet,22.378,normalized-temperature,good,t451
2025-12-25T12:30:00Z,cab-a01,sensor-middle,front_middle,middle,inlet,21.278,normalized-temperature,good,t452
2025-12-25T12:30:00Z,cab-a01,sensor-bottom,front_bottom,bottom,inlet,20.378,normalized-temperature,good,t453
2025-12-25T12:35:00Z,cab-a01,sensor-top,front_top,top,inlet,22.378,normalized-temperature,good,t454
2025-12-25T12:35:00Z,cab-a01,sensor-middle,front_middle,middle,inlet,21.278,normalized-temperature,good,t455
2025-12-25T12:35:00Z,cab-a01,sensor-bottom,front_bottom,bottom,inlet,20.378,normalized-temperature,good,t456
2025-12-25T12:40:00Z,cab-a01,sensor-top,front_top,top,inlet,22.377,normalized-temperature,good,t457
2025-12-25T12:40:00Z,cab-a01,sensor-middle,front_middle,middle,inlet,21.277,normalized-temperature,good,t458
2025-12-25T12:40:00Z,cab-a01,sensor-bottom,front_bottom,bottom,inlet,20.377,normalized-temperature,good,t459
2025-12-25T12:45:00Z,cab-a01,sensor-top,front_top,top,inlet,22.376,normalized-temperature,good,t460
2025-12-25T12:45:00Z,cab-a01,sensor-middle,front_middle,middle,inlet,21.276,normalized-temperature,good,t461
2025-12-25T12:45:00Z,cab-a01,sensor-bottom,front_bottom,bottom,inlet,20.376,normalized-temperature,good,t462
2025-12-25T12:50:00Z,cab-a01,sensor-top,front_top,top,inlet,22.375,normalized-temperature,good,t463
2025-12-25T12:50:00Z,cab-a01,sensor-middle,front_middle,middle,inlet,21.275,normalized-temperature,good,t464
2025-12-25T12:50:00Z,cab-a01,sensor-bottom,front_bottom,bottom,inlet,20.375,normalized-temperature,good,t465
2025-12-25T12:55:00Z,cab-a01,sensor-top,front_top,top,inlet,22.373,normalized-temperature,good,t466
2025-12-25T12:55:00Z,cab-a01,sensor-middle,front_middle,middle,inlet,21.273,normalized-temperature,good,t467
2025-12-25T12:55:00Z,cab-a01,sensor-bottom,front_bottom,bottom,inlet,20.373,normalized-temperature,good,t468
2025-12-25T13:00:00Z,cab-a01,sensor-top,front_top,top,inlet,22.371,normalized-temperature,good,t469
2025-12-25T13:00:00Z,cab-a01,sensor-middle,front_middle,middle,inlet,21.271,normalized-temperature,good,t470
2025-12-25T13:00:00Z,cab-a01,sensor-bottom,front_bottom,bottom,inlet,20.371,normalized-temperature,good,t471
2025-12-25T13:05:00Z,cab-a01,sensor-top,front_top,top,inlet,22.368,normalized-temperature,good,t472
2025-12-25T13:05:00Z,cab-a01,sensor-middle,front_middle,middle,inlet,21.268,normalized-temperature,good,t473
2025-12-25T13:05:00Z,cab-a01,sensor-bottom,front_bottom,bottom,inlet,20.368,normalized-temperature,good,t474
2025-12-25T13:10:00Z,cab-a01,sensor-top,front_top,top,inlet,22.364,normalized-temperature,good,t475
2025-12-25T13:10:00Z,cab-a01,sensor-middle,front_middle,middle,inlet,21.264,normalized-temperature,good,t476
2025-12-25T13:10:00Z,cab-a01,sensor-bottom,front_bottom,bottom,inlet,20.364,normalized-temperature,good,t477
2025-12-25T13:15:00Z,cab-a01,sensor-top,front_top,top,inlet,22.359,normalized-temperature,good,t478
2025-12-25T13:15:00Z,cab-a01,sensor-middle,front_middle,middle,inlet,21.259,normalized-temperature,good,t479
2025-12-25T13:15:00Z,cab-a01,sensor-bottom,front_bottom,bottom,inlet,20.359,normalized-temperature,good,t480
2025-12-25T13:20:00Z,cab-a01,sensor-top,front_top,top,inlet,22.354,normalized-temperature,good,t481
2025-12-25T13:20:00Z,cab-a01,sensor-middle,front_middle,middle,inlet,21.254,normalized-temperature,good,t482
2025-12-25T13:20:00Z,cab-a01,sensor-bottom,front_bottom,bottom,inlet,20.354,normalized-temperature,good,t483
2025-12-25T13:25:00Z,cab-a01,sensor-top,front_top,top,inlet,22.348,normalized-temperature,good,t484
2025-12-25T13:25:00Z,cab-a01,sensor-middle,front_middle,middle,inlet,21.248,normalized-temperature,good,t485
2025-12-25T13:25:00Z,cab-a01,sensor-bottom,front_bottom,bottom,inlet,20.348,normalized-temperature,good,t486
2025-12-25T13:30:00Z,cab-a01,sensor-top,front_top,top,inlet,22.342,normalized-temperature,good,t487
2025-12-25T13:30:00Z,cab-a01,sensor-middle,front_middle,middle,inlet,21.242,normalized-temperature,good,t488
2025-12-25T13:30:00Z,cab-a01,sensor-bottom,front_bottom,bottom,inlet,20.342,normalized-temperature,good,t489
2025-12-25T13:35:00Z,cab-a01,sensor-top,front_top,top,inlet,22.334,normalized-temperature,good,t490
2025-12-25T13:35:00Z,cab-a01,sensor-middle,front_middle,middle,inlet,21.234,normalized-temperature,good,t491
2025-12-25T13:35:00Z,cab-a01,sensor-bottom,front_bottom,bottom,inlet,20.334,normalized-temperature,good,t492
2025-12-25T13:40:00Z,cab-a01,sensor-top,front_top,top,inlet,22.326,normalized-temperature,good,t493
2025-12-25T13:40:00Z,cab-a01,sensor-middle,front_middle,middle,inlet,21.226,normalized-temperature,good,t494
2025-12-25T13:40:00Z,cab-a01,sensor-bottom,front_bottom,bottom,inlet,20.326,normalized-temperature,good,t495
2025-12-25T13:45:00Z,cab-a01,sensor-top,front_top,top,inlet,22.317,normalized-temperature,good,t496
2025-12-25T13:45:00Z,cab-a01,sensor-middle,front_middle,middle,inlet,21.217,normalized-temperature,good,t497
2025-12-25T13:45:00Z,cab-a01,sensor-bottom,front_bottom,bottom,inlet,20.317,normalized-temperature,good,t498
2025-12-25T13:50:00Z,cab-a01,sensor-top,front_top,top,inlet,22.308,normalized-temperature,good,t499
2025-12-25T13:50:00Z,cab-a01,sensor-middle,front_middle,middle,inlet,21.208,normalized-temperature,good,t500
2025-12-25T13:50:00Z,cab-a01,sensor-bottom,front_bottom,bottom,inlet,20.308,normalized-temperature,good,t501
2025-12-25T13:55:00Z,cab-a01,sensor-top,front_top,top,inlet,22.298,normalized-temperature,good,t502
2025-12-25T13:55:00Z,cab-a01,sensor-middle,front_middle,middle,inlet,21.198,normalized-temperature,good,t503
2025-12-25T13:55:00Z,cab-a01,sensor-bottom,front_bottom,bottom,inlet,20.298,normalized-temperature,good,t504
2025-12-25T14:00:00Z,cab-a01,sensor-top,front_top,top,inlet,22.287,normalized-temperature,good,t505
2025-12-25T14:00:00Z,cab-a01,sensor-middle,front_middle,middle,inlet,21.187,normalized-temperature,good,t506
2025-12-25T14:00:00Z,cab-a01,sensor-bottom,front_bottom,bottom,inlet,20.287,normalized-temperature,good,t507
2025-12-25T14:05:00Z,cab-a01,sensor-top,front_top,top,inlet,22.276,normalized-temperature,good,t508
2025-12-25T14:05:00Z,cab-a01,sensor-middle,front_middle,middle,inlet,21.176,normalized-temperature,good,t509
2025-12-25T14:05:00Z,cab-a01,sensor-bottom,front_bottom,bottom,inlet,20.276,normalized-temperature,good,t510
2025-12-25T14:10:00Z,cab-a01,sensor-top,front_top,top,inlet,22.264,normalized-temperature,good,t511
2025-12-25T14:10:00Z,cab-a01,sensor-middle,front_middle,middle,inlet,21.164,normalized-temperature,good,t512
2025-12-25T14:10:00Z,cab-a01,sensor-bottom,front_bottom,bottom,inlet,20.264,normalized-temperature,good,t513
2025-12-25T14:15:00Z,cab-a01,sensor-top,front_top,top,inlet,22.251,normalized-temperature,good,t514
2025-12-25T14:15:00Z,cab-a01,sensor-middle,front_middle,middle,inlet,21.151,normalized-temperature,good,t515
2025-12-25T14:15:00Z,cab-a01,sensor-bottom,front_bottom,bottom,inlet,20.251,normalized-temperature,good,t516
2025-12-25T14:20:00Z,cab-a01,sensor-top,front_top,top,inlet,22.239,normalized-temperature,good,t517
2025-12-25T14:20:00Z,cab-a01,sensor-middle,front_middle,middle,inlet,21.139,normalized-temperature,good,t518
2025-12-25T14:20:00Z,cab-a01,sensor-bottom,front_bottom,bottom,inlet,20.239,normalized-temperature,good,t519
2025-12-25T14:25:00Z,cab-a01,sensor-top,front_top,top,inlet,22.225,normalized-temperature,good,t520
2025-12-25T14:25:00Z,cab-a01,sensor-middle,front_middle,middle,inlet,21.125,normalized-temperature,good,t521
2025-12-25T14:25:00Z,cab-a01,sensor-bottom,front_bottom,bottom,inlet,20.225,normalized-temperature,good,t522
2025-12-25T14:30:00Z,cab-a01,sensor-top,front_top,top,inlet,22.212,normalized-temperature,good,t523
2025-12-25T14:30:00Z,cab-a01,sensor-middle,front_middle,middle,inlet,21.112,normalized-temperature,good,t524
2025-12-25T14:30:00Z,cab-a01,sensor-bottom,front_bottom,bottom,inlet,20.212,normalized-temperature,good,t525
2025-12-25T14:35:00Z,cab-a01,sensor-top,front_top,top,inlet,22.198,normalized-temperature,good,t526
2025-12-25T14:35:00Z,cab-a01,sensor-middle,front_middle,middle,inlet,21.098,normalized-temperature,good,t527
2025-12-25T14:35:00Z,cab-a01,sensor-bottom,front_bottom,bottom,inlet,20.198,normalized-temperature,good,t528
2025-12-25T14:40:00Z,cab-a01,sensor-top,front_top,top,inlet,22.184,normalized-temperature,good,t529
2025-12-25T14:40:00Z,cab-a01,sensor-middle,front_middle,middle,inlet,21.084,normalized-temperature,good,t530
2025-12-25T14:40:00Z,cab-a01,sensor-bottom,front_bottom,bottom,inlet,20.184,normalized-temperature,good,t531
2025-12-25T14:45:00Z,cab-a01,sensor-top,front_top,top,inlet,22.169,normalized-temperature,good,t532
2025-12-25T14:45:00Z,cab-a01,sensor-middle,front_middle,middle,inlet,21.069,normalized-temperature,good,t533
2025-12-25T14:45:00Z,cab-a01,sensor-bottom,front_bottom,bottom,inlet,20.169,normalized-temperature,good,t534
2025-12-25T14:50:00Z,cab-a01,sensor-top,front_top,top,inlet,22.155,normalized-temperature,good,t535
2025-12-25T14:50:00Z,cab-a01,sensor-middle,front_middle,middle,inlet,21.055,normalized-temperature,good,t536
2025-12-25T14:50:00Z,cab-a01,sensor-bottom,front_bottom,bottom,inlet,20.155,normalized-temperature,good,t537
2025-12-25T14:55:00Z,cab-a01,sensor-top,front_top,top,inlet,22.141,normalized-temperature,good,t538
2025-12-25T14:55:00Z,cab-a01,sensor-middle,front_middle,middle,inlet,21.041,normalized-temperature,good,t539
2025-12-25T14:55:00Z,cab-a01,sensor-bottom,front_bottom,bottom,inlet,20.141,normalized-temperature,good,t540
2025-12-25T15:00:00Z,cab-a01,sensor-top,front_top,top,inlet,22.127,normalized-temperature,good,t541
2025-12-25T15:00:00Z,cab-a01,sensor-middle,front_middle,middle,inlet,21.027,normalized-temperature,good,t542
2025-12-25T15:00:00Z,cab-a01,sensor-bottom,front_bottom,bottom,inlet,20.127,normalized-temperature,good,t543
2025-12-25T15:05:00Z,cab-a01,sensor-top,front_top,top,inlet,22.113,normalized-temperature,good,t544
2025-12-25T15:05:00Z,cab-a01,sensor-middle,front_middle,middle,inlet,21.013,normalized-temperature,good,t545
2025-12-25T15:05:00Z,cab-a01,sensor-bottom,front_bottom,bottom,inlet,20.113,normalized-temperature,good,t546
2025-12-25T15:10:00Z,cab-a01,sensor-top,front_top,top,inlet,22.099,normalized-temperature,good,t547
2025-12-25T15:10:00Z,cab-a01,sensor-middle,front_middle,middle,inlet,20.999,normalized-temperature,good,t548
2025-12-25T15:10:00Z,cab-a01,sensor-bottom,front_bottom,bottom,inlet,20.099,normalized-temperature,good,t549
2025-12-25T15:15:00Z,cab-a01,sensor-top,front_top,top,inlet,22.085,normalized-temperature,good,t550
2025-12-25T15:15:00Z,cab-a01,sensor-middle,front_middle,middle,inlet,20.985,normalized-temperature,good,t551
2025-12-25T15:15:00Z,cab-a01,sensor-bottom,front_bottom,bottom,inlet,20.085,normalized-temperature,good,t552
2025-12-25T15:20:00Z,cab-a01,sensor-top,front_top,top,inlet,22.072,normalized-temperature,good,t553
2025-12-25T15:20:00Z,cab-a01,sensor-middle,front_middle,middle,inlet,20.972,normalized-temperature,good,t554
2025-12-25T15:20:00Z,cab-a01,sensor-bottom,front_bottom,bottom,inlet,20.072,normalized-temperature,good,t555
2025-12-25T15:25:00Z,cab-a01,sensor-top,front_top,top,inlet,22.06,normalized-temperature,good,t556
2025-12-25T15:25:00Z,cab-a01,sensor-middle,front_middle,middle,inlet,20.96,normalized-temperature,good,t557
2025-12-25T15:25:00Z,cab-a01,sensor-bottom,front_bottom,bottom,inlet,20.06,normalized-temperature,good,t558
2025-12-25T15:30:00Z,cab-a01,sensor-top,front_top,top,inlet,22.047,normalized-temperature,good,t559
2025-12-25T15:30:00Z,cab-a01,sensor-middle,front_middle,middle,inlet,20.947,normalized-temperature,good,t560
2025-12-25T15:30:00Z,cab-a01,sensor-bottom,front_bottom,bottom,inlet,20.047,normalized-temperature,good,t561
2025-12-25T15:35:00Z,cab-a01,sensor-top,front_top,top,inlet,22.036,normalized-temperature,good,t562
2025-12-25T15:35:00Z,cab-a01,sensor-middle,front_middle,middle,inlet,20.936,normalized-temperature,good,t563
2025-12-25T15:35:00Z,cab-a01,sensor-bottom,front_bottom,bottom,inlet,20.036,normalized-temperature,good,t564
2025-12-25T15:40:00Z,cab-a01,sensor-top,front_top,top,inlet,22.025,normalized-temperature,good,t565
2025-12-25T15:40:00Z,cab-a01,sensor-middle,front_middle,middle,inlet,20.925,normalized-temperature,good,t566
2025-12-25T15:40:00Z,cab-a01,sensor-bottom,front_bottom,bottom,inlet,20.025,normalized-temperature,good,t567
2025-12-25T15:45:00Z,cab-a01,sensor-top,front_top,top,inlet,22.015,normalized-temperature,good,t568
2025-12-25T15:45:00Z,cab-a01,sensor-middle,front_middle,middle,inlet,20.915,normalized-temperature,good,t569
2025-12-25T15:45:00Z,cab-a01,sensor-bottom,front_bottom,bottom,inlet,20.015,normalized-temperature,good,t570
2025-12-25T15:50:00Z,cab-a01,sensor-top,front_top,top,inlet,22.006,normalized-temperature,good,t571
2025-12-25T15:50:00Z,cab-a01,sensor-middle,front_middle,middle,inlet,20.906,normalized-temperature,good,t572
2025-12-25T15:50:00Z,cab-a01,sensor-bottom,front_bottom,bottom,inlet,20.006,normalized-temperature,good,t573
2025-12-25T15:55:00Z,cab-a01,sensor-top,front_top,top,inlet,21.997,normalized-temperature,good,t574
2025-12-25T15:55:00Z,cab-a01,sensor-middle,front_middle,middle,inlet,20.897,normalized-temperature,good,t575
2025-12-25T15:55:00Z,cab-a01,sensor-bottom,front_bottom,bottom,inlet,19.997,normalized-temperature,good,t576
2025-12-25T16:00:00Z,cab-a01,sensor-top,front_top,top,inlet,21.989,normalized-temperature,good,t577
2025-12-25T16:00:00Z,cab-a01,sensor-middle,front_middle,middle,inlet,20.889,normalized-temperature,good,t578
2025-12-25T16:00:00Z,cab-a01,sensor-bottom,front_bottom,bottom,inlet,19.989,normalized-temperature,good,t579
2025-12-25T16:05:00Z,cab-a01,sensor-top,front_top,top,inlet,21.982,normalized-temperature,good,t580
2025-12-25T16:05:00Z,cab-a01,sensor-middle,front_middle,middle,inlet,20.882,normalized-temperature,good,t581
2025-12-25T16:05:00Z,cab-a01,sensor-bottom,front_bottom,bottom,inlet,19.982,normalized-temperature,good,t582
2025-12-25T16:10:00Z,cab-a01,sensor-top,front_top,top,inlet,21.977,normalized-temperature,good,t583
2025-12-25T16:10:00Z,cab-a01,sensor-middle,front_middle,middle,inlet,20.877,normalized-temperature,good,t584
2025-12-25T16:10:00Z,cab-a01,sensor-bottom,front_bottom,bottom,inlet,19.977,normalized-temperature,good,t585
2025-12-25T16:15:00Z,cab-a01,sensor-top,front_top,top,inlet,21.972,normalized-temperature,good,t586
2025-12-25T16:15:00Z,cab-a01,sensor-middle,front_middle,middle,inlet,20.872,normalized-temperature,good,t587
2025-12-25T16:15:00Z,cab-a01,sensor-bottom,front_bottom,bottom,inlet,19.972,normalized-temperature,good,t588
2025-12-25T16:20:00Z,cab-a01,sensor-top,front_top,top,inlet,21.968,normalized-temperature,good,t589
2025-12-25T16:20:00Z,cab-a01,sensor-middle,front_middle,middle,inlet,20.868,normalized-temperature,good,t590
2025-12-25T16:20:00Z,cab-a01,sensor-bottom,front_bottom,bottom,inlet,19.968,normalized-temperature,good,t591
2025-12-25T16:25:00Z,cab-a01,sensor-top,front_top,top,inlet,21.965,normalized-temperature,good,t592
2025-12-25T16:25:00Z,cab-a01,sensor-middle,front_middle,middle,inlet,20.865,normalized-temperature,good,t593
2025-12-25T16:25:00Z,cab-a01,sensor-bottom,front_bottom,bottom,inlet,19.965,normalized-temperature,good,t594
2025-12-25T16:30:00Z,cab-a01,sensor-top,front_top,top,inlet,21.963,normalized-temperature,good,t595
2025-12-25T16:30:00Z,cab-a01,sensor-middle,front_middle,middle,inlet,20.863,normalized-temperature,good,t596
2025-12-25T16:30:00Z,cab-a01,sensor-bottom,front_bottom,bottom,inlet,19.963,normalized-temperature,good,t597
2025-12-25T16:35:00Z,cab-a01,sensor-top,front_top,top,inlet,21.962,normalized-temperature,good,t598
2025-12-25T16:35:00Z,cab-a01,sensor-middle,front_middle,middle,inlet,20.862,normalized-temperature,good,t599
2025-12-25T16:35:00Z,cab-a01,sensor-bottom,front_bottom,bottom,inlet,19.962,normalized-temperature,good,t600
2025-12-25T16:40:00Z,cab-a01,sensor-top,front_top,top,inlet,21.962,normalized-temperature,good,t601
2025-12-25T16:40:00Z,cab-a01,sensor-middle,front_middle,middle,inlet,20.862,normalized-temperature,good,t602
2025-12-25T16:40:00Z,cab-a01,sensor-bottom,front_bottom,bottom,inlet,19.962,normalized-temperature,good,t603
2025-12-25T16:45:00Z,cab-a01,sensor-top,front_top,top,inlet,21.964,normalized-temperature,good,t604
2025-12-25T16:45:00Z,cab-a01,sensor-middle,front_middle,middle,inlet,20.864,normalized-temperature,good,t605
2025-12-25T16:45:00Z,cab-a01,sensor-bottom,front_bottom,bottom,inlet,19.964,normalized-temperature,good,t606
2025-12-25T16:50:00Z,cab-a01,sensor-top,front_top,top,inlet,21.966,normalized-temperature,good,t607
2025-12-25T16:50:00Z,cab-a01,sensor-middle,front_middle,middle,inlet,20.866,normalized-temperature,good,t608
2025-12-25T16:50:00Z,cab-a01,sensor-bottom,front_bottom,bottom,inlet,19.966,normalized-temperature,good,t609
2025-12-25T16:55:00Z,cab-a01,sensor-top,front_top,top,inlet,21.969,normalized-temperature,good,t610
2025-12-25T16:55:00Z,cab-a01,sensor-middle,front_middle,middle,inlet,20.869,normalized-temperature,good,t611
2025-12-25T16:55:00Z,cab-a01,sensor-bottom,front_bottom,bottom,inlet,19.969,normalized-temperature,good,t612
2025-12-25T17:00:00Z,cab-a01,sensor-top,front_top,top,inlet,21.973,normalized-temperature,good,t613
2025-12-25T17:00:00Z,cab-a01,sensor-middle,front_middle,middle,inlet,20.873,normalized-temperature,good,t614
2025-12-25T17:00:00Z,cab-a01,sensor-bottom,front_bottom,bottom,inlet,19.973,normalized-temperature,good,t615
2025-12-25T17:05:00Z,cab-a01,sensor-top,front_top,top,inlet,21.978,normalized-temperature,good,t616
2025-12-25T17:05:00Z,cab-a01,sensor-middle,front_middle,middle,inlet,20.878,normalized-temperature,good,t617
2025-12-25T17:05:00Z,cab-a01,sensor-bottom,front_bottom,bottom,inlet,19.978,normalized-temperature,good,t618
2025-12-25T17:10:00Z,cab-a01,sensor-top,front_top,top,inlet,21.984,normalized-temperature,good,t619
2025-12-25T17:10:00Z,cab-a01,sensor-middle,front_middle,middle,inlet,20.884,normalized-temperature,good,t620
2025-12-25T17:10:00Z,cab-a01,sensor-bottom,front_bottom,bottom,inlet,19.984,normalized-temperature,good,t621
2025-12-25T17:15:00Z,cab-a01,sensor-top,front_top,top,inlet,21.991,normalized-temperature,good,t622
2025-12-25T17:15:00Z,cab-a01,sensor-middle,front_middle,middle,inlet,20.891,normalized-temperature,good,t623
2025-12-25T17:15:00Z,cab-a01,sensor-bottom,front_bottom,bottom,inlet,19.991,normalized-temperature,good,t624
2025-12-25T17:20:00Z,cab-a01,sensor-top,front_top,top,inlet,21.998,normalized-temperature,good,t625
2025-12-25T17:20:00Z,cab-a01,sensor-middle,front_middle,middle,inlet,20.898,normalized-temperature,good,t626
2025-12-25T17:20:00Z,cab-a01,sensor-bottom,front_bottom,bottom,inlet,19.998,normalized-temperature,good,t627
2025-12-25T17:25:00Z,cab-a01,sensor-top,front_top,top,inlet,22.006,normalized-temperature,good,t628
2025-12-25T17:25:00Z,cab-a01,sensor-middle,front_middle,middle,inlet,20.906,normalized-temperature,good,t629
2025-12-25T17:25:00Z,cab-a01,sensor-bottom,front_bottom,bottom,inlet,20.006,normalized-temperature,good,t630
2025-12-25T17:30:00Z,cab-a01,sensor-top,front_top,top,inlet,22.015,normalized-temperature,good,t631
2025-12-25T17:30:00Z,cab-a01,sensor-middle,front_middle,middle,inlet,20.915,normalized-temperature,good,t632
2025-12-25T17:30:00Z,cab-a01,sensor-bottom,front_bottom,bottom,inlet,20.015,normalized-temperature,good,t633
2025-12-25T17:35:00Z,cab-a01,sensor-top,front_top,top,inlet,22.025,normalized-temperature,good,t634
2025-12-25T17:35:00Z,cab-a01,sensor-middle,front_middle,middle,inlet,20.925,normalized-temperature,good,t635
2025-12-25T17:35:00Z,cab-a01,sensor-bottom,front_bottom,bottom,inlet,20.025,normalized-temperature,good,t636
2025-12-25T17:40:00Z,cab-a01,sensor-top,front_top,top,inlet,22.035,normalized-temperature,good,t637
2025-12-25T17:40:00Z,cab-a01,sensor-middle,front_middle,middle,inlet,20.935,normalized-temperature,good,t638
2025-12-25T17:40:00Z,cab-a01,sensor-bottom,front_bottom,bottom,inlet,20.035,normalized-temperature,good,t639
2025-12-25T17:45:00Z,cab-a01,sensor-top,front_top,top,inlet,22.045,normalized-temperature,good,t640
2025-12-25T17:45:00Z,cab-a01,sensor-middle,front_middle,middle,inlet,20.945,normalized-temperature,good,t641
2025-12-25T17:45:00Z,cab-a01,sensor-bottom,front_bottom,bottom,inlet,20.045,normalized-temperature,good,t642
2025-12-25T17:50:00Z,cab-a01,sensor-top,front_top,top,inlet,22.056,normalized-temperature,good,t643
2025-12-25T17:50:00Z,cab-a01,sensor-middle,front_middle,middle,inlet,20.956,normalized-temperature,good,t644
2025-12-25T17:50:00Z,cab-a01,sensor-bottom,front_bottom,bottom,inlet,20.056,normalized-temperature,good,t645
2025-12-25T17:55:00Z,cab-a01,sensor-top,front_top,top,inlet,22.067,normalized-temperature,good,t646
2025-12-25T17:55:00Z,cab-a01,sensor-middle,front_middle,middle,inlet,20.967,normalized-temperature,good,t647
2025-12-25T17:55:00Z,cab-a01,sensor-bottom,front_bottom,bottom,inlet,20.067,normalized-temperature,good,t648
2025-12-25T18:00:00Z,cab-a01,sensor-top,front_top,top,inlet,22.079,normalized-temperature,good,t649
2025-12-25T18:00:00Z,cab-a01,sensor-middle,front_middle,middle,inlet,20.979,normalized-temperature,good,t650
2025-12-25T18:00:00Z,cab-a01,sensor-bottom,front_bottom,bottom,inlet,20.079,normalized-temperature,good,t651
2025-12-25T18:05:00Z,cab-a01,sensor-top,front_top,top,inlet,22.091,normalized-temperature,good,t652
2025-12-25T18:05:00Z,cab-a01,sensor-middle,front_middle,middle,inlet,20.991,normalized-temperature,good,t653
2025-12-25T18:05:00Z,cab-a01,sensor-bottom,front_bottom,bottom,inlet,20.091,normalized-temperature,good,t654
2025-12-25T18:10:00Z,cab-a01,sensor-top,front_top,top,inlet,22.102,normalized-temperature,good,t655
2025-12-25T18:10:00Z,cab-a01,sensor-middle,front_middle,middle,inlet,21.002,normalized-temperature,good,t656
2025-12-25T18:10:00Z,cab-a01,sensor-bottom,front_bottom,bottom,inlet,20.102,normalized-temperature,good,t657
2025-12-25T18:15:00Z,cab-a01,sensor-top,front_top,top,inlet,22.114,normalized-temperature,good,t658
2025-12-25T18:15:00Z,cab-a01,sensor-middle,front_middle,middle,inlet,21.014,normalized-temperature,good,t659
2025-12-25T18:15:00Z,cab-a01,sensor-bottom,front_bottom,bottom,inlet,20.114,normalized-temperature,good,t660
2025-12-25T18:20:00Z,cab-a01,sensor-top,front_top,top,inlet,22.126,normalized-temperature,good,t661
2025-12-25T18:20:00Z,cab-a01,sensor-middle,front_middle,middle,inlet,21.026,normalized-temperature,good,t662
2025-12-25T18:20:00Z,cab-a01,sensor-bottom,front_bottom,bottom,inlet,20.126,normalized-temperature,good,t663
2025-12-25T18:25:00Z,cab-a01,sensor-top,front_top,top,inlet,22.138,normalized-temperature,good,t664
2025-12-25T18:25:00Z,cab-a01,sensor-middle,front_middle,middle,inlet,21.038,normalized-temperature,good,t665
2025-12-25T18:25:00Z,cab-a01,sensor-bottom,front_bottom,bottom,inlet,20.138,normalized-temperature,good,t666
2025-12-25T18:30:00Z,cab-a01,sensor-top,front_top,top,inlet,22.149,normalized-temperature,good,t667
2025-12-25T18:30:00Z,cab-a01,sensor-middle,front_middle,middle,inlet,21.049,normalized-temperature,good,t668
2025-12-25T18:30:00Z,cab-a01,sensor-bottom,front_bottom,bottom,inlet,20.149,normalized-temperature,good,t669
2025-12-25T18:35:00Z,cab-a01,sensor-top,front_top,top,inlet,22.16,normalized-temperature,good,t670
2025-12-25T18:35:00Z,cab-a01,sensor-middle,front_middle,middle,inlet,21.06,normalized-temperature,good,t671
2025-12-25T18:35:00Z,cab-a01,sensor-bottom,front_bottom,bottom,inlet,20.16,normalized-temperature,good,t672
2025-12-25T18:40:00Z,cab-a01,sensor-top,front_top,top,inlet,22.171,normalized-temperature,good,t673
2025-12-25T18:40:00Z,cab-a01,sensor-middle,front_middle,middle,inlet,21.071,normalized-temperature,good,t674
2025-12-25T18:40:00Z,cab-a01,sensor-bottom,front_bottom,bottom,inlet,20.171,normalized-temperature,good,t675
2025-12-25T18:45:00Z,cab-a01,sensor-top,front_top,top,inlet,22.182,normalized-temperature,good,t676
2025-12-25T18:45:00Z,cab-a01,sensor-middle,front_middle,middle,inlet,21.082,normalized-temperature,good,t677
2025-12-25T18:45:00Z,cab-a01,sensor-bottom,front_bottom,bottom,inlet,20.182,normalized-temperature,good,t678
2025-12-25T18:50:00Z,cab-a01,sensor-top,front_top,top,inlet,22.192,normalized-temperature,good,t679
2025-12-25T18:50:00Z,cab-a01,sensor-middle,front_middle,middle,inlet,21.092,normalized-temperature,good,t680
2025-12-25T18:50:00Z,cab-a01,sensor-bottom,front_bottom,bottom,inlet,20.192,normalized-temperature,good,t681
2025-12-25T18:55:00Z,cab-a01,sensor-top,front_top,top,inlet,22.202,normalized-temperature,good,t682
2025-12-25T18:55:00Z,cab-a01,sensor-middle,front_middle,middle,inlet,21.102,normalized-temperature,good,t683
2025-12-25T18:55:00Z,cab-a01,sensor-bottom,front_bottom,bottom,inlet,20.202,normalized-temperature,good,t684
2025-12-25T19:00:00Z,cab-a01,sensor-top,front_top,top,inlet,22.211,normalized-temperature,good,t685
2025-12-25T19:00:00Z,cab-a01,sensor-middle,front_middle,middle,inlet,21.111,normalized-temperature,good,t686
2025-12-25T19:00:00Z,cab-a01,sensor-bottom,front_bottom,bottom,inlet,20.211,normalized-temperature,good,t687
2025-12-25T19:05:00Z,cab-a01,sensor-top,front_top,top,inlet,22.22,normalized-temperature,good,t688
2025-12-25T19:05:00Z,cab-a01,sensor-middle,front_middle,middle,inlet,21.12,normalized-temperature,good,t689
2025-12-25T19:05:00Z,cab-a01,sensor-bottom,front_bottom,bottom,inlet,20.22,normalized-temperature,good,t690
2025-12-25T19:10:00Z,cab-a01,sensor-top,front_top,top,inlet,22.228,normalized-temperature,good,t691
2025-12-25T19:10:00Z,cab-a01,sensor-middle,front_middle,middle,inlet,21.128,normalized-temperature,good,t692
2025-12-25T19:10:00Z,cab-a01,sensor-bottom,front_bottom,bottom,inlet,20.228,normalized-temperature,good,t693
2025-12-25T19:15:00Z,cab-a01,sensor-top,front_top,top,inlet,22.235,normalized-temperature,good,t694
2025-12-25T19:15:00Z,cab-a01,sensor-middle,front_middle,middle,inlet,21.135,normalized-temperature,good,t695
2025-12-25T19:15:00Z,cab-a01,sensor-bottom,front_bottom,bottom,inlet,20.235,normalized-temperature,good,t696
2025-12-25T19:20:00Z,cab-a01,sensor-top,front_top,top,inlet,22.242,normalized-temperature,good,t697
2025-12-25T19:20:00Z,cab-a01,sensor-middle,front_middle,middle,inlet,21.142,normalized-temperature,good,t698
2025-12-25T19:20:00Z,cab-a01,sensor-bottom,front_bottom,bottom,inlet,20.242,normalized-temperature,good,t699
2025-12-25T19:25:00Z,cab-a01,sensor-top,front_top,top,inlet,22.248,normalized-temperature,good,t700
2025-12-25T19:25:00Z,cab-a01,sensor-middle,front_middle,middle,inlet,21.148,normalized-temperature,good,t701
2025-12-25T19:25:00Z,cab-a01,sensor-bottom,front_bottom,bottom,inlet,20.248,normalized-temperature,good,t702
2025-12-25T19:30:00Z,cab-a01,sensor-top,front_top,top,inlet,22.253,normalized-temperature,good,t703
2025-12-25T19:30:00Z,cab-a01,sensor-middle,front_middle,middle,inlet,21.153,normalized-temperature,good,t704
2025-12-25T19:30:00Z,cab-a01,sensor-bottom,front_bottom,bottom,inlet,20.253,normalized-temperature,good,t705
2025-12-25T19:35:00Z,cab-a01,sensor-top,front_top,top,inlet,22.258,normalized-temperature,good,t706
2025-12-25T19:35:00Z,cab-a01,sensor-middle,front_middle,middle,inlet,21.158,normalized-temperature,good,t707
2025-12-25T19:35:00Z,cab-a01,sensor-bottom,front_bottom,bottom,inlet,20.258,normalized-temperature,good,t708
2025-12-25T19:40:00Z,cab-a01,sensor-top,front_top,top,inlet,22.262,normalized-temperature,good,t709
2025-12-25T19:40:00Z,cab-a01,sensor-middle,front_middle,middle,inlet,21.162,normalized-temperature,good,t710
2025-12-25T19:40:00Z,cab-a01,sensor-bottom,front_bottom,bottom,inlet,20.262,normalized-temperature,good,t711
2025-12-25T19:45:00Z,cab-a01,sensor-top,front_top,top,inlet,22.265,normalized-temperature,good,t712
2025-12-25T19:45:00Z,cab-a01,sensor-middle,front_middle,middle,inlet,21.165,normalized-temperature,good,t713
2025-12-25T19:45:00Z,cab-a01,sensor-bottom,front_bottom,bottom,inlet,20.265,normalized-temperature,good,t714
2025-12-25T19:50:00Z,cab-a01,sensor-top,front_top,top,inlet,22.268,normalized-temperature,good,t715
2025-12-25T19:50:00Z,cab-a01,sensor-middle,front_middle,middle,inlet,21.168,normalized-temperature,good,t716
2025-12-25T19:50:00Z,cab-a01,sensor-bottom,front_bottom,bottom,inlet,20.268,normalized-temperature,good,t717
2025-12-25T19:55:00Z,cab-a01,sensor-top,front_top,top,inlet,22.27,normalized-temperature,good,t718
2025-12-25T19:55:00Z,cab-a01,sensor-middle,front_middle,middle,inlet,21.17,normalized-temperature,good,t719
2025-12-25T19:55:00Z,cab-a01,sensor-bottom,front_bottom,bottom,inlet,20.27,normalized-temperature,good,t720
2025-12-25T20:00:00Z,cab-a01,sensor-top,front_top,top,inlet,22.272,normalized-temperature,good,t721
2025-12-25T20:00:00Z,cab-a01,sensor-middle,front_middle,middle,inlet,21.172,normalized-temperature,good,t722
2025-12-25T20:00:00Z,cab-a01,sensor-bottom,front_bottom,bottom,inlet,20.272,normalized-temperature,good,t723
2025-12-25T20:05:00Z,cab-a01,sensor-top,front_top,top,inlet,22.273,normalized-temperature,good,t724
2025-12-25T20:05:00Z,cab-a01,sensor-middle,front_middle,middle,inlet,21.173,normalized-temperature,good,t725
2025-12-25T20:05:00Z,cab-a01,sensor-bottom,front_bottom,bottom,inlet,20.273,normalized-temperature,good,t726
2025-12-25T20:10:00Z,cab-a01,sensor-top,front_top,top,inlet,22.273,normalized-temperature,good,t727
2025-12-25T20:10:00Z,cab-a01,sensor-middle,front_middle,middle,inlet,21.173,normalized-temperature,good,t728
2025-12-25T20:10:00Z,cab-a01,sensor-bottom,front_bottom,bottom,inlet,20.273,normalized-temperature,good,t729
2025-12-25T20:15:00Z,cab-a01,sensor-top,front_top,top,inlet,22.273,normalized-temperature,good,t730
2025-12-25T20:15:00Z,cab-a01,sensor-middle,front_middle,middle,inlet,21.173,normalized-temperature,good,t731
2025-12-25T20:15:00Z,cab-a01,sensor-bottom,front_bottom,bottom,inlet,20.273,normalized-temperature,good,t732
2025-12-25T20:20:00Z,cab-a01,sensor-top,front_top,top,inlet,22.272,normalized-temperature,good,t733
2025-12-25T20:20:00Z,cab-a01,sensor-middle,front_middle,middle,inlet,21.172,normalized-temperature,good,t734
2025-12-25T20:20:00Z,cab-a01,sensor-bottom,front_bottom,bottom,inlet,20.272,normalized-temperature,good,t735
2025-12-25T20:25:00Z,cab-a01,sensor-top,front_top,top,inlet,22.271,normalized-temperature,good,t736
2025-12-25T20:25:00Z,cab-a01,sensor-middle,front_middle,middle,inlet,21.171,normalized-temperature,good,t737
2025-12-25T20:25:00Z,cab-a01,sensor-bottom,front_bottom,bottom,inlet,20.271,normalized-temperature,good,t738
2025-12-25T20:30:00Z,cab-a01,sensor-top,front_top,top,inlet,22.269,normalized-temperature,good,t739
2025-12-25T20:30:00Z,cab-a01,sensor-middle,front_middle,middle,inlet,21.169,normalized-temperature,good,t740
2025-12-25T20:30:00Z,cab-a01,sensor-bottom,front_bottom,bottom,inlet,20.269,normalized-temperature,good,t741
2025-12-25T20:35:00Z,cab-a01,sensor-top,front_top,top,inlet,22.268,normalized-temperature,good,t742
2025-12-25T20:35:00Z,cab-a01,sensor-middle,front_middle,middle,inlet,21.168,normalized-temperature,good,t743
2025-12-25T20:35:00Z,cab-a01,sensor-bottom,front_bottom,bottom,inlet,20.268,normalized-temperature,good,t744
2025-12-25T20:40:00Z,cab-a01,sensor-top,front_top,top,inlet,22.266,normalized-temperature,good,t745
2025-12-25T20:40:00Z,cab-a01,sensor-middle,front_middle,middle,inlet,21.166,normalized-temperature,good,t746
2025-12-25T20:40:00Z,cab-a01,sensor-bottom,front_bottom,bottom,inlet,20.266,normalized-temperature,good,t747
2025-12-25T20:45:00Z,cab-a01,sensor-top,front_top,top,inlet,22.264,normalized-temperature,good,t748
2025-12-25T20:45:00Z,cab-a01,sensor-middle,front_middle,middle,inlet,21.164,normalized-temperature,good,t749
2025-12-25T20:45:00Z,cab-a01,sensor-bottom,front_bottom,bottom,inlet,20.264,normalized-temperature,good,t750
2025-12-25T20:50:00Z,cab-a01,sensor-top,front_top,top,inlet,22.261,normalized-temperature,good,t751
2025-12-25T20:50:00Z,cab-a01,sensor-middle,front_middle,middle,inlet,21.161,normalized-temperature,good,t752
2025-12-25T20:50:00Z,cab-a01,sensor-bottom,front_bottom,bottom,inlet,20.261,normalized-temperature,good,t753
2025-12-25T20:55:00Z,cab-a01,sensor-top,front_top,top,inlet,22.259,normalized-temperature,good,t754
2025-12-25T20:55:00Z,cab-a01,sensor-middle,front_middle,middle,inlet,21.159,normalized-temperature,good,t755
2025-12-25T20:55:00Z,cab-a01,sensor-bottom,front_bottom,bottom,inlet,20.259,normalized-temperature,good,t756
2025-12-25T21:00:00Z,cab-a01,sensor-top,front_top,top,inlet,22.257,normalized-temperature,good,t757
2025-12-25T21:00:00Z,cab-a01,sensor-middle,front_middle,middle,inlet,21.157,normalized-temperature,good,t758
2025-12-25T21:00:00Z,cab-a01,sensor-bottom,front_bottom,bottom,inlet,20.257,normalized-temperature,good,t759
2025-12-25T21:05:00Z,cab-a01,sensor-top,front_top,top,inlet,22.254,normalized-temperature,good,t760
2025-12-25T21:05:00Z,cab-a01,sensor-middle,front_middle,middle,inlet,21.154,normalized-temperature,good,t761
2025-12-25T21:05:00Z,cab-a01,sensor-bottom,front_bottom,bottom,inlet,20.254,normalized-temperature,good,t762
2025-12-25T21:10:00Z,cab-a01,sensor-top,front_top,top,inlet,22.252,normalized-temperature,good,t763
2025-12-25T21:10:00Z,cab-a01,sensor-middle,front_middle,middle,inlet,21.152,normalized-temperature,good,t764
2025-12-25T21:10:00Z,cab-a01,sensor-bottom,front_bottom,bottom,inlet,20.252,normalized-temperature,good,t765
2025-12-25T21:15:00Z,cab-a01,sensor-top,front_top,top,inlet,22.251,normalized-temperature,good,t766
2025-12-25T21:15:00Z,cab-a01,sensor-middle,front_middle,middle,inlet,21.151,normalized-temperature,good,t767
2025-12-25T21:15:00Z,cab-a01,sensor-bottom,front_bottom,bottom,inlet,20.251,normalized-temperature,good,t768
2025-12-25T21:20:00Z,cab-a01,sensor-top,front_top,top,inlet,22.249,normalized-temperature,good,t769
2025-12-25T21:20:00Z,cab-a01,sensor-middle,front_middle,middle,inlet,21.149,normalized-temperature,good,t770
2025-12-25T21:20:00Z,cab-a01,sensor-bottom,front_bottom,bottom,inlet,20.249,normalized-temperature,good,t771
2025-12-25T21:25:00Z,cab-a01,sensor-top,front_top,top,inlet,22.248,normalized-temperature,good,t772
2025-12-25T21:25:00Z,cab-a01,sensor-middle,front_middle,middle,inlet,21.148,normalized-temperature,good,t773
2025-12-25T21:25:00Z,cab-a01,sensor-bottom,front_bottom,bottom,inlet,20.248,normalized-temperature,good,t774
2025-12-25T21:30:00Z,cab-a01,sensor-top,front_top,top,inlet,22.247,normalized-temperature,good,t775
2025-12-25T21:30:00Z,cab-a01,sensor-middle,front_middle,middle,inlet,21.147,normalized-temperature,good,t776
2025-12-25T21:30:00Z,cab-a01,sensor-bottom,front_bottom,bottom,inlet,20.247,normalized-temperature,good,t777
2025-12-25T21:35:00Z,cab-a01,sensor-top,front_top,top,inlet,22.247,normalized-temperature,good,t778
2025-12-25T21:35:00Z,cab-a01,sensor-middle,front_middle,middle,inlet,21.147,normalized-temperature,good,t779
2025-12-25T21:35:00Z,cab-a01,sensor-bottom,front_bottom,bottom,inlet,20.247,normalized-temperature,good,t780
2025-12-25T21:40:00Z,cab-a01,sensor-top,front_top,top,inlet,22.248,normalized-temperature,good,t781
2025-12-25T21:40:00Z,cab-a01,sensor-middle,front_middle,middle,inlet,21.148,normalized-temperature,good,t782
2025-12-25T21:40:00Z,cab-a01,sensor-bottom,front_bottom,bottom,inlet,20.248,normalized-temperature,good,t783
2025-12-25T21:45:00Z,cab-a01,sensor-top,front_top,top,inlet,22.249,normalized-temperature,good,t784
2025-12-25T21:45:00Z,cab-a01,sensor-middle,front_middle,middle,inlet,21.149,normalized-temperature,good,t785
2025-12-25T21:45:00Z,cab-a01,sensor-bottom,front_bottom,bottom,inlet,20.249,normalized-temperature,good,t786
2025-12-25T21:50:00Z,cab-a01,sensor-top,front_top,top,inlet,22.25,normalized-temperature,good,t787
2025-12-25T21:50:00Z,cab-a01,sensor-middle,front_middle,middle,inlet,21.15,normalized-temperature,good,t788
2025-12-25T21:50:00Z,cab-a01,sensor-bottom,front_bottom,bottom,inlet,20.25,normalized-temperature,good,t789
2025-12-25T21:55:00Z,cab-a01,sensor-top,front_top,top,inlet,22.253,normalized-temperature,good,t790
2025-12-25T21:55:00Z,cab-a01,sensor-middle,front_middle,middle,inlet,21.153,normalized-temperature,good,t791
2025-12-25T21:55:00Z,cab-a01,sensor-bottom,front_bottom,bottom,inlet,20.253,normalized-temperature,good,t792
2025-12-25T22:00:00Z,cab-a01,sensor-top,front_top,top,inlet,22.256,normalized-temperature,good,t793
2025-12-25T22:00:00Z,cab-a01,sensor-middle,front_middle,middle,inlet,21.156,normalized-temperature,good,t794
2025-12-25T22:00:00Z,cab-a01,sensor-bottom,front_bottom,bottom,inlet,20.256,normalized-temperature,good,t795
2025-12-25T22:05:00Z,cab-a01,sensor-top,front_top,top,inlet,22.26,normalized-temperature,good,t796
2025-12-25T22:05:00Z,cab-a01,sensor-middle,front_middle,middle,inlet,21.16,normalized-temperature,good,t797
2025-12-25T22:05:00Z,cab-a01,sensor-bottom,front_bottom,bottom,inlet,20.26,normalized-temperature,good,t798
2025-12-25T22:10:00Z,cab-a01,sensor-top,front_top,top,inlet,22.264,normalized-temperature,good,t799
2025-12-25T22:10:00Z,cab-a01,sensor-middle,front_middle,middle,inlet,21.164,normalized-temperature,good,t800
2025-12-25T22:10:00Z,cab-a01,sensor-bottom,front_bottom,bottom,inlet,20.264,normalized-temperature,good,t801
2025-12-25T22:15:00Z,cab-a01,sensor-top,front_top,top,inlet,22.27,normalized-temperature,good,t802
2025-12-25T22:15:00Z,cab-a01,sensor-middle,front_middle,middle,inlet,21.17,normalized-temperature,good,t803
2025-12-25T22:15:00Z,cab-a01,sensor-bottom,front_bottom,bottom,inlet,20.27,normalized-temperature,good,t804
2025-12-25T22:20:00Z,cab-a01,sensor-top,front_top,top,inlet,22.276,normalized-temperature,good,t805
2025-12-25T22:20:00Z,cab-a01,sensor-middle,front_middle,middle,inlet,21.176,normalized-temperature,good,t806
2025-12-25T22:20:00Z,cab-a01,sensor-bottom,front_bottom,bottom,inlet,20.276,normalized-temperature,good,t807
2025-12-25T22:25:00Z,cab-a01,sensor-top,front_top,top,inlet,22.283,normalized-temperature,good,t808
2025-12-25T22:25:00Z,cab-a01,sensor-middle,front_middle,middle,inlet,21.183,normalized-temperature,good,t809
2025-12-25T22:25:00Z,cab-a01,sensor-bottom,front_bottom,bottom,inlet,20.283,normalized-temperature,good,t810
2025-12-25T22:30:00Z,cab-a01,sensor-top,front_top,top,inlet,22.292,normalized-temperature,good,t811
2025-12-25T22:30:00Z,cab-a01,sensor-middle,front_middle,middle,inlet,21.192,normalized-temperature,good,t812
2025-12-25T22:30:00Z,cab-a01,sensor-bottom,front_bottom,bottom,inlet,20.292,normalized-temperature,good,t813
2025-12-25T22:35:00Z,cab-a01,sensor-top,front_top,top,inlet,22.301,normalized-temperature,good,t814
2025-12-25T22:35:00Z,cab-a01,sensor-middle,front_middle,middle,inlet,21.201,normalized-temperature,good,t815
2025-12-25T22:35:00Z,cab-a01,sensor-bottom,front_bottom,bottom,inlet,20.301,normalized-temperature,good,t816
2025-12-25T22:40:00Z,cab-a01,sensor-top,front_top,top,inlet,22.31,normalized-temperature,good,t817
2025-12-25T22:40:00Z,cab-a01,sensor-middle,front_middle,middle,inlet,21.21,normalized-temperature,good,t818
2025-12-25T22:40:00Z,cab-a01,sensor-bottom,front_bottom,bottom,inlet,20.31,normalized-temperature,good,t819
2025-12-25T22:45:00Z,cab-a01,sensor-top,front_top,top,inlet,22.321,normalized-temperature,good,t820
2025-12-25T22:45:00Z,cab-a01,sensor-middle,front_middle,middle,inlet,21.221,normalized-temperature,good,t821
2025-12-25T22:45:00Z,cab-a01,sensor-bottom,front_bottom,bottom,inlet,20.321,normalized-temperature,good,t822
2025-12-25T22:50:00Z,cab-a01,sensor-top,front_top,top,inlet,22.332,normalized-temperature,good,t823
2025-12-25T22:50:00Z,cab-a01,sensor-middle,front_middle,middle,inlet,21.232,normalized-temperature,good,t824
2025-12-25T22:50:00Z,cab-a01,sensor-bottom,front_bottom,bottom,inlet,20.332,normalized-temperature,good,t825
2025-12-25T22:55:00Z,cab-a01,sensor-top,front_top,top,inlet,22.345,normalized-temperature,good,t826
2025-12-25T22:55:00Z,cab-a01,sensor-middle,front_middle,middle,inlet,21.245,normalized-temperature,good,t827
2025-12-25T22:55:00Z,cab-a01,sensor-bottom,front_bottom,bottom,inlet,20.345,normalized-temperature,good,t828
2025-12-25T23:00:00Z,cab-a01,sensor-top,front_top,top,inlet,22.358,normalized-temperature,good,t829
2025-12-25T23:00:00Z,cab-a01,sensor-middle,front_middle,middle,inlet,21.258,normalized-temperature,good,t830
2025-12-25T23:00:00Z,cab-a01,sensor-bottom,front_bottom,bottom,inlet,20.358,normalized-temperature,good,t831
2025-12-25T23:05:00Z,cab-a01,sensor-top,front_top,top,inlet,22.372,normalized-temperature,good,t832
2025-12-25T23:05:00Z,cab-a01,sensor-middle,front_middle,middle,inlet,21.272,normalized-temperature,good,t833
2025-12-25T23:05:00Z,cab-a01,sensor-bottom,front_bottom,bottom,inlet,20.372,normalized-temperature,good,t834
2025-12-25T23:10:00Z,cab-a01,sensor-top,front_top,top,inlet,22.386,normalized-temperature,good,t835
2025-12-25T23:10:00Z,cab-a01,sensor-middle,front_middle,middle,inlet,21.286,normalized-temperature,good,t836
2025-12-25T23:10:00Z,cab-a01,sensor-bottom,front_bottom,bottom,inlet,20.386,normalized-temperature,good,t837
2025-12-25T23:15:00Z,cab-a01,sensor-top,front_top,top,inlet,22.401,normalized-temperature,good,t838
2025-12-25T23:15:00Z,cab-a01,sensor-middle,front_middle,middle,inlet,21.301,normalized-temperature,good,t839
2025-12-25T23:15:00Z,cab-a01,sensor-bottom,front_bottom,bottom,inlet,20.401,normalized-temperature,good,t840
2025-12-25T23:20:00Z,cab-a01,sensor-top,front_top,top,inlet,22.417,normalized-temperature,good,t841
2025-12-25T23:20:00Z,cab-a01,sensor-middle,front_middle,middle,inlet,21.317,normalized-temperature,good,t842
2025-12-25T23:20:00Z,cab-a01,sensor-bottom,front_bottom,bottom,inlet,20.417,normalized-temperature,good,t843
2025-12-25T23:25:00Z,cab-a01,sensor-top,front_top,top,inlet,22.433,normalized-temperature,good,t844
2025-12-25T23:25:00Z,cab-a01,sensor-middle,front_middle,middle,inlet,21.333,normalized-temperature,good,t845
2025-12-25T23:25:00Z,cab-a01,sensor-bottom,front_bottom,bottom,inlet,20.433,normalized-temperature,good,t846
2025-12-25T23:30:00Z,cab-a01,sensor-top,front_top,top,inlet,22.45,normalized-temperature,good,t847
2025-12-25T23:30:00Z,cab-a01,sensor-middle,front_middle,middle,inlet,21.35,normalized-temperature,good,t848
2025-12-25T23:30:00Z,cab-a01,sensor-bottom,front_bottom,bottom,inlet,20.45,normalized-temperature,good,t849
2025-12-25T23:35:00Z,cab-a01,sensor-top,front_top,top,inlet,22.467,normalized-temperature,good,t850
2025-12-25T23:35:00Z,cab-a01,sensor-middle,front_middle,middle,inlet,21.367,normalized-temperature,good,t851
2025-12-25T23:35:00Z,cab-a01,sensor-bottom,front_bottom,bottom,inlet,20.467,normalized-temperature,good,t852
2025-12-25T23:40:00Z,cab-a01,sensor-top,front_top,top,inlet,22.484,normalized-temperature,good,t853
2025-12-25T23:40:00Z,cab-a01,sensor-middle,front_middle,middle,inlet,21.384,normalized-temperature,good,t854
2025-12-25T23:40:00Z,cab-a01,sensor-bottom,front_bottom,bottom,inlet,20.484,normalized-temperature,good,t855
2025-12-25T23:45:00Z,cab-a01,sensor-top,front_top,top,inlet,22.502,normalized-temperature,good,t856
2025-12-25T23:45:00Z,cab-a01,sensor-middle,front_middle,middle,inlet,21.402,normalized-temperature,good,t857
2025-12-25T23:45:00Z,cab-a01,sensor-bottom,front_bottom,bottom,inlet,20.502,normalized-temperature,good,t858
2025-12-25T23:50:00Z,cab-a01,sensor-top,front_top,top,inlet,22.52,normalized-temperature,good,t859
2025-12-25T23:50:00Z,cab-a01,sensor-middle,front_middle,middle,inlet,21.42,normalized-temperature,good,t860
2025-12-25T23:50:00Z,cab-a01,sensor-bottom,front_bottom,bottom,inlet,20.52,normalized-temperature,good,t861
2025-12-25T23:55:00Z,cab-a01,sensor-top,front_top,top,inlet,22.538,normalized-temperature,good,t862
2025-12-25T23:55:00Z,cab-a01,sensor-middle,front_middle,middle,inlet,21.438,normalized-temperature,good,t863
2025-12-25T23:55:00Z,cab-a01,sensor-bottom,front_bottom,bottom,inlet,20.538,normalized-temperature,good,t864
2025-12-26T00:00:00Z,cab-a01,sensor-top,front_top,top,inlet,22.556,normalized-temperature,good,t865
2025-12-26T00:00:00Z,cab-a01,sensor-middle,front_middle,middle,inlet,21.456,normalized-temperature,good,t866
2025-12-26T00:00:00Z,cab-a01,sensor-bottom,front_bottom,bottom,inlet,20.556,normalized-temperature,good,t867
2025-12-26T00:05:00Z,cab-a01,sensor-top,front_top,top,inlet,22.574,normalized-temperature,good,t868
2025-12-26T00:05:00Z,cab-a01,sensor-middle,front_middle,middle,inlet,21.474,normalized-temperature,good,t869
2025-12-26T00:05:00Z,cab-a01,sensor-bottom,front_bottom,bottom,inlet,20.574,normalized-temperature,good,t870
2025-12-26T00:10:00Z,cab-a01,sensor-top,front_top,top,inlet,22.592,normalized-temperature,good,t871
2025-12-26T00:10:00Z,cab-a01,sensor-middle,front_middle,middle,inlet,21.492,normalized-temperature,good,t872
2025-12-26T00:10:00Z,cab-a01,sensor-bottom,front_bottom,bottom,inlet,20.592,normalized-temperature,good,t873
2025-12-26T00:15:00Z,cab-a01,sensor-top,front_top,top,inlet,22.609,normalized-temperature,good,t874
2025-12-26T00:15:00Z,cab-a01,sensor-middle,front_middle,middle,inlet,21.509,normalized-temperature,good,t875
2025-12-26T00:15:00Z,cab-a01,sensor-bottom,front_bottom,bottom,inlet,20.609,normalized-temperature,good,t876
2025-12-26T00:20:00Z,cab-a01,sensor-top,front_top,top,inlet,22.627,normalized-temperature,good,t877
2025-12-26T00:20:00Z,cab-a01,sensor-middle,front_middle,middle,inlet,21.527,normalized-temperature,good,t878
2025-12-26T00:20:00Z,cab-a01,sensor-bottom,front_bottom,bottom,inlet,20.627,normalized-temperature,good,t879
2025-12-26T00:25:00Z,cab-a01,sensor-top,front_top,top,inlet,22.644,normalized-temperature,good,t880
2025-12-26T00:25:00Z,cab-a01,sensor-middle,front_middle,middle,inlet,21.544,normalized-temperature,good,t881
2025-12-26T00:25:00Z,cab-a01,sensor-bottom,front_bottom,bottom,inlet,20.644,normalized-temperature,good,t882
2025-12-26T00:30:00Z,cab-a01,sensor-top,front_top,top,inlet,22.66,normalized-temperature,good,t883
2025-12-26T00:30:00Z,cab-a01,sensor-middle,front_middle,middle,inlet,21.56,normalized-temperature,good,t884
2025-12-26T00:30:00Z,cab-a01,sensor-bottom,front_bottom,bottom,inlet,20.66,normalized-temperature,good,t885
2025-12-26T00:35:00Z,cab-a01,sensor-top,front_top,top,inlet,22.677,normalized-temperature,good,t886
2025-12-26T00:35:00Z,cab-a01,sensor-middle,front_middle,middle,inlet,21.577,normalized-temperature,good,t887
2025-12-26T00:35:00Z,cab-a01,sensor-bottom,front_bottom,bottom,inlet,20.677,normalized-temperature,good,t888
2025-12-26T00:40:00Z,cab-a01,sensor-top,front_top,top,inlet,22.692,normalized-temperature,good,t889
2025-12-26T00:40:00Z,cab-a01,sensor-middle,front_middle,middle,inlet,21.592,normalized-temperature,good,t890
2025-12-26T00:40:00Z,cab-a01,sensor-bottom,front_bottom,bottom,inlet,20.692,normalized-temperature,good,t891
2025-12-26T00:45:00Z,cab-a01,sensor-top,front_top,top,inlet,22.707,normalized-temperature,good,t892
2025-12-26T00:45:00Z,cab-a01,sensor-middle,front_middle,middle,inlet,21.607,normalized-temperature,good,t893
2025-12-26T00:45:00Z,cab-a01,sensor-bottom,front_bottom,bottom,inlet,20.707,normalized-temperature,good,t894
2025-12-26T00:50:00Z,cab-a01,sensor-top,front_top,top,inlet,22.721,normalized-temperature,good,t895
2025-12-26T00:50:00Z,cab-a01,sensor-middle,front_middle,middle,inlet,21.621,normalized-temperature,good,t896
2025-12-26T00:50:00Z,cab-a01,sensor-bottom,front_bottom,bottom,inlet,20.721,normalized-temperature,good,t897
2025-12-26T00:55:00Z,cab-a01,sensor-top,front_top,top,inlet,22.735,normalized-temperature,good,t898
2025-12-26T00:55:00Z,cab-a01,sensor-middle,front_middle,middle,inlet,21.635,normalized-temperature,good,t899
2025-12-26T00:55:00Z,cab-a01,sensor-bottom,front_bottom,bottom,inlet,20.735,normalized-temperature,good,t900
2025-12-26T01:00:00Z,cab-a01,sensor-top,front_top,top,inlet,22.748,normalized-temperature,good,t901
2025-12-26T01:00:00Z,cab-a01,sensor-middle,front_middle,middle,inlet,21.648,normalized-temperature,good,t902
2025-12-26T01:00:00Z,cab-a01,sensor-bottom,front_bottom,bottom,inlet,20.748,normalized-temperature,good,t903
2025-12-26T01:05:00Z,cab-a01,sensor-top,front_top,top,inlet,22.76,normalized-temperature,good,t904
2025-12-26T01:05:00Z,cab-a01,sensor-middle,front_middle,middle,inlet,21.66,normalized-temperature,good,t905
2025-12-26T01:05:00Z,cab-a01,sensor-bottom,front_bottom,bottom,inlet,20.76,normalized-temperature,good,t906
2025-12-26T01:10:00Z,cab-a01,sensor-top,front_top,top,inlet,22.771,normalized-temperature,good,t907
2025-12-26T01:10:00Z,cab-a01,sensor-middle,front_middle,middle,inlet,21.671,normalized-temperature,good,t908
2025-12-26T01:10:00Z,cab-a01,sensor-bottom,front_bottom,bottom,inlet,20.771,normalized-temperature,good,t909
2025-12-26T01:15:00Z,cab-a01,sensor-top,front_top,top,inlet,22.781,normalized-temperature,good,t910
2025-12-26T01:15:00Z,cab-a01,sensor-middle,front_middle,middle,inlet,21.681,normalized-temperature,good,t911
2025-12-26T01:15:00Z,cab-a01,sensor-bottom,front_bottom,bottom,inlet,20.781,normalized-temperature,good,t912
2025-12-26T01:20:00Z,cab-a01,sensor-top,front_top,top,inlet,22.79,normalized-temperature,good,t913
2025-12-26T01:20:00Z,cab-a01,sensor-middle,front_middle,middle,inlet,21.69,normalized-temperature,good,t914
2025-12-26T01:20:00Z,cab-a01,sensor-bottom,front_bottom,bottom,inlet,20.79,normalized-temperature,good,t915
2025-12-26T01:25:00Z,cab-a01,sensor-top,front_top,top,inlet,22.799,normalized-temperature,good,t916
2025-12-26T01:25:00Z,cab-a01,sensor-middle,front_middle,middle,inlet,21.699,normalized-temperature,good,t917
2025-12-26T01:25:00Z,cab-a01,sensor-bottom,front_bottom,bottom,inlet,20.799,normalized-temperature,good,t918
2025-12-26T01:30:00Z,cab-a01,sensor-top,front_top,top,inlet,22.806,normalized-temperature,good,t919
2025-12-26T01:30:00Z,cab-a01,sensor-middle,front_middle,middle,inlet,21.706,normalized-temperature,good,t920
2025-12-26T01:30:00Z,cab-a01,sensor-bottom,front_bottom,bottom,inlet,20.806,normalized-temperature,good,t921
2025-12-26T01:35:00Z,cab-a01,sensor-top,front_top,top,inlet,22.813,normalized-temperature,good,t922
2025-12-26T01:35:00Z,cab-a01,sensor-middle,front_middle,middle,inlet,21.713,normalized-temperature,good,t923
2025-12-26T01:35:00Z,cab-a01,sensor-bottom,front_bottom,bottom,inlet,20.813,normalized-temperature,good,t924
2025-12-26T01:40:00Z,cab-a01,sensor-top,front_top,top,inlet,22.818,normalized-temperature,good,t925
2025-12-26T01:40:00Z,cab-a01,sensor-middle,front_middle,middle,inlet,21.718,normalized-temperature,good,t926
2025-12-26T01:40:00Z,cab-a01,sensor-bottom,front_bottom,bottom,inlet,20.818,normalized-temperature,good,t927
2025-12-26T01:45:00Z,cab-a01,sensor-top,front_top,top,inlet,22.823,normalized-temperature,good,t928
2025-12-26T01:45:00Z,cab-a01,sensor-middle,front_middle,middle,inlet,21.723,normalized-temperature,good,t929
2025-12-26T01:45:00Z,cab-a01,sensor-bottom,front_bottom,bottom,inlet,20.823,normalized-temperature,good,t930
2025-12-26T01:50:00Z,cab-a01,sensor-top,front_top,top,inlet,22.827,normalized-temperature,good,t931
2025-12-26T01:50:00Z,cab-a01,sensor-middle,front_middle,middle,inlet,21.727,normalized-temperature,good,t932
2025-12-26T01:50:00Z,cab-a01,sensor-bottom,front_bottom,bottom,inlet,20.827,normalized-temperature,good,t933
2025-12-26T01:55:00Z,cab-a01,sensor-top,front_top,top,inlet,22.83,normalized-temperature,good,t934
2025-12-26T01:55:00Z,cab-a01,sensor-middle,front_middle,middle,inlet,21.73,normalized-temperature,good,t935
2025-12-26T01:55:00Z,cab-a01,sensor-bottom,front_bottom,bottom,inlet,20.83,normalized-temperature,good,t936
2025-12-26T02:00:00Z,cab-a01,sensor-top,front_top,top,inlet,22.831,normalized-temperature,good,t937
2025-12-26T02:00:00Z,cab-a01,sensor-middle,front_middle,middle,inlet,21.731,normalized-temperature,good,t938
2025-12-26T02:00:00Z,cab-a01,sensor-bottom,front_bottom,bottom,inlet,20.831,normalized-temperature,good,t939
2025-12-26T02:05:00Z,cab-a01,sensor-top,front_top,top,inlet,22.832,normalized-temperature,good,t940
2025-12-26T02:05:00Z,cab-a01,sensor-middle,front_middle,middle,inlet,21.732,normalized-temperature,good,t941
2025-12-26T02:05:00Z,cab-a01,sensor-bottom,front_bottom,bottom,inlet,20.832,normalized-temperature,good,t942
2025-12-26T02:10:00Z,cab-a01,sensor-top,front_top,top,inlet,22.833,normalized-temperature,good,t943
2025-12-26T02:10:00Z,cab-a01,sensor-middle,front_middle,middle,inlet,21.733,normalized-temperature,good,t944
2025-12-26T02:10:00Z,cab-a01,sensor-bottom,front_bottom,bottom,inlet,20.833,normalized-temperature,good,t945
2025-12-26T02:15:00Z,cab-a01,sensor-top,front_top,top,inlet,22.832,normalized-temperature,good,t946
2025-12-26T02:15:00Z,cab-a01,sensor-middle,front_middle,middle,inlet,21.732,normalized-temperature,good,t947
2025-12-26T02:15:00Z,cab-a01,sensor-bottom,front_bottom,bottom,inlet,20.832,normalized-temperature,good,t948
2025-12-26T02:20:00Z,cab-a01,sensor-top,front_top,top,inlet,22.831,normalized-temperature,good,t949
2025-12-26T02:20:00Z,cab-a01,sensor-middle,front_middle,middle,inlet,21.731,normalized-temperature,good,t950
2025-12-26T02:20:00Z,cab-a01,sensor-bottom,front_bottom,bottom,inlet,20.831,normalized-temperature,good,t951
2025-12-26T02:25:00Z,cab-a01,sensor-top,front_top,top,inlet,22.829,normalized-temperature,good,t952
2025-12-26T02:25:00Z,cab-a01,sensor-middle,front_middle,middle,inlet,21.729,normalized-temperature,good,t953
2025-12-26T02:25:00Z,cab-a01,sensor-bottom,front_bottom,bottom,inlet,20.829,normalized-temperature,good,t954
2025-12-26T02:30:00Z,cab-a01,sensor-top,front_top,top,inlet,22.826,normalized-temperature,good,t955
2025-12-26T02:30:00Z,cab-a01,sensor-middle,front_middle,middle,inlet,21.726,normalized-temperature,good,t956
2025-12-26T02:30:00Z,cab-a01,sensor-bottom,front_bottom,bottom,inlet,20.826,normalized-temperature,good,t957
2025-12-26T02:35:00Z,cab-a01,sensor-top,front_top,top,inlet,22.823,normalized-temperature,good,t958
2025-12-26T02:35:00Z,cab-a01,sensor-middle,front_middle,middle,inlet,21.723,normalized-temperature,good,t959
2025-12-26T02:35:00Z,cab-a01,sensor-bottom,front_bottom,bottom,inlet,20.823,normalized-temperature,good,t960
2025-12-26T02:40:00Z,cab-a01,sensor-top,front_top,top,inlet,22.82,normalized-temperature,good,t961
2025-12-26T02:40:00Z,cab-a01,sensor-middle,front_middle,middle,inlet,21.72,normalized-temperature,good,t962
2025-12-26T02:40:00Z,cab-a01,sensor-bottom,front_bottom,bottom,inlet,20.82,normalized-temperature,good,t963
2025-12-26T02:45:00Z,cab-a01,sensor-top,front_top,top,inlet,22.816,normalized-temperature,good,t964
2025-12-26T02:45:00Z,cab-a01,sensor-middle,front_middle,middle,inlet,21.716,normalized-temperature,good,t965
2025-12-26T02:45:00Z,cab-a01,sensor-bottom,front_bottom,bottom,inlet,20.816,normalized-temperature,good,t966
2025-12-26T02:50:00Z,cab-a01,sensor-top,front_top,top,inlet,22.811,normalized-temperature,good,t967
2025-12-26T02:50:00Z,cab-a01,sensor-middle,front_middle,middle,inlet,21.711,normalized-temperature,good,t968
2025-12-26T02:50:00Z,cab-a01,sensor-bottom,front_bottom,bottom,inlet,20.811,normalized-temperature,good,t969
2025-12-26T02:55:00Z,cab-a01,sensor-top,front_top,top,inlet,22.806,normalized-temperature,good,t970
2025-12-26T02:55:00Z,cab-a01,sensor-middle,front_middle,middle,inlet,21.706,normalized-temperature,good,t971
2025-12-26T02:55:00Z,cab-a01,sensor-bottom,front_bottom,bottom,inlet,20.806,normalized-temperature,good,t972
2025-12-26T03:00:00Z,cab-a01,sensor-top,front_top,top,inlet,22.801,normalized-temperature,good,t973
2025-12-26T03:00:00Z,cab-a01,sensor-middle,front_middle,middle,inlet,21.701,normalized-temperature,good,t974
2025-12-26T03:00:00Z,cab-a01,sensor-bottom,front_bottom,bottom,inlet,20.801,normalized-temperature,good,t975
2025-12-26T03:05:00Z,cab-a01,sensor-top,front_top,top,inlet,22.796,normalized-temperature,good,t976
2025-12-26T03:05:00Z,cab-a01,sensor-middle,front_middle,middle,inlet,21.696,normalized-temperature,good,t977
2025-12-26T03:05:00Z,cab-a01,sensor-bottom,front_bottom,bottom,inlet,20.796,normalized-temperature,good,t978
2025-12-26T03:10:00Z,cab-a01,sensor-top,front_top,top,inlet,22.791,normalized-temperature,good,t979
2025-12-26T03:10:00Z,cab-a01,sensor-middle,front_middle,middle,inlet,21.691,normalized-temperature,good,t980
2025-12-26T03:10:00Z,cab-a01,sensor-bottom,front_bottom,bottom,inlet,20.791,normalized-temperature,good,t981
2025-12-26T03:15:00Z,cab-a01,sensor-top,front_top,top,inlet,22.786,normalized-temperature,good,t982
2025-12-26T03:15:00Z,cab-a01,sensor-middle,front_middle,middle,inlet,21.686,normalized-temperature,good,t983
2025-12-26T03:15:00Z,cab-a01,sensor-bottom,front_bottom,bottom,inlet,20.786,normalized-temperature,good,t984
2025-12-26T03:20:00Z,cab-a01,sensor-top,front_top,top,inlet,22.78,normalized-temperature,good,t985
2025-12-26T03:20:00Z,cab-a01,sensor-middle,front_middle,middle,inlet,21.68,normalized-temperature,good,t986
2025-12-26T03:20:00Z,cab-a01,sensor-bottom,front_bottom,bottom,inlet,20.78,normalized-temperature,good,t987
2025-12-26T03:25:00Z,cab-a01,sensor-top,front_top,top,inlet,22.775,normalized-temperature,good,t988
2025-12-26T03:25:00Z,cab-a01,sensor-middle,front_middle,middle,inlet,21.675,normalized-temperature,good,t989
2025-12-26T03:25:00Z,cab-a01,sensor-bottom,front_bottom,bottom,inlet,20.775,normalized-temperature,good,t990
2025-12-26T03:30:00Z,cab-a01,sensor-top,front_top,top,inlet,22.771,normalized-temperature,good,t991
2025-12-26T03:30:00Z,cab-a01,sensor-middle,front_middle,middle,inlet,21.671,normalized-temperature,good,t992
2025-12-26T03:30:00Z,cab-a01,sensor-bottom,front_bottom,bottom,inlet,20.771,normalized-temperature,good,t993
2025-12-26T03:35:00Z,cab-a01,sensor-top,front_top,top,inlet,22.766,normalized-temperature,good,t994
2025-12-26T03:35:00Z,cab-a01,sensor-middle,front_middle,middle,inlet,21.666,normalized-temperature,good,t995
2025-12-26T03:35:00Z,cab-a01,sensor-bottom,front_bottom,bottom,inlet,20.766,normalized-temperature,good,t996
2025-12-26T03:40:00Z,cab-a01,sensor-top,front_top,top,inlet,22.762,normalized-temperature,good,t997
2025-12-26T03:40:00Z,cab-a01,sensor-middle,front_middle,middle,inlet,21.662,normalized-temperature,good,t998
2025-12-26T03:40:00Z,cab-a01,sensor-bottom,front_bottom,bottom,inlet,20.762,normalized-temperature,good,t999
2025-12-26T03:45:00Z,cab-a01,sensor-top,front_top,top,inlet,22.758,normalized-temperature,good,t1000
2025-12-26T03:45:00Z,cab-a01,sensor-middle,front_middle,middle,inlet,21.658,normalized-temperature,good,t1001
2025-12-26T03:45:00Z,cab-a01,sensor-bottom,front_bottom,bottom,inlet,20.758,normalized-temperature,good,t1002
2025-12-26T03:50:00Z,cab-a01,sensor-top,front_top,top,inlet,22.754,normalized-temperature,good,t1003
2025-12-26T03:50:00Z,cab-a01,sensor-middle,front_middle,middle,inlet,21.654,normalized-temperature,good,t1004
2025-12-26T03:50:00Z,cab-a01,sensor-bottom,front_bottom,bottom,inlet,20.754,normalized-temperature,good,t1005
2025-12-26T03:55:00Z,cab-a01,sensor-top,front_top,top,inlet,22.751,normalized-temperature,good,t1006
2025-12-26T03:55:00Z,cab-a01,sensor-middle,front_middle,middle,inlet,21.651,normalized-temperature,good,t1007
2025-12-26T03:55:00Z,cab-a01,sensor-bottom,front_bottom,bottom,inlet,20.751,normalized-temperature,good,t1008
2025-12-26T04:00:00Z,cab-a01,sensor-top,front_top,top,inlet,22.748,normalized-temperature,good,t1009
2025-12-26T04:00:00Z,cab-a01,sensor-middle,front_middle,middle,inlet,21.648,normalized-temperature,good,t1010
2025-12-26T04:00:00Z,cab-a01,sensor-bottom,front_bottom,bottom,inlet,20.748,normalized-temperature,good,t1011
2025-12-26T04:05:00Z,cab-a01,sensor-top,front_top,top,inlet,22.746,normalized-temperature,good,t1012
2025-12-26T04:05:00Z,cab-a01,sensor-middle,front_middle,middle,inlet,21.646,normalized-temperature,good,t1013
2025-12-26T04:05:00Z,cab-a01,sensor-bottom,front_bottom,bottom,inlet,20.746,normalized-temperature,good,t1014
2025-12-26T04:10:00Z,cab-a01,sensor-top,front_top,top,inlet,22.745,normalized-temperature,good,t1015
2025-12-26T04:10:00Z,cab-a01,sensor-middle,front_middle,middle,inlet,21.645,normalized-temperature,good,t1016
2025-12-26T04:10:00Z,cab-a01,sensor-bottom,front_bottom,bottom,inlet,20.745,normalized-temperature,good,t1017
2025-12-26T04:15:00Z,cab-a01,sensor-top,front_top,top,inlet,22.744,normalized-temperature,good,t1018
2025-12-26T04:15:00Z,cab-a01,sensor-middle,front_middle,middle,inlet,21.644,normalized-temperature,good,t1019
2025-12-26T04:15:00Z,cab-a01,sensor-bottom,front_bottom,bottom,inlet,20.744,normalized-temperature,good,t1020
2025-12-26T04:20:00Z,cab-a01,sensor-top,front_top,top,inlet,22.744,normalized-temperature,good,t1021
2025-12-26T04:20:00Z,cab-a01,sensor-middle,front_middle,middle,inlet,21.644,normalized-temperature,good,t1022
2025-12-26T04:20:00Z,cab-a01,sensor-bottom,front_bottom,bottom,inlet,20.744,normalized-temperature,good,t1023
2025-12-26T04:25:00Z,cab-a01,sensor-top,front_top,top,inlet,22.744,normalized-temperature,good,t1024
2025-12-26T04:25:00Z,cab-a01,sensor-middle,front_middle,middle,inlet,21.644,normalized-temperature,good,t1025
2025-12-26T04:25:00Z,cab-a01,sensor-bottom,front_bottom,bottom,inlet,20.744,normalized-temperature,good,t1026
2025-12-26T04:30:00Z,cab-a01,sensor-top,front_top,top,inlet,22.745,normalized-temperature,good,t1027
2025-12-26T04:30:00Z,cab-a01,sensor-middle,front_middle,middle,inlet,21.645,normalized-temperature,good,t1028
2025-12-26T04:30:00Z,cab-a01,sensor-bottom,front_bottom,bottom,inlet,20.745,normalized-temperature,good,t1029
2025-12-26T04:35:00Z,cab-a01,sensor-top,front_top,top,inlet,22.747,normalized-temperature,good,t1030
2025-12-26T04:35:00Z,cab-a01,sensor-middle,front_middle,middle,inlet,21.647,normalized-temperature,good,t1031
2025-12-26T04:35:00Z,cab-a01,sensor-bottom,front_bottom,bottom,inlet,20.747,normalized-temperature,good,t1032
2025-12-26T04:40:00Z,cab-a01,sensor-top,front_top,top,inlet,22.749,normalized-temperature,good,t1033
2025-12-26T04:40:00Z,cab-a01,sensor-middle,front_middle,middle,inlet,21.649,normalized-temperature,good,t1034
2025-12-26T04:40:00Z,cab-a01,sensor-bottom,front_bottom,bottom,inlet,20.749,normalized-temperature,good,t1035
2025-12-26T04:45:00Z,cab-a01,sensor-top,front_top,top,inlet,22.752,normalized-temperature,good,t1036
2025-12-26T04:45:00Z,cab-a01,sensor-middle,front_middle,middle,inlet,21.652,normalized-temperature,good,t1037
2025-12-26T04:45:00Z,cab-a01,sensor-bottom,front_bottom,bottom,inlet,20.752,normalized-temperature,good,t1038
2025-12-26T04:50:00Z,cab-a01,sensor-top,front_top,top,inlet,22.756,normalized-temperature,good,t1039
2025-12-26T04:50:00Z,cab-a01,sensor-middle,front_middle,middle,inlet,21.656,normalized-temperature,good,t1040
2025-12-26T04:50:00Z,cab-a01,sensor-bottom,front_bottom,bottom,inlet,20.756,normalized-temperature,good,t1041
2025-12-26T04:55:00Z,cab-a01,sensor-top,front_top,top,inlet,22.76,normalized-temperature,good,t1042
2025-12-26T04:55:00Z,cab-a01,sensor-middle,front_middle,middle,inlet,21.66,normalized-temperature,good,t1043
2025-12-26T04:55:00Z,cab-a01,sensor-bottom,front_bottom,bottom,inlet,20.76,normalized-temperature,good,t1044
2025-12-26T05:00:00Z,cab-a01,sensor-top,front_top,top,inlet,22.765,normalized-temperature,good,t1045
2025-12-26T05:00:00Z,cab-a01,sensor-middle,front_middle,middle,inlet,21.665,normalized-temperature,good,t1046
2025-12-26T05:00:00Z,cab-a01,sensor-bottom,front_bottom,bottom,inlet,20.765,normalized-temperature,good,t1047
2025-12-26T05:05:00Z,cab-a01,sensor-top,front_top,top,inlet,22.77,normalized-temperature,good,t1048
2025-12-26T05:05:00Z,cab-a01,sensor-middle,front_middle,middle,inlet,21.67,normalized-temperature,good,t1049
2025-12-26T05:05:00Z,cab-a01,sensor-bottom,front_bottom,bottom,inlet,20.77,normalized-temperature,good,t1050
2025-12-26T05:10:00Z,cab-a01,sensor-top,front_top,top,inlet,22.776,normalized-temperature,good,t1051
2025-12-26T05:10:00Z,cab-a01,sensor-middle,front_middle,middle,inlet,21.676,normalized-temperature,good,t1052
2025-12-26T05:10:00Z,cab-a01,sensor-bottom,front_bottom,bottom,inlet,20.776,normalized-temperature,good,t1053
2025-12-26T05:15:00Z,cab-a01,sensor-top,front_top,top,inlet,22.782,normalized-temperature,good,t1054
2025-12-26T05:15:00Z,cab-a01,sensor-middle,front_middle,middle,inlet,21.682,normalized-temperature,good,t1055
2025-12-26T05:15:00Z,cab-a01,sensor-bottom,front_bottom,bottom,inlet,20.782,normalized-temperature,good,t1056
2025-12-26T05:20:00Z,cab-a01,sensor-top,front_top,top,inlet,22.789,normalized-temperature,good,t1057
2025-12-26T05:20:00Z,cab-a01,sensor-middle,front_middle,middle,inlet,21.689,normalized-temperature,good,t1058
2025-12-26T05:20:00Z,cab-a01,sensor-bottom,front_bottom,bottom,inlet,20.789,normalized-temperature,good,t1059
2025-12-26T05:25:00Z,cab-a01,sensor-top,front_top,top,inlet,22.796,normalized-temperature,good,t1060
2025-12-26T05:25:00Z,cab-a01,sensor-middle,front_middle,middle,inlet,21.696,normalized-temperature,good,t1061
2025-12-26T05:25:00Z,cab-a01,sensor-bottom,front_bottom,bottom,inlet,20.796,normalized-temperature,good,t1062
2025-12-26T05:30:00Z,cab-a01,sensor-top,front_top,top,inlet,22.803,normalized-temperature,good,t1063
2025-12-26T05:30:00Z,cab-a01,sensor-middle,front_middle,middle,inlet,21.703,normalized-temperature,good,t1064
2025-12-26T05:30:00Z,cab-a01,sensor-bottom,front_bottom,bottom,inlet,20.803,normalized-temperature,good,t1065
2025-12-26T05:35:00Z,cab-a01,sensor-top,front_top,top,inlet,22.81,normalized-temperature,good,t1066
2025-12-26T05:35:00Z,cab-a01,sensor-middle,front_middle,middle,inlet,21.71,normalized-temperature,good,t1067
2025-12-26T05:35:00Z,cab-a01,sensor-bottom,front_bottom,bottom,inlet,20.81,normalized-temperature,good,t1068
2025-12-26T05:40:00Z,cab-a01,sensor-top,front_top,top,inlet,22.818,normalized-temperature,good,t1069
2025-12-26T05:40:00Z,cab-a01,sensor-middle,front_middle,middle,inlet,21.718,normalized-temperature,good,t1070
2025-12-26T05:40:00Z,cab-a01,sensor-bottom,front_bottom,bottom,inlet,20.818,normalized-temperature,good,t1071
2025-12-26T05:45:00Z,cab-a01,sensor-top,front_top,top,inlet,22.826,normalized-temperature,good,t1072
2025-12-26T05:45:00Z,cab-a01,sensor-middle,front_middle,middle,inlet,21.726,normalized-temperature,good,t1073
2025-12-26T05:45:00Z,cab-a01,sensor-bottom,front_bottom,bottom,inlet,20.826,normalized-temperature,good,t1074
2025-12-26T05:50:00Z,cab-a01,sensor-top,front_top,top,inlet,22.834,normalized-temperature,good,t1075
2025-12-26T05:50:00Z,cab-a01,sensor-middle,front_middle,middle,inlet,21.734,normalized-temperature,good,t1076
2025-12-26T05:50:00Z,cab-a01,sensor-bottom,front_bottom,bottom,inlet,20.834,normalized-temperature,good,t1077
2025-12-26T05:55:00Z,cab-a01,sensor-top,front_top,top,inlet,22.841,normalized-temperature,good,t1078
2025-12-26T05:55:00Z,cab-a01,sensor-middle,front_middle,middle,inlet,21.741,normalized-temperature,good,t1079
2025-12-26T05:55:00Z,cab-a01,sensor-bottom,front_bottom,bottom,inlet,20.841,normalized-temperature,good,t1080
2025-12-26T06:00:00Z,cab-a01,sensor-top,front_top,top,inlet,22.849,normalized-temperature,good,t1081
2025-12-26T06:00:00Z,cab-a01,sensor-middle,front_middle,middle,inlet,21.749,normalized-temperature,good,t1082
2025-12-26T06:00:00Z,cab-a01,sensor-bottom,front_bottom,bottom,inlet,20.849,normalized-temperature,good,t1083
2025-12-26T06:05:00Z,cab-a01,sensor-top,front_top,top,inlet,22.857,normalized-temperature,good,t1084
2025-12-26T06:05:00Z,cab-a01,sensor-middle,front_middle,middle,inlet,21.757,normalized-temperature,good,t1085
2025-12-26T06:05:00Z,cab-a01,sensor-bottom,front_bottom,bottom,inlet,20.857,normalized-temperature,good,t1086
2025-12-26T06:10:00Z,cab-a01,sensor-top,front_top,top,inlet,22.864,normalized-temperature,good,t1087
2025-12-26T06:10:00Z,cab-a01,sensor-middle,front_middle,middle,inlet,21.764,normalized-temperature,good,t1088
2025-12-26T06:10:00Z,cab-a01,sensor-bottom,front_bottom,bottom,inlet,20.864,normalized-temperature,good,t1089
2025-12-26T06:15:00Z,cab-a01,sensor-top,front_top,top,inlet,22.871,normalized-temperature,good,t1090
2025-12-26T06:15:00Z,cab-a01,sensor-middle,front_middle,middle,inlet,21.771,normalized-temperature,good,t1091
2025-12-26T06:15:00Z,cab-a01,sensor-bottom,front_bottom,bottom,inlet,20.871,normalized-temperature,good,t1092
2025-12-26T06:20:00Z,cab-a01,sensor-top,front_top,top,inlet,22.877,normalized-temperature,good,t1093
2025-12-26T06:20:00Z,cab-a01,sensor-middle,front_middle,middle,inlet,21.777,normalized-temperature,good,t1094
2025-12-26T06:20:00Z,cab-a01,sensor-bottom,front_bottom,bottom,inlet,20.877,normalized-temperature,good,t1095
2025-12-26T06:25:00Z,cab-a01,sensor-top,front_top,top,inlet,22.883,normalized-temperature,good,t1096
2025-12-26T06:25:00Z,cab-a01,sensor-middle,front_middle,middle,inlet,21.783,normalized-temperature,good,t1097
2025-12-26T06:25:00Z,cab-a01,sensor-bottom,front_bottom,bottom,inlet,20.883,normalized-temperature,good,t1098
2025-12-26T06:30:00Z,cab-a01,sensor-top,front_top,top,inlet,22.889,normalized-temperature,good,t1099
2025-12-26T06:30:00Z,cab-a01,sensor-middle,front_middle,middle,inlet,21.789,normalized-temperature,good,t1100
2025-12-26T06:30:00Z,cab-a01,sensor-bottom,front_bottom,bottom,inlet,20.889,normalized-temperature,good,t1101
2025-12-26T06:35:00Z,cab-a01,sensor-top,front_top,top,inlet,22.894,normalized-temperature,good,t1102
2025-12-26T06:35:00Z,cab-a01,sensor-middle,front_middle,middle,inlet,21.794,normalized-temperature,good,t1103
2025-12-26T06:35:00Z,cab-a01,sensor-bottom,front_bottom,bottom,inlet,20.894,normalized-temperature,good,t1104
2025-12-26T06:40:00Z,cab-a01,sensor-top,front_top,top,inlet,22.898,normalized-temperature,good,t1105
2025-12-26T06:40:00Z,cab-a01,sensor-middle,front_middle,middle,inlet,21.798,normalized-temperature,good,t1106
2025-12-26T06:40:00Z,cab-a01,sensor-bottom,front_bottom,bottom,inlet,20.898,normalized-temperature,good,t1107
2025-12-26T06:45:00Z,cab-a01,sensor-top,front_top,top,inlet,22.902,normalized-temperature,good,t1108
2025-12-26T06:45:00Z,cab-a01,sensor-middle,front_middle,middle,inlet,21.802,normalized-temperature,good,t1109
2025-12-26T06:45:00Z,cab-a01,sensor-bottom,front_bottom,bottom,inlet,20.902,normalized-temperature,good,t1110
2025-12-26T06:50:00Z,cab-a01,sensor-top,front_top,top,inlet,22.904,normalized-temperature,good,t1111
2025-12-26T06:50:00Z,cab-a01,sensor-middle,front_middle,middle,inlet,21.804,normalized-temperature,good,t1112
2025-12-26T06:50:00Z,cab-a01,sensor-bottom,front_bottom,bottom,inlet,20.904,normalized-temperature,good,t1113
2025-12-26T06:55:00Z,cab-a01,sensor-top,front_top,top,inlet,22.906,normalized-temperature,good,t1114
2025-12-26T06:55:00Z,cab-a01,sensor-middle,front_middle,middle,inlet,21.806,normalized-temperature,good,t1115
2025-12-26T06:55:00Z,cab-a01,sensor-bottom,front_bottom,bottom,inlet,20.906,normalized-temperature,good,t1116
2025-12-26T07:00:00Z,cab-a01,sensor-top,front_top,top,inlet,22.907,normalized-temperature,good,t1117
2025-12-26T07:00:00Z,cab-a01,sensor-middle,front_middle,middle,inlet,21.807,normalized-temperature,good,t1118
2025-12-26T07:00:00Z,cab-a01,sensor-bottom,front_bottom,bottom,inlet,20.907,normalized-temperature,good,t1119
2025-12-26T07:05:00Z,cab-a01,sensor-top,front_top,top,inlet,22.908,normalized-temperature,good,t1120
2025-12-26T07:05:00Z,cab-a01,sensor-middle,front_middle,middle,inlet,21.808,normalized-temperature,good,t1121
2025-12-26T07:05:00Z,cab-a01,sensor-bottom,front_bottom,bottom,inlet,20.908,normalized-temperature,good,t1122
2025-12-26T07:10:00Z,cab-a01,sensor-top,front_top,top,inlet,22.907,normalized-temperature,good,t1123
2025-12-26T07:10:00Z,cab-a01,sensor-middle,front_middle,middle,inlet,21.807,normalized-temperature,good,t1124
2025-12-26T07:10:00Z,cab-a01,sensor-bottom,front_bottom,bottom,inlet,20.907,normalized-temperature,good,t1125
2025-12-26T07:15:00Z,cab-a01,sensor-top,front_top,top,inlet,22.905,normalized-temperature,good,t1126
2025-12-26T07:15:00Z,cab-a01,sensor-middle,front_middle,middle,inlet,21.805,normalized-temperature,good,t1127
2025-12-26T07:15:00Z,cab-a01,sensor-bottom,front_bottom,bottom,inlet,20.905,normalized-temperature,good,t1128
2025-12-26T07:20:00Z,cab-a01,sensor-top,front_top,top,inlet,22.903,normalized-temperature,good,t1129
2025-12-26T07:20:00Z,cab-a01,sensor-middle,front_middle,middle,inlet,21.803,normalized-temperature,good,t1130
2025-12-26T07:20:00Z,cab-a01,sensor-bottom,front_bottom,bottom,inlet,20.903,normalized-temperature,good,t1131
2025-12-26T07:25:00Z,cab-a01,sensor-top,front_top,top,inlet,22.899,normalized-temperature,good,t1132
2025-12-26T07:25:00Z,cab-a01,sensor-middle,front_middle,middle,inlet,21.799,normalized-temperature,good,t1133
2025-12-26T07:25:00Z,cab-a01,sensor-bottom,front_bottom,bottom,inlet,20.899,normalized-temperature,good,t1134
2025-12-26T07:30:00Z,cab-a01,sensor-top,front_top,top,inlet,22.895,normalized-temperature,good,t1135
2025-12-26T07:30:00Z,cab-a01,sensor-middle,front_middle,middle,inlet,21.795,normalized-temperature,good,t1136
2025-12-26T07:30:00Z,cab-a01,sensor-bottom,front_bottom,bottom,inlet,20.895,normalized-temperature,good,t1137
2025-12-26T07:35:00Z,cab-a01,sensor-top,front_top,top,inlet,22.889,normalized-temperature,good,t1138
2025-12-26T07:35:00Z,cab-a01,sensor-middle,front_middle,middle,inlet,21.789,normalized-temperature,good,t1139
2025-12-26T07:35:00Z,cab-a01,sensor-bottom,front_bottom,bottom,inlet,20.889,normalized-temperature,good,t1140
2025-12-26T07:40:00Z,cab-a01,sensor-top,front_top,top,inlet,22.883,normalized-temperature,good,t1141
2025-12-26T07:40:00Z,cab-a01,sensor-middle,front_middle,middle,inlet,21.783,normalized-temperature,good,t1142
2025-12-26T07:40:00Z,cab-a01,sensor-bottom,front_bottom,bottom,inlet,20.883,normalized-temperature,good,t1143
2025-12-26T07:45:00Z,cab-a01,sensor-top,front_top,top,inlet,22.875,normalized-temperature,good,t1144
2025-12-26T07:45:00Z,cab-a01,sensor-middle,front_middle,middle,inlet,21.775,normalized-temperature,good,t1145
2025-12-26T07:45:00Z,cab-a01,sensor-bottom,front_bottom,bottom,inlet,20.875,normalized-temperature,good,t1146
2025-12-26T07:50:00Z,cab-a01,sensor-top,front_top,top,inlet,22.867,normalized-temperature,good,t1147
2025-12-26T07:50:00Z,cab-a01,sensor-middle,front_middle,middle,inlet,21.767,normalized-temperature,good,t1148
2025-12-26T07:50:00Z,cab-a01,sensor-bottom,front_bottom,bottom,inlet,20.867,normalized-temperature,good,t1149
2025-12-26T07:55:00Z,cab-a01,sensor-top,front_top,top,inlet,22.857,normalized-temperature,good,t1150
2025-12-26T07:55:00Z,cab-a01,sensor-middle,front_middle,middle,inlet,21.757,normalized-temperature,good,t1151
2025-12-26T07:55:00Z,cab-a01,sensor-bottom,front_bottom,bottom,inlet,20.857,normalized-temperature,good,t1152
2025-12-26T08:00:00Z,cab-a01,sensor-top,front_top,top,inlet,22.847,normalized-temperature,good,t1153
2025-12-26T08:00:00Z,cab-a01,sensor-middle,front_middle,middle,inlet,21.747,normalized-temperature,good,t1154
2025-12-26T08:00:00Z,cab-a01,sensor-bottom,front_bottom,bottom,inlet,20.847,normalized-temperature,good,t1155
2025-12-26T08:05:00Z,cab-a01,sensor-top,front_top,top,inlet,22.836,normalized-temperature,good,t1156
2025-12-26T08:05:00Z,cab-a01,sensor-middle,front_middle,middle,inlet,21.736,normalized-temperature,good,t1157
2025-12-26T08:05:00Z,cab-a01,sensor-bottom,front_bottom,bottom,inlet,20.836,normalized-temperature,good,t1158
2025-12-26T08:10:00Z,cab-a01,sensor-top,front_top,top,inlet,22.824,normalized-temperature,good,t1159
2025-12-26T08:10:00Z,cab-a01,sensor-middle,front_middle,middle,inlet,21.724,normalized-temperature,good,t1160
2025-12-26T08:10:00Z,cab-a01,sensor-bottom,front_bottom,bottom,inlet,20.824,normalized-temperature,good,t1161
2025-12-26T08:15:00Z,cab-a01,sensor-top,front_top,top,inlet,22.811,normalized-temperature,good,t1162
2025-12-26T08:15:00Z,cab-a01,sensor-middle,front_middle,middle,inlet,21.711,normalized-temperature,good,t1163
2025-12-26T08:15:00Z,cab-a01,sensor-bottom,front_bottom,bottom,inlet,20.811,normalized-temperature,good,t1164
2025-12-26T08:20:00Z,cab-a01,sensor-top,front_top,top,inlet,22.797,normalized-temperature,good,t1165
2025-12-26T08:20:00Z,cab-a01,sensor-middle,front_middle,middle,inlet,21.697,normalized-temperature,good,t1166
2025-12-26T08:20:00Z,cab-a01,sensor-bottom,front_bottom,bottom,inlet,20.797,normalized-temperature,good,t1167
2025-12-26T08:25:00Z,cab-a01,sensor-top,front_top,top,inlet,22.783,normalized-temperature,good,t1168
2025-12-26T08:25:00Z,cab-a01,sensor-middle,front_middle,middle,inlet,21.683,normalized-temperature,good,t1169
2025-12-26T08:25:00Z,cab-a01,sensor-bottom,front_bottom,bottom,inlet,20.783,normalized-temperature,good,t1170
2025-12-26T08:30:00Z,cab-a01,sensor-top,front_top,top,inlet,22.769,normalized-temperature,good,t1171
2025-12-26T08:30:00Z,cab-a01,sensor-middle,front_middle,middle,inlet,21.669,normalized-temperature,good,t1172
2025-12-26T08:30:00Z,cab-a01,sensor-bottom,front_bottom,bottom,inlet,20.769,normalized-temperature,good,t1173
2025-12-26T08:35:00Z,cab-a01,sensor-top,front_top,top,inlet,22.753,normalized-temperature,good,t1174
2025-12-26T08:35:00Z,cab-a01,sensor-middle,front_middle,middle,inlet,21.653,normalized-temperature,good,t1175
2025-12-26T08:35:00Z,cab-a01,sensor-bottom,front_bottom,bottom,inlet,20.753,normalized-temperature,good,t1176
2025-12-26T08:40:00Z,cab-a01,sensor-top,front_top,top,inlet,22.738,normalized-temperature,good,t1177
2025-12-26T08:40:00Z,cab-a01,sensor-middle,front_middle,middle,inlet,21.638,normalized-temperature,good,t1178
2025-12-26T08:40:00Z,cab-a01,sensor-bottom,front_bottom,bottom,inlet,20.738,normalized-temperature,good,t1179
2025-12-26T08:45:00Z,cab-a01,sensor-top,front_top,top,inlet,22.721,normalized-temperature,good,t1180
2025-12-26T08:45:00Z,cab-a01,sensor-middle,front_middle,middle,inlet,21.621,normalized-temperature,good,t1181
2025-12-26T08:45:00Z,cab-a01,sensor-bottom,front_bottom,bottom,inlet,20.721,normalized-temperature,good,t1182
2025-12-26T08:50:00Z,cab-a01,sensor-top,front_top,top,inlet,22.705,normalized-temperature,good,t1183
2025-12-26T08:50:00Z,cab-a01,sensor-middle,front_middle,middle,inlet,21.605,normalized-temperature,good,t1184
2025-12-26T08:50:00Z,cab-a01,sensor-bottom,front_bottom,bottom,inlet,20.705,normalized-temperature,good,t1185
2025-12-26T08:55:00Z,cab-a01,sensor-top,front_top,top,inlet,22.688,normalized-temperature,good,t1186
2025-12-26T08:55:00Z,cab-a01,sensor-middle,front_middle,middle,inlet,21.588,normalized-temperature,good,t1187
2025-12-26T08:55:00Z,cab-a01,sensor-bottom,front_bottom,bottom,inlet,20.688,normalized-temperature,good,t1188
2025-12-26T09:00:00Z,cab-a01,sensor-top,front_top,top,inlet,22.671,normalized-temperature,good,t1189
2025-12-26T09:00:00Z,cab-a01,sensor-middle,front_middle,middle,inlet,21.571,normalized-temperature,good,t1190
2025-12-26T09:00:00Z,cab-a01,sensor-bottom,front_bottom,bottom,inlet,20.671,normalized-temperature,good,t1191
2025-12-26T09:05:00Z,cab-a01,sensor-top,front_top,top,inlet,22.654,normalized-temperature,good,t1192
2025-12-26T09:05:00Z,cab-a01,sensor-middle,front_middle,middle,inlet,21.554,normalized-temperature,good,t1193
2025-12-26T09:05:00Z,cab-a01,sensor-bottom,front_bottom,bottom,inlet,20.654,normalized-temperature,good,t1194
2025-12-26T09:10:00Z,cab-a01,sensor-top,front_top,top,inlet,22.637,normalized-temperature,good,t1195
2025-12-26T09:10:00Z,cab-a01,sensor-middle,front_middle,middle,inlet,21.537,normalized-temperature,good,t1196
2025-12-26T09:10:00Z,cab-a01,sensor-bottom,front_bottom,bottom,inlet,20.637,normalized-temperature,good,t1197
2025-12-26T09:15:00Z,cab-a01,sensor-top,front_top,top,inlet,22.62,normalized-temperature,good,t1198
2025-12-26T09:15:00Z,cab-a01,sensor-middle,front_middle,middle,inlet,21.52,normalized-temperature,good,t1199
2025-12-26T09:15:00Z,cab-a01,sensor-bottom,front_bottom,bottom,inlet,20.62,normalized-temperature,good,t1200
2025-12-26T09:20:00Z,cab-a01,sensor-top,front_top,top,inlet,22.604,normalized-temperature,good,t1201
2025-12-26T09:20:00Z,cab-a01,sensor-middle,front_middle,middle,inlet,21.504,normalized-temperature,good,t1202
2025-12-26T09:20:00Z,cab-a01,sensor-bottom,front_bottom,bottom,inlet,20.604,normalized-temperature,good,t1203
2025-12-26T09:25:00Z,cab-a01,sensor-top,front_top,top,inlet,22.587,normalized-temperature,good,t1204
2025-12-26T09:25:00Z,cab-a01,sensor-middle,front_middle,middle,inlet,21.487,normalized-temperature,good,t1205
2025-12-26T09:25:00Z,cab-a01,sensor-bottom,front_bottom,bottom,inlet,20.587,normalized-temperature,good,t1206
2025-12-26T09:30:00Z,cab-a01,sensor-top,front_top,top,inlet,22.571,normalized-temperature,good,t1207
2025-12-26T09:30:00Z,cab-a01,sensor-middle,front_middle,middle,inlet,21.471,normalized-temperature,good,t1208
2025-12-26T09:30:00Z,cab-a01,sensor-bottom,front_bottom,bottom,inlet,20.571,normalized-temperature,good,t1209
2025-12-26T09:35:00Z,cab-a01,sensor-top,front_top,top,inlet,22.555,normalized-temperature,good,t1210
2025-12-26T09:35:00Z,cab-a01,sensor-middle,front_middle,middle,inlet,21.455,normalized-temperature,good,t1211
2025-12-26T09:35:00Z,cab-a01,sensor-bottom,front_bottom,bottom,inlet,20.555,normalized-temperature,good,t1212
2025-12-26T09:40:00Z,cab-a01,sensor-top,front_top,top,inlet,22.539,normalized-temperature,good,t1213
2025-12-26T09:40:00Z,cab-a01,sensor-middle,front_middle,middle,inlet,21.439,normalized-temperature,good,t1214
2025-12-26T09:40:00Z,cab-a01,sensor-bottom,front_bottom,bottom,inlet,20.539,normalized-temperature,good,t1215
2025-12-26T09:45:00Z,cab-a01,sensor-top,front_top,top,inlet,22.524,normalized-temperature,good,t1216
2025-12-26T09:45:00Z,cab-a01,sensor-middle,front_middle,middle,inlet,21.424,normalized-temperature,good,t1217
2025-12-26T09:45:00Z,cab-a01,sensor-bottom,front_bottom,bottom,inlet,20.524,normalized-temperature,good,t1218
2025-12-26T09:50:00Z,cab-a01,sensor-top,front_top,top,inlet,22.509,normalized-temperature,good,t1219
2025-12-26T09:50:00Z,cab-a01,sensor-middle,front_middle,middle,inlet,21.409,normalized-temperature,good,t1220
2025-12-26T09:50:00Z,cab-a01,sensor-bottom,front_bottom,bottom,inlet,20.509,normalized-temperature,good,t1221
2025-12-26T09:55:00Z,cab-a01,sensor-top,front_top,top,inlet,22.495,normalized-temperature,good,t1222
2025-12-26T09:55:00Z,cab-a01,sensor-middle,front_middle,middle,inlet,21.395,normalized-temperature,good,t1223
2025-12-26T09:55:00Z,cab-a01,sensor-bottom,front_bottom,bottom,inlet,20.495,normalized-temperature,good,t1224
2025-12-26T10:00:00Z,cab-a01,sensor-top,front_top,top,inlet,22.482,normalized-temperature,good,t1225
2025-12-26T10:00:00Z,cab-a01,sensor-middle,front_middle,middle,inlet,21.382,normalized-temperature,good,t1226
2025-12-26T10:00:00Z,cab-a01,sensor-bottom,front_bottom,bottom,inlet,20.482,normalized-temperature,good,t1227
2025-12-26T10:05:00Z,cab-a01,sensor-top,front_top,top,inlet,22.469,normalized-temperature,good,t1228
2025-12-26T10:05:00Z,cab-a01,sensor-middle,front_middle,middle,inlet,21.369,normalized-temperature,good,t1229
2025-12-26T10:05:00Z,cab-a01,sensor-bottom,front_bottom,bottom,inlet,20.469,normalized-temperature,good,t1230
2025-12-26T10:10:00Z,cab-a01,sensor-top,front_top,top,inlet,22.457,normalized-temperature,good,t1231
2025-12-26T10:10:00Z,cab-a01,sensor-middle,front_middle,middle,inlet,21.357,normalized-temperature,good,t1232
2025-12-26T10:10:00Z,cab-a01,sensor-bottom,front_bottom,bottom,inlet,20.457,normalized-temperature,good,t1233
2025-12-26T10:15:00Z,cab-a01,sensor-top,front_top,top,inlet,22.446,normalized-temperature,good,t1234
2025-12-26T10:15:00Z,cab-a01,sensor-middle,front_middle,middle,inlet,21.346,normalized-temperature,good,t1235
2025-12-26T10:15:00Z,cab-a01,sensor-bottom,front_bottom,bottom,inlet,20.446,normalized-temperature,good,t1236
2025-12-26T10:20:00Z,cab-a01,sensor-top,front_top,top,inlet,22.435,normalized-temperature,good,t1237
2025-12-26T10:20:00Z,cab-a01,sensor-middle,front_middle,middle,inlet,21.335,normalized-temperature,good,t1238
2025-12-26T10:20:00Z,cab-a01,sensor-bottom,front_bottom,bottom,inlet,20.435,normalized-temperature,good,t1239
2025-12-26T10:25:00Z,cab-a01,sensor-top,front_top,top,inlet,22.425,normalized-temperature,good,t1240
2025-12-26T10:25:00Z,cab-a01,sensor-middle,front_middle,middle,inlet,21.325,normalized-temperature,good,t1241
2025-12-26T10:25:00Z,cab-a01,sensor-bottom,front_bottom,bottom,inlet,20.425,normalized-temperature,good,t1242
2025-12-26T10:30:00Z,cab-a01,sensor-top,front_top,top,inlet,22.416,normalized-temperature,good,t1243
2025-12-26T10:30:00Z,cab-a01,sensor-middle,front_middle,middle,inlet,21.316,normalized-temperature,good,t1244
2025-12-26T10:30:00Z,cab-a01,sensor-bottom,front_bottom,bottom,inlet,20.416,normalized-temperature,good,t1245
2025-12-26T10:35:00Z,cab-a01,sensor-top,front_top,top,inlet,22.408,normalized-temperature,good,t1246
2025-12-26T10:35:00Z,cab-a01,sensor-middle,front_middle,middle,inlet,21.308,normalized-temperature,good,t1247
2025-12-26T10:35:00Z,cab-a01,sensor-bottom,front_bottom,bottom,inlet,20.408,normalized-temperature,good,t1248
2025-12-26T10:40:00Z,cab-a01,sensor-top,front_top,top,inlet,22.401,normalized-temperature,good,t1249
2025-12-26T10:40:00Z,cab-a01,sensor-middle,front_middle,middle,inlet,21.301,normalized-temperature,good,t1250
2025-12-26T10:40:00Z,cab-a01,sensor-bottom,front_bottom,bottom,inlet,20.401,normalized-temperature,good,t1251
2025-12-26T10:45:00Z,cab-a01,sensor-top,front_top,top,inlet,22.394,normalized-temperature,good,t1252
2025-12-26T10:45:00Z,cab-a01,sensor-middle,front_middle,middle,inlet,21.294,normalized-temperature,good,t1253
2025-12-26T10:45:00Z,cab-a01,sensor-bottom,front_bottom,bottom,inlet,20.394,normalized-temperature,good,t1254
2025-12-26T10:50:00Z,cab-a01,sensor-top,front_top,top,inlet,22.389,normalized-temperature,good,t1255
2025-12-26T10:50:00Z,cab-a01,sensor-middle,front_middle,middle,inlet,21.289,normalized-temperature,good,t1256
2025-12-26T10:50:00Z,cab-a01,sensor-bottom,front_bottom,bottom,inlet,20.389,normalized-temperature,good,t1257
2025-12-26T10:55:00Z,cab-a01,sensor-top,front_top,top,inlet,22.384,normalized-temperature,good,t1258
2025-12-26T10:55:00Z,cab-a01,sensor-middle,front_middle,middle,inlet,21.284,normalized-temperature,good,t1259
2025-12-26T10:55:00Z,cab-a01,sensor-bottom,front_bottom,bottom,inlet,20.384,normalized-temperature,good,t1260
2025-12-26T11:00:00Z,cab-a01,sensor-top,front_top,top,inlet,22.38,normalized-temperature,good,t1261
2025-12-26T11:00:00Z,cab-a01,sensor-middle,front_middle,middle,inlet,21.28,normalized-temperature,good,t1262
2025-12-26T11:00:00Z,cab-a01,sensor-bottom,front_bottom,bottom,inlet,20.38,normalized-temperature,good,t1263
2025-12-26T11:05:00Z,cab-a01,sensor-top,front_top,top,inlet,22.376,normalized-temperature,good,t1264
2025-12-26T11:05:00Z,cab-a01,sensor-middle,front_middle,middle,inlet,21.276,normalized-temperature,good,t1265
2025-12-26T11:05:00Z,cab-a01,sensor-bottom,front_bottom,bottom,inlet,20.376,normalized-temperature,good,t1266
2025-12-26T11:10:00Z,cab-a01,sensor-top,front_top,top,inlet,22.373,normalized-temperature,good,t1267
2025-12-26T11:10:00Z,cab-a01,sensor-middle,front_middle,middle,inlet,21.273,normalized-temperature,good,t1268
2025-12-26T11:10:00Z,cab-a01,sensor-bottom,front_bottom,bottom,inlet,20.373,normalized-temperature,good,t1269
2025-12-26T11:15:00Z,cab-a01,sensor-top,front_top,top,inlet,22.371,normalized-temperature,good,t1270
2025-12-26T11:15:00Z,cab-a01,sensor-middle,front_middle,middle,inlet,21.271,normalized-temperature,good,t1271
2025-12-26T11:15:00Z,cab-a01,sensor-bottom,front_bottom,bottom,inlet,20.371,normalized-temperature,good,t1272
2025-12-26T11:20:00Z,cab-a01,sensor-top,front_top,top,inlet,22.37,normalized-temperature,good,t1273
2025-12-26T11:20:00Z,cab-a01,sensor-middle,front_middle,middle,inlet,21.27,normalized-temperature,good,t1274
2025-12-26T11:20:00Z,cab-a01,sensor-bottom,front_bottom,bottom,inlet,20.37,normalized-temperature,good,t1275
2025-12-26T11:25:00Z,cab-a01,sensor-top,front_top,top,inlet,22.369,normalized-temperature,good,t1276
2025-12-26T11:25:00Z,cab-a01,sensor-middle,front_middle,middle,inlet,21.269,normalized-temperature,good,t1277
2025-12-26T11:25:00Z,cab-a01,sensor-bottom,front_bottom,bottom,inlet,20.369,normalized-temperature,good,t1278
2025-12-26T11:30:00Z,cab-a01,sensor-top,front_top,top,inlet,22.368,normalized-temperature,good,t1279
2025-12-26T11:30:00Z,cab-a01,sensor-middle,front_middle,middle,inlet,21.268,normalized-temperature,good,t1280
2025-12-26T11:30:00Z,cab-a01,sensor-bottom,front_bottom,bottom,inlet,20.368,normalized-temperature,good,t1281
2025-12-26T11:35:00Z,cab-a01,sensor-top,front_top,top,inlet,22.368,normalized-temperature,good,t1282
2025-12-26T11:35:00Z,cab-a01,sensor-middle,front_middle,middle,inlet,21.268,normalized-temperature,good,t1283
2025-12-26T11:35:00Z,cab-a01,sensor-bottom,front_bottom,bottom,inlet,20.368,normalized-temperature,good,t1284
2025-12-26T11:40:00Z,cab-a01,sensor-top,front_top,top,inlet,22.368,normalized-temperature,good,t1285
2025-12-26T11:40:00Z,cab-a01,sensor-middle,front_middle,middle,inlet,21.268,normalized-temperature,good,t1286
2025-12-26T11:40:00Z,cab-a01,sensor-bottom,front_bottom,bottom,inlet,20.368,normalized-temperature,good,t1287
2025-12-26T11:45:00Z,cab-a01,sensor-top,front_top,top,inlet,22.369,normalized-temperature,good,t1288
2025-12-26T11:45:00Z,cab-a01,sensor-middle,front_middle,middle,inlet,21.269,normalized-temperature,good,t1289
2025-12-26T11:45:00Z,cab-a01,sensor-bottom,front_bottom,bottom,inlet,20.369,normalized-temperature,good,t1290
2025-12-26T11:50:00Z,cab-a01,sensor-top,front_top,top,inlet,22.37,normalized-temperature,good,t1291
2025-12-26T11:50:00Z,cab-a01,sensor-middle,front_middle,middle,inlet,21.27,normalized-temperature,good,t1292
2025-12-26T11:50:00Z,cab-a01,sensor-bottom,front_bottom,bottom,inlet,20.37,normalized-temperature,good,t1293
2025-12-26T11:55:00Z,cab-a01,sensor-top,front_top,top,inlet,23.031,normalized-temperature,good,t1294
2025-12-26T11:55:00Z,cab-a01,sensor-middle,front_middle,middle,inlet,21.931,normalized-temperature,good,t1295
2025-12-26T11:55:00Z,cab-a01,sensor-bottom,front_bottom,bottom,inlet,21.031,normalized-temperature,good,t1296
2025-12-26T12:00:00Z,cab-a01,sensor-top,front_top,top,inlet,23.032,normalized-temperature,good,t1297
2025-12-26T12:00:00Z,cab-a01,sensor-middle,front_middle,middle,inlet,21.932,normalized-temperature,good,t1298
2025-12-26T12:00:00Z,cab-a01,sensor-bottom,front_bottom,bottom,inlet,21.032,normalized-temperature,good,t1299
2025-12-26T12:05:00Z,cab-a01,sensor-top,front_top,top,inlet,23.033,normalized-temperature,good,t1300
2025-12-26T12:05:00Z,cab-a01,sensor-middle,front_middle,middle,inlet,21.933,normalized-temperature,good,t1301
2025-12-26T12:05:00Z,cab-a01,sensor-bottom,front_bottom,bottom,inlet,21.033,normalized-temperature,good,t1302
2025-12-26T12:10:00Z,cab-a01,sensor-top,front_top,top,inlet,22.374,normalized-temperature,good,t1303
2025-12-26T12:10:00Z,cab-a01,sensor-middle,front_middle,middle,inlet,21.274,normalized-temperature,good,t1304
2025-12-26T12:10:00Z,cab-a01,sensor-bottom,front_bottom,bottom,inlet,20.374,normalized-temperature,good,t1305
2025-12-26T12:15:00Z,cab-a01,sensor-top,front_top,top,inlet,22.376,normalized-temperature,good,t1306
2025-12-26T12:15:00Z,cab-a01,sensor-middle,front_middle,middle,inlet,21.276,normalized-temperature,good,t1307
2025-12-26T12:15:00Z,cab-a01,sensor-bottom,front_bottom,bottom,inlet,20.376,normalized-temperature,good,t1308
2025-12-26T12:20:00Z,cab-a01,sensor-top,front_top,top,inlet,22.376,normalized-temperature,good,t1309
2025-12-26T12:20:00Z,cab-a01,sensor-middle,front_middle,middle,inlet,21.276,normalized-temperature,good,t1310
2025-12-26T12:20:00Z,cab-a01,sensor-bottom,front_bottom,bottom,inlet,20.376,normalized-temperature,good,t1311
2025-12-26T12:25:00Z,cab-a01,sensor-top,front_top,top,inlet,22.377,normalized-temperature,good,t1312
2025-12-26T12:25:00Z,cab-a01,sensor-middle,front_middle,middle,inlet,21.277,normalized-temperature,good,t1313
2025-12-26T12:25:00Z,cab-a01,sensor-bottom,front_bottom,bottom,inlet,20.377,normalized-temperature,good,t1314
2025-12-26T12:30:00Z,cab-a01,sensor-top,front_top,top,inlet,22.378,normalized-temperature,good,t1315
2025-12-26T12:30:00Z,cab-a01,sensor-middle,front_middle,middle,inlet,21.278,normalized-temperature,good,t1316
2025-12-26T12:30:00Z,cab-a01,sensor-bottom,front_bottom,bottom,inlet,20.378,normalized-temperature,good,t1317
2025-12-26T12:35:00Z,cab-a01,sensor-top,front_top,top,inlet,22.378,normalized-temperature,good,t1318
2025-12-26T12:35:00Z,cab-a01,sensor-middle,front_middle,middle,inlet,21.278,normalized-temperature,good,t1319
2025-12-26T12:35:00Z,cab-a01,sensor-bottom,front_bottom,bottom,inlet,20.378,normalized-temperature,good,t1320
2025-12-26T12:40:00Z,cab-a01,sensor-top,front_top,top,inlet,22.377,normalized-temperature,good,t1321
2025-12-26T12:40:00Z,cab-a01,sensor-middle,front_middle,middle,inlet,21.277,normalized-temperature,good,t1322
2025-12-26T12:40:00Z,cab-a01,sensor-bottom,front_bottom,bottom,inlet,20.377,normalized-temperature,good,t1323
2025-12-26T12:45:00Z,cab-a01,sensor-top,front_top,top,inlet,22.376,normalized-temperature,good,t1324
2025-12-26T12:45:00Z,cab-a01,sensor-middle,front_middle,middle,inlet,21.276,normalized-temperature,good,t1325
2025-12-26T12:45:00Z,cab-a01,sensor-bottom,front_bottom,bottom,inlet,20.376,normalized-temperature,good,t1326
2025-12-26T12:50:00Z,cab-a01,sensor-top,front_top,top,inlet,22.375,normalized-temperature,good,t1327
2025-12-26T12:50:00Z,cab-a01,sensor-middle,front_middle,middle,inlet,21.275,normalized-temperature,good,t1328
2025-12-26T12:50:00Z,cab-a01,sensor-bottom,front_bottom,bottom,inlet,20.375,normalized-temperature,good,t1329
2025-12-26T12:55:00Z,cab-a01,sensor-top,front_top,top,inlet,22.373,normalized-temperature,good,t1330
2025-12-26T12:55:00Z,cab-a01,sensor-middle,front_middle,middle,inlet,21.273,normalized-temperature,good,t1331
2025-12-26T12:55:00Z,cab-a01,sensor-bottom,front_bottom,bottom,inlet,20.373,normalized-temperature,good,t1332
2025-12-26T13:00:00Z,cab-a01,sensor-top,front_top,top,inlet,22.371,normalized-temperature,good,t1333
2025-12-26T13:00:00Z,cab-a01,sensor-middle,front_middle,middle,inlet,21.271,normalized-temperature,good,t1334
2025-12-26T13:00:00Z,cab-a01,sensor-bottom,front_bottom,bottom,inlet,20.371,normalized-temperature,good,t1335
2025-12-26T13:05:00Z,cab-a01,sensor-top,front_top,top,inlet,22.368,normalized-temperature,good,t1336
2025-12-26T13:05:00Z,cab-a01,sensor-middle,front_middle,middle,inlet,21.268,normalized-temperature,good,t1337
2025-12-26T13:05:00Z,cab-a01,sensor-bottom,front_bottom,bottom,inlet,20.368,normalized-temperature,good,t1338
2025-12-26T13:10:00Z,cab-a01,sensor-top,front_top,top,inlet,22.364,normalized-temperature,good,t1339
2025-12-26T13:10:00Z,cab-a01,sensor-middle,front_middle,middle,inlet,21.264,normalized-temperature,good,t1340
2025-12-26T13:10:00Z,cab-a01,sensor-bottom,front_bottom,bottom,inlet,20.364,normalized-temperature,good,t1341
2025-12-26T13:15:00Z,cab-a01,sensor-top,front_top,top,inlet,22.359,normalized-temperature,good,t1342
2025-12-26T13:15:00Z,cab-a01,sensor-middle,front_middle,middle,inlet,21.259,normalized-temperature,good,t1343
2025-12-26T13:15:00Z,cab-a01,sensor-bottom,front_bottom,bottom,inlet,20.359,normalized-temperature,good,t1344
2025-12-26T13:20:00Z,cab-a01,sensor-top,front_top,top,inlet,22.354,normalized-temperature,good,t1345
2025-12-26T13:20:00Z,cab-a01,sensor-middle,front_middle,middle,inlet,21.254,normalized-temperature,good,t1346
2025-12-26T13:20:00Z,cab-a01,sensor-bottom,front_bottom,bottom,inlet,20.354,normalized-temperature,good,t1347
2025-12-26T13:25:00Z,cab-a01,sensor-top,front_top,top,inlet,22.348,normalized-temperature,good,t1348
2025-12-26T13:25:00Z,cab-a01,sensor-middle,front_middle,middle,inlet,21.248,normalized-temperature,good,t1349
2025-12-26T13:25:00Z,cab-a01,sensor-bottom,front_bottom,bottom,inlet,20.348,normalized-temperature,good,t1350
2025-12-26T13:30:00Z,cab-a01,sensor-top,front_top,top,inlet,22.342,normalized-temperature,good,t1351
2025-12-26T13:30:00Z,cab-a01,sensor-middle,front_middle,middle,inlet,21.242,normalized-temperature,good,t1352
2025-12-26T13:30:00Z,cab-a01,sensor-bottom,front_bottom,bottom,inlet,20.342,normalized-temperature,good,t1353
2025-12-26T13:35:00Z,cab-a01,sensor-top,front_top,top,inlet,22.334,normalized-temperature,good,t1354
2025-12-26T13:35:00Z,cab-a01,sensor-middle,front_middle,middle,inlet,21.234,normalized-temperature,good,t1355
2025-12-26T13:35:00Z,cab-a01,sensor-bottom,front_bottom,bottom,inlet,20.334,normalized-temperature,good,t1356
2025-12-26T13:40:00Z,cab-a01,sensor-top,front_top,top,inlet,22.326,normalized-temperature,good,t1357
2025-12-26T13:40:00Z,cab-a01,sensor-middle,front_middle,middle,inlet,21.226,normalized-temperature,good,t1358
2025-12-26T13:40:00Z,cab-a01,sensor-bottom,front_bottom,bottom,inlet,20.326,normalized-temperature,good,t1359
2025-12-26T13:45:00Z,cab-a01,sensor-top,front_top,top,inlet,22.317,normalized-temperature,good,t1360
2025-12-26T13:45:00Z,cab-a01,sensor-middle,front_middle,middle,inlet,21.217,normalized-temperature,good,t1361
2025-12-26T13:45:00Z,cab-a01,sensor-bottom,front_bottom,bottom,inlet,20.317,normalized-temperature,good,t1362
2025-12-26T13:50:00Z,cab-a01,sensor-top,front_top,top,inlet,22.308,normalized-temperature,good,t1363
2025-12-26T13:50:00Z,cab-a01,sensor-middle,front_middle,middle,inlet,21.208,normalized-temperature,good,t1364
2025-12-26T13:50:00Z,cab-a01,sensor-bottom,front_bottom,bottom,inlet,20.308,normalized-temperature,good,t1365
2025-12-26T13:55:00Z,cab-a01,sensor-top,front_top,top,inlet,22.298,normalized-temperature,good,t1366
2025-12-26T13:55:00Z,cab-a01,sensor-middle,front_middle,middle,inlet,21.198,normalized-temperature,good,t1367
2025-12-26T13:55:00Z,cab-a01,sensor-bottom,front_bottom,bottom,inlet,20.298,normalized-temperature,good,t1368
2025-12-26T14:00:00Z,cab-a01,sensor-top,front_top,top,inlet,22.287,normalized-temperature,good,t1369
2025-12-26T14:00:00Z,cab-a01,sensor-middle,front_middle,middle,inlet,21.187,normalized-temperature,good,t1370
2025-12-26T14:00:00Z,cab-a01,sensor-bottom,front_bottom,bottom,inlet,20.287,normalized-temperature,good,t1371
2025-12-26T14:05:00Z,cab-a01,sensor-top,front_top,top,inlet,22.276,normalized-temperature,good,t1372
2025-12-26T14:05:00Z,cab-a01,sensor-middle,front_middle,middle,inlet,21.176,normalized-temperature,good,t1373
2025-12-26T14:05:00Z,cab-a01,sensor-bottom,front_bottom,bottom,inlet,20.276,normalized-temperature,good,t1374
2025-12-26T14:10:00Z,cab-a01,sensor-top,front_top,top,inlet,22.264,normalized-temperature,good,t1375
2025-12-26T14:10:00Z,cab-a01,sensor-middle,front_middle,middle,inlet,21.164,normalized-temperature,good,t1376
2025-12-26T14:10:00Z,cab-a01,sensor-bottom,front_bottom,bottom,inlet,20.264,normalized-temperature,good,t1377
2025-12-26T14:15:00Z,cab-a01,sensor-top,front_top,top,inlet,22.251,normalized-temperature,good,t1378
2025-12-26T14:15:00Z,cab-a01,sensor-middle,front_middle,middle,inlet,21.151,normalized-temperature,good,t1379
2025-12-26T14:15:00Z,cab-a01,sensor-bottom,front_bottom,bottom,inlet,20.251,normalized-temperature,good,t1380
2025-12-26T14:20:00Z,cab-a01,sensor-top,front_top,top,inlet,22.239,normalized-temperature,good,t1381
2025-12-26T14:20:00Z,cab-a01,sensor-middle,front_middle,middle,inlet,21.139,normalized-temperature,good,t1382
2025-12-26T14:20:00Z,cab-a01,sensor-bottom,front_bottom,bottom,inlet,20.239,normalized-temperature,good,t1383
2025-12-26T14:25:00Z,cab-a01,sensor-top,front_top,top,inlet,22.225,normalized-temperature,good,t1384
2025-12-26T14:25:00Z,cab-a01,sensor-middle,front_middle,middle,inlet,21.125,normalized-temperature,good,t1385
2025-12-26T14:25:00Z,cab-a01,sensor-bottom,front_bottom,bottom,inlet,20.225,normalized-temperature,good,t1386
2025-12-26T14:30:00Z,cab-a01,sensor-top,front_top,top,inlet,22.212,normalized-temperature,good,t1387
2025-12-26T14:30:00Z,cab-a01,sensor-middle,front_middle,middle,inlet,21.112,normalized-temperature,good,t1388
2025-12-26T14:30:00Z,cab-a01,sensor-bottom,front_bottom,bottom,inlet,20.212,normalized-temperature,good,t1389
2025-12-26T14:35:00Z,cab-a01,sensor-top,front_top,top,inlet,22.198,normalized-temperature,good,t1390
2025-12-26T14:35:00Z,cab-a01,sensor-middle,front_middle,middle,inlet,21.098,normalized-temperature,good,t1391
2025-12-26T14:35:00Z,cab-a01,sensor-bottom,front_bottom,bottom,inlet,20.198,normalized-temperature,good,t1392
2025-12-26T14:40:00Z,cab-a01,sensor-top,front_top,top,inlet,22.184,normalized-temperature,good,t1393
2025-12-26T14:40:00Z,cab-a01,sensor-middle,front_middle,middle,inlet,21.084,normalized-temperature,good,t1394
2025-12-26T14:40:00Z,cab-a01,sensor-bottom,front_bottom,bottom,inlet,20.184,normalized-temperature,good,t1395
2025-12-26T14:45:00Z,cab-a01,sensor-top,front_top,top,inlet,22.169,normalized-temperature,good,t1396
2025-12-26T14:45:00Z,cab-a01,sensor-middle,front_middle,middle,inlet,21.069,normalized-temperature,good,t1397
2025-12-26T14:45:00Z,cab-a01,sensor-bottom,front_bottom,bottom,inlet,20.169,normalized-temperature,good,t1398
2025-12-26T14:50:00Z,cab-a01,sensor-top,front_top,top,inlet,22.155,normalized-temperature,good,t1399
2025-12-26T14:50:00Z,cab-a01,sensor-middle,front_middle,middle,inlet,21.055,normalized-temperature,good,t1400
2025-12-26T14:50:00Z,cab-a01,sensor-bottom,front_bottom,bottom,inlet,20.155,normalized-temperature,good,t1401
2025-12-26T14:55:00Z,cab-a01,sensor-top,front_top,top,inlet,22.141,normalized-temperature,good,t1402
2025-12-26T14:55:00Z,cab-a01,sensor-middle,front_middle,middle,inlet,21.041,normalized-temperature,good,t1403
2025-12-26T14:55:00Z,cab-a01,sensor-bottom,front_bottom,bottom,inlet,20.141,normalized-temperature,good,t1404
2025-12-26T15:00:00Z,cab-a01,sensor-top,front_top,top,inlet,22.127,normalized-temperature,good,t1405
2025-12-26T15:00:00Z,cab-a01,sensor-middle,front_middle,middle,inlet,21.027,normalized-temperature,good,t1406
2025-12-26T15:00:00Z,cab-a01,sensor-bottom,front_bottom,bottom,inlet,20.127,normalized-temperature,good,t1407
2025-12-26T15:05:00Z,cab-a01,sensor-top,front_top,top,inlet,22.113,normalized-temperature,good,t1408
2025-12-26T15:05:00Z,cab-a01,sensor-middle,front_middle,middle,inlet,21.013,normalized-temperature,good,t1409
2025-12-26T15:05:00Z,cab-a01,sensor-bottom,front_bottom,bottom,inlet,20.113,normalized-temperature,good,t1410
2025-12-26T15:10:00Z,cab-a01,sensor-top,front_top,top,inlet,22.099,normalized-temperature,good,t1411
2025-12-26T15:10:00Z,cab-a01,sensor-middle,front_middle,middle,inlet,20.999,normalized-temperature,good,t1412
2025-12-26T15:10:00Z,cab-a01,sensor-bottom,front_bottom,bottom,inlet,20.099,normalized-temperature,good,t1413
2025-12-26T15:15:00Z,cab-a01,sensor-top,front_top,top,inlet,22.085,normalized-temperature,good,t1414
2025-12-26T15:15:00Z,cab-a01,sensor-middle,front_middle,middle,inlet,20.985,normalized-temperature,good,t1415
2025-12-26T15:15:00Z,cab-a01,sensor-bottom,front_bottom,bottom,inlet,20.085,normalized-temperature,good,t1416
2025-12-26T15:20:00Z,cab-a01,sensor-top,front_top,top,inlet,22.072,normalized-temperature,good,t1417
2025-12-26T15:20:00Z,cab-a01,sensor-middle,front_middle,middle,inlet,20.972,normalized-temperature,good,t1418
2025-12-26T15:20:00Z,cab-a01,sensor-bottom,front_bottom,bottom,inlet,20.072,normalized-temperature,good,t1419
2025-12-26T15:25:00Z,cab-a01,sensor-top,front_top,top,inlet,22.06,normalized-temperature,good,t1420
2025-12-26T15:25:00Z,cab-a01,sensor-middle,front_middle,middle,inlet,20.96,normalized-temperature,good,t1421
2025-12-26T15:25:00Z,cab-a01,sensor-bottom,front_bottom,bottom,inlet,20.06,normalized-temperature,good,t1422
2025-12-26T15:30:00Z,cab-a01,sensor-top,front_top,top,inlet,22.047,normalized-temperature,good,t1423
2025-12-26T15:30:00Z,cab-a01,sensor-middle,front_middle,middle,inlet,20.947,normalized-temperature,good,t1424
2025-12-26T15:30:00Z,cab-a01,sensor-bottom,front_bottom,bottom,inlet,20.047,normalized-temperature,good,t1425
2025-12-26T15:35:00Z,cab-a01,sensor-top,front_top,top,inlet,22.036,normalized-temperature,good,t1426
2025-12-26T15:35:00Z,cab-a01,sensor-middle,front_middle,middle,inlet,20.936,normalized-temperature,good,t1427
2025-12-26T15:35:00Z,cab-a01,sensor-bottom,front_bottom,bottom,inlet,20.036,normalized-temperature,good,t1428
2025-12-26T15:40:00Z,cab-a01,sensor-top,front_top,top,inlet,22.025,normalized-temperature,good,t1429
2025-12-26T15:40:00Z,cab-a01,sensor-middle,front_middle,middle,inlet,20.925,normalized-temperature,good,t1430
2025-12-26T15:40:00Z,cab-a01,sensor-bottom,front_bottom,bottom,inlet,20.025,normalized-temperature,good,t1431
2025-12-26T15:45:00Z,cab-a01,sensor-top,front_top,top,inlet,22.015,normalized-temperature,good,t1432
2025-12-26T15:45:00Z,cab-a01,sensor-middle,front_middle,middle,inlet,20.915,normalized-temperature,good,t1433
2025-12-26T15:45:00Z,cab-a01,sensor-bottom,front_bottom,bottom,inlet,20.015,normalized-temperature,good,t1434
2025-12-26T15:50:00Z,cab-a01,sensor-top,front_top,top,inlet,22.006,normalized-temperature,good,t1435
2025-12-26T15:50:00Z,cab-a01,sensor-middle,front_middle,middle,inlet,20.906,normalized-temperature,good,t1436
2025-12-26T15:50:00Z,cab-a01,sensor-bottom,front_bottom,bottom,inlet,20.006,normalized-temperature,good,t1437
2025-12-26T15:55:00Z,cab-a01,sensor-top,front_top,top,inlet,21.997,normalized-temperature,good,t1438
2025-12-26T15:55:00Z,cab-a01,sensor-middle,front_middle,middle,inlet,20.897,normalized-temperature,good,t1439
2025-12-26T15:55:00Z,cab-a01,sensor-bottom,front_bottom,bottom,inlet,19.997,normalized-temperature,good,t1440
2025-12-26T16:00:00Z,cab-a01,sensor-top,front_top,top,inlet,21.989,normalized-temperature,good,t1441
2025-12-26T16:00:00Z,cab-a01,sensor-middle,front_middle,middle,inlet,20.889,normalized-temperature,good,t1442
2025-12-26T16:00:00Z,cab-a01,sensor-bottom,front_bottom,bottom,inlet,19.989,normalized-temperature,good,t1443
2025-12-26T16:05:00Z,cab-a01,sensor-top,front_top,top,inlet,21.982,normalized-temperature,good,t1444
2025-12-26T16:05:00Z,cab-a01,sensor-middle,front_middle,middle,inlet,20.882,normalized-temperature,good,t1445
2025-12-26T16:05:00Z,cab-a01,sensor-bottom,front_bottom,bottom,inlet,19.982,normalized-temperature,good,t1446
2025-12-26T16:10:00Z,cab-a01,sensor-top,front_top,top,inlet,21.977,normalized-temperature,good,t1447
2025-12-26T16:10:00Z,cab-a01,sensor-middle,front_middle,middle,inlet,20.877,normalized-temperature,good,t1448
2025-12-26T16:10:00Z,cab-a01,sensor-bottom,front_bottom,bottom,inlet,19.977,normalized-temperature,good,t1449
2025-12-26T16:15:00Z,cab-a01,sensor-top,front_top,top,inlet,21.972,normalized-temperature,good,t1450
2025-12-26T16:15:00Z,cab-a01,sensor-middle,front_middle,middle,inlet,20.872,normalized-temperature,good,t1451
2025-12-26T16:15:00Z,cab-a01,sensor-bottom,front_bottom,bottom,inlet,19.972,normalized-temperature,good,t1452
2025-12-26T16:20:00Z,cab-a01,sensor-top,front_top,top,inlet,21.968,normalized-temperature,good,t1453
2025-12-26T16:20:00Z,cab-a01,sensor-middle,front_middle,middle,inlet,20.868,normalized-temperature,good,t1454
2025-12-26T16:20:00Z,cab-a01,sensor-bottom,front_bottom,bottom,inlet,19.968,normalized-temperature,good,t1455
2025-12-26T16:25:00Z,cab-a01,sensor-top,front_top,top,inlet,21.965,normalized-temperature,good,t1456
2025-12-26T16:25:00Z,cab-a01,sensor-middle,front_middle,middle,inlet,20.865,normalized-temperature,good,t1457
2025-12-26T16:25:00Z,cab-a01,sensor-bottom,front_bottom,bottom,inlet,19.965,normalized-temperature,good,t1458
2025-12-26T16:30:00Z,cab-a01,sensor-top,front_top,top,inlet,21.963,normalized-temperature,good,t1459
2025-12-26T16:30:00Z,cab-a01,sensor-middle,front_middle,middle,inlet,20.863,normalized-temperature,good,t1460
2025-12-26T16:30:00Z,cab-a01,sensor-bottom,front_bottom,bottom,inlet,19.963,normalized-temperature,good,t1461
2025-12-26T16:35:00Z,cab-a01,sensor-top,front_top,top,inlet,21.962,normalized-temperature,good,t1462
2025-12-26T16:35:00Z,cab-a01,sensor-middle,front_middle,middle,inlet,20.862,normalized-temperature,good,t1463
2025-12-26T16:35:00Z,cab-a01,sensor-bottom,front_bottom,bottom,inlet,19.962,normalized-temperature,good,t1464
2025-12-26T16:40:00Z,cab-a01,sensor-top,front_top,top,inlet,21.962,normalized-temperature,good,t1465
2025-12-26T16:40:00Z,cab-a01,sensor-middle,front_middle,middle,inlet,20.862,normalized-temperature,good,t1466
2025-12-26T16:40:00Z,cab-a01,sensor-bottom,front_bottom,bottom,inlet,19.962,normalized-temperature,good,t1467
2025-12-26T16:45:00Z,cab-a01,sensor-top,front_top,top,inlet,21.964,normalized-temperature,good,t1468
2025-12-26T16:45:00Z,cab-a01,sensor-middle,front_middle,middle,inlet,20.864,normalized-temperature,good,t1469
2025-12-26T16:45:00Z,cab-a01,sensor-bottom,front_bottom,bottom,inlet,19.964,normalized-temperature,good,t1470
2025-12-26T16:50:00Z,cab-a01,sensor-top,front_top,top,inlet,21.966,normalized-temperature,good,t1471
2025-12-26T16:50:00Z,cab-a01,sensor-middle,front_middle,middle,inlet,20.866,normalized-temperature,good,t1472
2025-12-26T16:50:00Z,cab-a01,sensor-bottom,front_bottom,bottom,inlet,19.966,normalized-temperature,good,t1473
2025-12-26T16:55:00Z,cab-a01,sensor-top,front_top,top,inlet,21.969,normalized-temperature,good,t1474
2025-12-26T16:55:00Z,cab-a01,sensor-middle,front_middle,middle,inlet,20.869,normalized-temperature,good,t1475
2025-12-26T16:55:00Z,cab-a01,sensor-bottom,front_bottom,bottom,inlet,19.969,normalized-temperature,good,t1476
2025-12-26T17:00:00Z,cab-a01,sensor-top,front_top,top,inlet,21.973,normalized-temperature,good,t1477
2025-12-26T17:00:00Z,cab-a01,sensor-middle,front_middle,middle,inlet,20.873,normalized-temperature,good,t1478
2025-12-26T17:00:00Z,cab-a01,sensor-bottom,front_bottom,bottom,inlet,19.973,normalized-temperature,good,t1479
2025-12-26T17:05:00Z,cab-a01,sensor-top,front_top,top,inlet,21.978,normalized-temperature,good,t1480
2025-12-26T17:05:00Z,cab-a01,sensor-middle,front_middle,middle,inlet,20.878,normalized-temperature,good,t1481
2025-12-26T17:05:00Z,cab-a01,sensor-bottom,front_bottom,bottom,inlet,19.978,normalized-temperature,good,t1482
2025-12-26T17:10:00Z,cab-a01,sensor-top,front_top,top,inlet,21.984,normalized-temperature,good,t1483
2025-12-26T17:10:00Z,cab-a01,sensor-middle,front_middle,middle,inlet,20.884,normalized-temperature,good,t1484
2025-12-26T17:10:00Z,cab-a01,sensor-bottom,front_bottom,bottom,inlet,19.984,normalized-temperature,good,t1485
2025-12-26T17:15:00Z,cab-a01,sensor-top,front_top,top,inlet,21.991,normalized-temperature,good,t1486
2025-12-26T17:15:00Z,cab-a01,sensor-middle,front_middle,middle,inlet,20.891,normalized-temperature,good,t1487
2025-12-26T17:15:00Z,cab-a01,sensor-bottom,front_bottom,bottom,inlet,19.991,normalized-temperature,good,t1488
2025-12-26T17:20:00Z,cab-a01,sensor-top,front_top,top,inlet,21.998,normalized-temperature,good,t1489
2025-12-26T17:20:00Z,cab-a01,sensor-middle,front_middle,middle,inlet,20.898,normalized-temperature,good,t1490
2025-12-26T17:20:00Z,cab-a01,sensor-bottom,front_bottom,bottom,inlet,19.998,normalized-temperature,good,t1491
2025-12-26T17:25:00Z,cab-a01,sensor-top,front_top,top,inlet,22.006,normalized-temperature,good,t1492
2025-12-26T17:25:00Z,cab-a01,sensor-middle,front_middle,middle,inlet,20.906,normalized-temperature,good,t1493
2025-12-26T17:25:00Z,cab-a01,sensor-bottom,front_bottom,bottom,inlet,20.006,normalized-temperature,good,t1494
2025-12-26T17:30:00Z,cab-a01,sensor-top,front_top,top,inlet,22.015,normalized-temperature,good,t1495
2025-12-26T17:30:00Z,cab-a01,sensor-middle,front_middle,middle,inlet,20.915,normalized-temperature,good,t1496
2025-12-26T17:30:00Z,cab-a01,sensor-bottom,front_bottom,bottom,inlet,20.015,normalized-temperature,good,t1497
2025-12-26T17:35:00Z,cab-a01,sensor-top,front_top,top,inlet,22.025,normalized-temperature,good,t1498
2025-12-26T17:35:00Z,cab-a01,sensor-middle,front_middle,middle,inlet,20.925,normalized-temperature,good,t1499
2025-12-26T17:35:00Z,cab-a01,sensor-bottom,front_bottom,bottom,inlet,20.025,normalized-temperature,good,t1500
2025-12-26T17:40:00Z,cab-a01,sensor-top,front_top,top,inlet,22.035,normalized-temperature,good,t1501
2025-12-26T17:40:00Z,cab-a01,sensor-middle,front_middle,middle,inlet,20.935,normalized-temperature,good,t1502
2025-12-26T17:40:00Z,cab-a01,sensor-bottom,front_bottom,bottom,inlet,20.035,normalized-temperature,good,t1503
2025-12-26T17:45:00Z,cab-a01,sensor-top,front_top,top,inlet,22.045,normalized-temperature,good,t1504
2025-12-26T17:45:00Z,cab-a01,sensor-middle,front_middle,middle,inlet,20.945,normalized-temperature,good,t1505
2025-12-26T17:45:00Z,cab-a01,sensor-bottom,front_bottom,bottom,inlet,20.045,normalized-temperature,good,t1506
2025-12-26T17:50:00Z,cab-a01,sensor-top,front_top,top,inlet,22.056,normalized-temperature,good,t1507
2025-12-26T17:50:00Z,cab-a01,sensor-middle,front_middle,middle,inlet,20.956,normalized-temperature,good,t1508
2025-12-26T17:50:00Z,cab-a01,sensor-bottom,front_bottom,bottom,inlet,20.056,normalized-temperature,good,t1509
2025-12-26T17:55:00Z,cab-a01,sensor-top,front_top,top,inlet,22.067,normalized-temperature,good,t1510
2025-12-26T17:55:00Z,cab-a01,sensor-middle,front_middle,middle,inlet,20.967,normalized-temperature,good,t1511
2025-12-26T17:55:00Z,cab-a01,sensor-bottom,front_bottom,bottom,inlet,20.067,normalized-temperature,good,t1512
2025-12-26T18:00:00Z,cab-a01,sensor-top,front_top,top,inlet,22.079,normalized-temperature,good,t1513
2025-12-26T18:00:00Z,cab-a01,sensor-middle,front_middle,middle,inlet,20.979,normalized-temperature,good,t1514
2025-12-26T18:00:00Z,cab-a01,sensor-bottom,front_bottom,bottom,inlet,20.079,normalized-temperature,good,t1515
2025-12-26T18:05:00Z,cab-a01,sensor-top,front_top,top,inlet,22.091,normalized-temperature,good,t1516
2025-12-26T18:05:00Z,cab-a01,sensor-middle,front_middle,middle,inlet,20.991,normalized-temperature,good,t1517
2025-12-26T18:05:00Z,cab-a01,sensor-bottom,front_bottom,bottom,inlet,20.091,normalized-temperature,good,t1518
2025-12-26T18:10:00Z,cab-a01,sensor-top,front_top,top,inlet,22.102,normalized-temperature,good,t1519
2025-12-26T18:10:00Z,cab-a01,sensor-middle,front_middle,middle,inlet,21.002,normalized-temperature,good,t1520
2025-12-26T18:10:00Z,cab-a01,sensor-bottom,front_bottom,bottom,inlet,20.102,normalized-temperature,good,t1521
2025-12-26T18:15:00Z,cab-a01,sensor-top,front_top,top,inlet,22.114,normalized-temperature,good,t1522
2025-12-26T18:15:00Z,cab-a01,sensor-middle,front_middle,middle,inlet,21.014,normalized-temperature,good,t1523
2025-12-26T18:15:00Z,cab-a01,sensor-bottom,front_bottom,bottom,inlet,20.114,normalized-temperature,good,t1524
2025-12-26T18:20:00Z,cab-a01,sensor-top,front_top,top,inlet,22.126,normalized-temperature,good,t1525
2025-12-26T18:20:00Z,cab-a01,sensor-middle,front_middle,middle,inlet,21.026,normalized-temperature,good,t1526
2025-12-26T18:20:00Z,cab-a01,sensor-bottom,front_bottom,bottom,inlet,20.126,normalized-temperature,good,t1527
2025-12-26T18:25:00Z,cab-a01,sensor-top,front_top,top,inlet,22.138,normalized-temperature,good,t1528
2025-12-26T18:25:00Z,cab-a01,sensor-middle,front_middle,middle,inlet,21.038,normalized-temperature,good,t1529
2025-12-26T18:25:00Z,cab-a01,sensor-bottom,front_bottom,bottom,inlet,20.138,normalized-temperature,good,t1530
2025-12-26T18:30:00Z,cab-a01,sensor-top,front_top,top,inlet,22.149,normalized-temperature,good,t1531
2025-12-26T18:30:00Z,cab-a01,sensor-middle,front_middle,middle,inlet,21.049,normalized-temperature,good,t1532
2025-12-26T18:30:00Z,cab-a01,sensor-bottom,front_bottom,bottom,inlet,20.149,normalized-temperature,good,t1533
2025-12-26T18:35:00Z,cab-a01,sensor-top,front_top,top,inlet,22.16,normalized-temperature,good,t1534
2025-12-26T18:35:00Z,cab-a01,sensor-middle,front_middle,middle,inlet,21.06,normalized-temperature,good,t1535
2025-12-26T18:35:00Z,cab-a01,sensor-bottom,front_bottom,bottom,inlet,20.16,normalized-temperature,good,t1536
2025-12-26T18:40:00Z,cab-a01,sensor-top,front_top,top,inlet,22.171,normalized-temperature,good,t1537
2025-12-26T18:40:00Z,cab-a01,sensor-middle,front_middle,middle,inlet,21.071,normalized-temperature,good,t1538
2025-12-26T18:40:00Z,cab-a01,sensor-bottom,front_bottom,bottom,inlet,20.171,normalized-temperature,good,t1539
2025-12-26T18:45:00Z,cab-a01,sensor-top,front_top,top,inlet,22.182,normalized-temperature,good,t1540
2025-12-26T18:45:00Z,cab-a01,sensor-middle,front_middle,middle,inlet,21.082,normalized-temperature,good,t1541
2025-12-26T18:45:00Z,cab-a01,sensor-bottom,front_bottom,bottom,inlet,20.182,normalized-temperature,good,t1542
2025-12-26T18:50:00Z,cab-a01,sensor-top,front_top,top,inlet,22.192,normalized-temperature,good,t1543
2025-12-26T18:50:00Z,cab-a01,sensor-middle,front_middle,middle,inlet,21.092,normalized-temperature,good,t1544
2025-12-26T18:50:00Z,cab-a01,sensor-bottom,front_bottom,bottom,inlet,20.192,normalized-temperature,good,t1545
2025-12-26T18:55:00Z,cab-a01,sensor-top,front_top,top,inlet,22.202,normalized-temperature,good,t1546
2025-12-26T18:55:00Z,cab-a01,sensor-middle,front_middle,middle,inlet,21.102,normalized-temperature,good,t1547
2025-12-26T18:55:00Z,cab-a01,sensor-bottom,front_bottom,bottom,inlet,20.202,normalized-temperature,good,t1548
2025-12-26T19:00:00Z,cab-a01,sensor-top,front_top,top,inlet,22.211,normalized-temperature,good,t1549
2025-12-26T19:00:00Z,cab-a01,sensor-middle,front_middle,middle,inlet,21.111,normalized-temperature,good,t1550
2025-12-26T19:00:00Z,cab-a01,sensor-bottom,front_bottom,bottom,inlet,20.211,normalized-temperature,good,t1551
2025-12-26T19:05:00Z,cab-a01,sensor-top,front_top,top,inlet,22.22,normalized-temperature,good,t1552
2025-12-26T19:05:00Z,cab-a01,sensor-middle,front_middle,middle,inlet,21.12,normalized-temperature,good,t1553
2025-12-26T19:05:00Z,cab-a01,sensor-bottom,front_bottom,bottom,inlet,20.22,normalized-temperature,good,t1554
2025-12-26T19:10:00Z,cab-a01,sensor-top,front_top,top,inlet,22.228,normalized-temperature,good,t1555
2025-12-26T19:10:00Z,cab-a01,sensor-middle,front_middle,middle,inlet,21.128,normalized-temperature,good,t1556
2025-12-26T19:10:00Z,cab-a01,sensor-bottom,front_bottom,bottom,inlet,20.228,normalized-temperature,good,t1557
2025-12-26T19:15:00Z,cab-a01,sensor-top,front_top,top,inlet,22.235,normalized-temperature,good,t1558
2025-12-26T19:15:00Z,cab-a01,sensor-middle,front_middle,middle,inlet,21.135,normalized-temperature,good,t1559
2025-12-26T19:15:00Z,cab-a01,sensor-bottom,front_bottom,bottom,inlet,20.235,normalized-temperature,good,t1560
2025-12-26T19:20:00Z,cab-a01,sensor-top,front_top,top,inlet,22.242,normalized-temperature,good,t1561
2025-12-26T19:20:00Z,cab-a01,sensor-middle,front_middle,middle,inlet,21.142,normalized-temperature,good,t1562
2025-12-26T19:20:00Z,cab-a01,sensor-bottom,front_bottom,bottom,inlet,20.242,normalized-temperature,good,t1563
2025-12-26T19:25:00Z,cab-a01,sensor-top,front_top,top,inlet,22.248,normalized-temperature,good,t1564
2025-12-26T19:25:00Z,cab-a01,sensor-middle,front_middle,middle,inlet,21.148,normalized-temperature,good,t1565
2025-12-26T19:25:00Z,cab-a01,sensor-bottom,front_bottom,bottom,inlet,20.248,normalized-temperature,good,t1566
2025-12-26T19:30:00Z,cab-a01,sensor-top,front_top,top,inlet,22.253,normalized-temperature,good,t1567
2025-12-26T19:30:00Z,cab-a01,sensor-middle,front_middle,middle,inlet,21.153,normalized-temperature,good,t1568
2025-12-26T19:30:00Z,cab-a01,sensor-bottom,front_bottom,bottom,inlet,20.253,normalized-temperature,good,t1569
2025-12-26T19:35:00Z,cab-a01,sensor-top,front_top,top,inlet,22.258,normalized-temperature,good,t1570
2025-12-26T19:35:00Z,cab-a01,sensor-middle,front_middle,middle,inlet,21.158,normalized-temperature,good,t1571
2025-12-26T19:35:00Z,cab-a01,sensor-bottom,front_bottom,bottom,inlet,20.258,normalized-temperature,good,t1572
2025-12-26T19:40:00Z,cab-a01,sensor-top,front_top,top,inlet,22.262,normalized-temperature,good,t1573
2025-12-26T19:40:00Z,cab-a01,sensor-middle,front_middle,middle,inlet,21.162,normalized-temperature,good,t1574
2025-12-26T19:40:00Z,cab-a01,sensor-bottom,front_bottom,bottom,inlet,20.262,normalized-temperature,good,t1575
2025-12-26T19:45:00Z,cab-a01,sensor-top,front_top,top,inlet,22.265,normalized-temperature,good,t1576
2025-12-26T19:45:00Z,cab-a01,sensor-middle,front_middle,middle,inlet,21.165,normalized-temperature,good,t1577
2025-12-26T19:45:00Z,cab-a01,sensor-bottom,front_bottom,bottom,inlet,20.265,normalized-temperature,good,t1578
2025-12-26T19:50:00Z,cab-a01,sensor-top,front_top,top,inlet,22.268,normalized-temperature,good,t1579
2025-12-26T19:50:00Z,cab-a01,sensor-middle,front_middle,middle,inlet,21.168,normalized-temperature,good,t1580
2025-12-26T19:50:00Z,cab-a01,sensor-bottom,front_bottom,bottom,inlet,20.268,normalized-temperature,good,t1581
2025-12-26T19:55:00Z,cab-a01,sensor-top,front_top,top,inlet,22.27,normalized-temperature,good,t1582
2025-12-26T19:55:00Z,cab-a01,sensor-middle,front_middle,middle,inlet,21.17,normalized-temperature,good,t1583
2025-12-26T19:55:00Z,cab-a01,sensor-bottom,front_bottom,bottom,inlet,20.27,normalized-temperature,good,t1584
2025-12-26T20:00:00Z,cab-a01,sensor-top,front_top,top,inlet,22.272,normalized-temperature,good,t1585
2025-12-26T20:00:00Z,cab-a01,sensor-middle,front_middle,middle,inlet,21.172,normalized-temperature,good,t1586
2025-12-26T20:00:00Z,cab-a01,sensor-bottom,front_bottom,bottom,inlet,20.272,normalized-temperature,good,t1587
2025-12-26T20:05:00Z,cab-a01,sensor-top,front_top,top,inlet,22.273,normalized-temperature,good,t1588
2025-12-26T20:05:00Z,cab-a01,sensor-middle,front_middle,middle,inlet,21.173,normalized-temperature,good,t1589
2025-12-26T20:05:00Z,cab-a01,sensor-bottom,front_bottom,bottom,inlet,20.273,normalized-temperature,good,t1590
2025-12-26T20:10:00Z,cab-a01,sensor-top,front_top,top,inlet,22.273,normalized-temperature,good,t1591
2025-12-26T20:10:00Z,cab-a01,sensor-middle,front_middle,middle,inlet,21.173,normalized-temperature,good,t1592
2025-12-26T20:10:00Z,cab-a01,sensor-bottom,front_bottom,bottom,inlet,20.273,normalized-temperature,good,t1593
2025-12-26T20:15:00Z,cab-a01,sensor-top,front_top,top,inlet,22.273,normalized-temperature,good,t1594
2025-12-26T20:15:00Z,cab-a01,sensor-middle,front_middle,middle,inlet,21.173,normalized-temperature,good,t1595
2025-12-26T20:15:00Z,cab-a01,sensor-bottom,front_bottom,bottom,inlet,20.273,normalized-temperature,good,t1596
2025-12-26T20:20:00Z,cab-a01,sensor-top,front_top,top,inlet,22.272,normalized-temperature,good,t1597
2025-12-26T20:20:00Z,cab-a01,sensor-middle,front_middle,middle,inlet,21.172,normalized-temperature,good,t1598
2025-12-26T20:20:00Z,cab-a01,sensor-bottom,front_bottom,bottom,inlet,20.272,normalized-temperature,good,t1599
2025-12-26T20:25:00Z,cab-a01,sensor-top,front_top,top,inlet,22.271,normalized-temperature,good,t1600
2025-12-26T20:25:00Z,cab-a01,sensor-middle,front_middle,middle,inlet,21.171,normalized-temperature,good,t1601
2025-12-26T20:25:00Z,cab-a01,sensor-bottom,front_bottom,bottom,inlet,20.271,normalized-temperature,good,t1602
2025-12-26T20:30:00Z,cab-a01,sensor-top,front_top,top,inlet,22.269,normalized-temperature,good,t1603
2025-12-26T20:30:00Z,cab-a01,sensor-middle,front_middle,middle,inlet,21.169,normalized-temperature,good,t1604
2025-12-26T20:30:00Z,cab-a01,sensor-bottom,front_bottom,bottom,inlet,20.269,normalized-temperature,good,t1605
2025-12-26T20:35:00Z,cab-a01,sensor-top,front_top,top,inlet,22.268,normalized-temperature,good,t1606
2025-12-26T20:35:00Z,cab-a01,sensor-middle,front_middle,middle,inlet,21.168,normalized-temperature,good,t1607
2025-12-26T20:35:00Z,cab-a01,sensor-bottom,front_bottom,bottom,inlet,20.268,normalized-temperature,good,t1608
2025-12-26T20:40:00Z,cab-a01,sensor-top,front_top,top,inlet,22.266,normalized-temperature,good,t1609
2025-12-26T20:40:00Z,cab-a01,sensor-middle,front_middle,middle,inlet,21.166,normalized-temperature,good,t1610
2025-12-26T20:40:00Z,cab-a01,sensor-bottom,front_bottom,bottom,inlet,20.266,normalized-temperature,good,t1611
2025-12-26T20:45:00Z,cab-a01,sensor-top,front_top,top,inlet,22.264,normalized-temperature,good,t1612
2025-12-26T20:45:00Z,cab-a01,sensor-middle,front_middle,middle,inlet,21.164,normalized-temperature,good,t1613
2025-12-26T20:45:00Z,cab-a01,sensor-bottom,front_bottom,bottom,inlet,20.264,normalized-temperature,good,t1614
2025-12-26T20:50:00Z,cab-a01,sensor-top,front_top,top,inlet,22.261,normalized-temperature,good,t1615
2025-12-26T20:50:00Z,cab-a01,sensor-middle,front_middle,middle,inlet,21.161,normalized-temperature,good,t1616
2025-12-26T20:50:00Z,cab-a01,sensor-bottom,front_bottom,bottom,inlet,20.261,normalized-temperature,good,t1617
2025-12-26T20:55:00Z,cab-a01,sensor-top,front_top,top,inlet,22.259,normalized-temperature,good,t1618
2025-12-26T20:55:00Z,cab-a01,sensor-middle,front_middle,middle,inlet,21.159,normalized-temperature,good,t1619
2025-12-26T20:55:00Z,cab-a01,sensor-bottom,front_bottom,bottom,inlet,20.259,normalized-temperature,good,t1620
2025-12-26T21:00:00Z,cab-a01,sensor-top,front_top,top,inlet,22.257,normalized-temperature,good,t1621
2025-12-26T21:00:00Z,cab-a01,sensor-middle,front_middle,middle,inlet,21.157,normalized-temperature,good,t1622
2025-12-26T21:00:00Z,cab-a01,sensor-bottom,front_bottom,bottom,inlet,20.257,normalized-temperature,good,t1623
2025-12-26T21:05:00Z,cab-a01,sensor-top,front_top,top,inlet,22.254,normalized-temperature,good,t1624
2025-12-26T21:05:00Z,cab-a01,sensor-middle,front_middle,middle,inlet,21.154,normalized-temperature,good,t1625
2025-12-26T21:05:00Z,cab-a01,sensor-bottom,front_bottom,bottom,inlet,20.254,normalized-temperature,good,t1626
2025-12-26T21:10:00Z,cab-a01,sensor-top,front_top,top,inlet,22.252,normalized-temperature,good,t1627
2025-12-26T21:10:00Z,cab-a01,sensor-middle,front_middle,middle,inlet,21.152,normalized-temperature,good,t1628
2025-12-26T21:10:00Z,cab-a01,sensor-bottom,front_bottom,bottom,inlet,20.252,normalized-temperature,good,t1629
2025-12-26T21:15:00Z,cab-a01,sensor-top,front_top,top,inlet,22.251,normalized-temperature,good,t1630
2025-12-26T21:15:00Z,cab-a01,sensor-middle,front_middle,middle,inlet,21.151,normalized-temperature,good,t1631
2025-12-26T21:15:00Z,cab-a01,sensor-bottom,front_bottom,bottom,inlet,20.251,normalized-temperature,good,t1632
2025-12-26T21:20:00Z,cab-a01,sensor-top,front_top,top,inlet,22.249,normalized-temperature,good,t1633
2025-12-26T21:20:00Z,cab-a01,sensor-middle,front_middle,middle,inlet,21.149,normalized-temperature,good,t1634
2025-12-26T21:20:00Z,cab-a01,sensor-bottom,front_bottom,bottom,inlet,20.249,normalized-temperature,good,t1635
2025-12-26T21:25:00Z,cab-a01,sensor-top,front_top,top,inlet,22.248,normalized-temperature,good,t1636
2025-12-26T21:25:00Z,cab-a01,sensor-middle,front_middle,middle,inlet,21.148,normalized-temperature,good,t1637
2025-12-26T21:25:00Z,cab-a01,sensor-bottom,front_bottom,bottom,inlet,20.248,normalized-temperature,good,t1638
2025-12-26T21:30:00Z,cab-a01,sensor-top,front_top,top,inlet,22.247,normalized-temperature,good,t1639
2025-12-26T21:30:00Z,cab-a01,sensor-middle,front_middle,middle,inlet,21.147,normalized-temperature,good,t1640
2025-12-26T21:30:00Z,cab-a01,sensor-bottom,front_bottom,bottom,inlet,20.247,normalized-temperature,good,t1641
2025-12-26T21:35:00Z,cab-a01,sensor-top,front_top,top,inlet,22.247,normalized-temperature,good,t1642
2025-12-26T21:35:00Z,cab-a01,sensor-middle,front_middle,middle,inlet,21.147,normalized-temperature,good,t1643
2025-12-26T21:35:00Z,cab-a01,sensor-bottom,front_bottom,bottom,inlet,20.247,normalized-temperature,good,t1644
2025-12-26T21:40:00Z,cab-a01,sensor-top,front_top,top,inlet,22.248,normalized-temperature,good,t1645
2025-12-26T21:40:00Z,cab-a01,sensor-middle,front_middle,middle,inlet,21.148,normalized-temperature,good,t1646
2025-12-26T21:40:00Z,cab-a01,sensor-bottom,front_bottom,bottom,inlet,20.248,normalized-temperature,good,t1647
2025-12-26T21:45:00Z,cab-a01,sensor-top,front_top,top,inlet,22.249,normalized-temperature,good,t1648
2025-12-26T21:45:00Z,cab-a01,sensor-middle,front_middle,middle,inlet,21.149,normalized-temperature,good,t1649
2025-12-26T21:45:00Z,cab-a01,sensor-bottom,front_bottom,bottom,inlet,20.249,normalized-temperature,good,t1650
2025-12-26T21:50:00Z,cab-a01,sensor-top,front_top,top,inlet,22.25,normalized-temperature,good,t1651
2025-12-26T21:50:00Z,cab-a01,sensor-middle,front_middle,middle,inlet,21.15,normalized-temperature,good,t1652
2025-12-26T21:50:00Z,cab-a01,sensor-bottom,front_bottom,bottom,inlet,20.25,normalized-temperature,good,t1653
2025-12-26T21:55:00Z,cab-a01,sensor-top,front_top,top,inlet,22.253,normalized-temperature,good,t1654
2025-12-26T21:55:00Z,cab-a01,sensor-middle,front_middle,middle,inlet,21.153,normalized-temperature,good,t1655
2025-12-26T21:55:00Z,cab-a01,sensor-bottom,front_bottom,bottom,inlet,20.253,normalized-temperature,good,t1656
2025-12-26T22:00:00Z,cab-a01,sensor-top,front_top,top,inlet,22.256,normalized-temperature,good,t1657
2025-12-26T22:00:00Z,cab-a01,sensor-middle,front_middle,middle,inlet,21.156,normalized-temperature,good,t1658
2025-12-26T22:00:00Z,cab-a01,sensor-bottom,front_bottom,bottom,inlet,20.256,normalized-temperature,good,t1659
2025-12-26T22:05:00Z,cab-a01,sensor-top,front_top,top,inlet,22.26,normalized-temperature,good,t1660
2025-12-26T22:05:00Z,cab-a01,sensor-middle,front_middle,middle,inlet,21.16,normalized-temperature,good,t1661
2025-12-26T22:05:00Z,cab-a01,sensor-bottom,front_bottom,bottom,inlet,20.26,normalized-temperature,good,t1662
2025-12-26T22:10:00Z,cab-a01,sensor-top,front_top,top,inlet,22.264,normalized-temperature,good,t1663
2025-12-26T22:10:00Z,cab-a01,sensor-middle,front_middle,middle,inlet,21.164,normalized-temperature,good,t1664
2025-12-26T22:10:00Z,cab-a01,sensor-bottom,front_bottom,bottom,inlet,20.264,normalized-temperature,good,t1665
2025-12-26T22:15:00Z,cab-a01,sensor-top,front_top,top,inlet,22.27,normalized-temperature,good,t1666
2025-12-26T22:15:00Z,cab-a01,sensor-middle,front_middle,middle,inlet,21.17,normalized-temperature,good,t1667
2025-12-26T22:15:00Z,cab-a01,sensor-bottom,front_bottom,bottom,inlet,20.27,normalized-temperature,good,t1668
2025-12-26T22:20:00Z,cab-a01,sensor-top,front_top,top,inlet,22.276,normalized-temperature,good,t1669
2025-12-26T22:20:00Z,cab-a01,sensor-middle,front_middle,middle,inlet,21.176,normalized-temperature,good,t1670
2025-12-26T22:20:00Z,cab-a01,sensor-bottom,front_bottom,bottom,inlet,20.276,normalized-temperature,good,t1671
2025-12-26T22:25:00Z,cab-a01,sensor-top,front_top,top,inlet,22.283,normalized-temperature,good,t1672
2025-12-26T22:25:00Z,cab-a01,sensor-middle,front_middle,middle,inlet,21.183,normalized-temperature,good,t1673
2025-12-26T22:25:00Z,cab-a01,sensor-bottom,front_bottom,bottom,inlet,20.283,normalized-temperature,good,t1674
2025-12-26T22:30:00Z,cab-a01,sensor-top,front_top,top,inlet,22.292,normalized-temperature,good,t1675
2025-12-26T22:30:00Z,cab-a01,sensor-middle,front_middle,middle,inlet,21.192,normalized-temperature,good,t1676
2025-12-26T22:30:00Z,cab-a01,sensor-bottom,front_bottom,bottom,inlet,20.292,normalized-temperature,good,t1677
2025-12-26T22:35:00Z,cab-a01,sensor-top,front_top,top,inlet,22.301,normalized-temperature,good,t1678
2025-12-26T22:35:00Z,cab-a01,sensor-middle,front_middle,middle,inlet,21.201,normalized-temperature,good,t1679
2025-12-26T22:35:00Z,cab-a01,sensor-bottom,front_bottom,bottom,inlet,20.301,normalized-temperature,good,t1680
2025-12-26T22:40:00Z,cab-a01,sensor-top,front_top,top,inlet,22.31,normalized-temperature,good,t1681
2025-12-26T22:40:00Z,cab-a01,sensor-middle,front_middle,middle,inlet,21.21,normalized-temperature,good,t1682
2025-12-26T22:40:00Z,cab-a01,sensor-bottom,front_bottom,bottom,inlet,20.31,normalized-temperature,good,t1683
2025-12-26T22:45:00Z,cab-a01,sensor-top,front_top,top,inlet,22.321,normalized-temperature,good,t1684
2025-12-26T22:45:00Z,cab-a01,sensor-middle,front_middle,middle,inlet,21.221,normalized-temperature,good,t1685
2025-12-26T22:45:00Z,cab-a01,sensor-bottom,front_bottom,bottom,inlet,20.321,normalized-temperature,good,t1686
2025-12-26T22:50:00Z,cab-a01,sensor-top,front_top,top,inlet,22.332,normalized-temperature,good,t1687
2025-12-26T22:50:00Z,cab-a01,sensor-middle,front_middle,middle,inlet,21.232,normalized-temperature,good,t1688
2025-12-26T22:50:00Z,cab-a01,sensor-bottom,front_bottom,bottom,inlet,20.332,normalized-temperature,good,t1689
2025-12-26T22:55:00Z,cab-a01,sensor-top,front_top,top,inlet,22.345,normalized-temperature,good,t1690
2025-12-26T22:55:00Z,cab-a01,sensor-middle,front_middle,middle,inlet,21.245,normalized-temperature,good,t1691
2025-12-26T22:55:00Z,cab-a01,sensor-bottom,front_bottom,bottom,inlet,20.345,normalized-temperature,good,t1692
2025-12-26T23:00:00Z,cab-a01,sensor-top,front_top,top,inlet,22.358,normalized-temperature,good,t1693
2025-12-26T23:00:00Z,cab-a01,sensor-middle,front_middle,middle,inlet,21.258,normalized-temperature,good,t1694
2025-12-26T23:00:00Z,cab-a01,sensor-bottom,front_bottom,bottom,inlet,20.358,normalized-temperature,good,t1695
2025-12-26T23:05:00Z,cab-a01,sensor-top,front_top,top,inlet,22.372,normalized-temperature,good,t1696
2025-12-26T23:05:00Z,cab-a01,sensor-middle,front_middle,middle,inlet,21.272,normalized-temperature,good,t1697
2025-12-26T23:05:00Z,cab-a01,sensor-bottom,front_bottom,bottom,inlet,20.372,normalized-temperature,good,t1698
2025-12-26T23:10:00Z,cab-a01,sensor-top,front_top,top,inlet,22.386,normalized-temperature,good,t1699
2025-12-26T23:10:00Z,cab-a01,sensor-middle,front_middle,middle,inlet,21.286,normalized-temperature,good,t1700
2025-12-26T23:10:00Z,cab-a01,sensor-bottom,front_bottom,bottom,inlet,20.386,normalized-temperature,good,t1701
2025-12-26T23:15:00Z,cab-a01,sensor-top,front_top,top,inlet,22.401,normalized-temperature,good,t1702
2025-12-26T23:15:00Z,cab-a01,sensor-middle,front_middle,middle,inlet,21.301,normalized-temperature,good,t1703
2025-12-26T23:15:00Z,cab-a01,sensor-bottom,front_bottom,bottom,inlet,20.401,normalized-temperature,good,t1704
2025-12-26T23:20:00Z,cab-a01,sensor-top,front_top,top,inlet,22.417,normalized-temperature,good,t1705
2025-12-26T23:20:00Z,cab-a01,sensor-middle,front_middle,middle,inlet,21.317,normalized-temperature,good,t1706
2025-12-26T23:20:00Z,cab-a01,sensor-bottom,front_bottom,bottom,inlet,20.417,normalized-temperature,good,t1707
2025-12-26T23:25:00Z,cab-a01,sensor-top,front_top,top,inlet,22.433,normalized-temperature,good,t1708
2025-12-26T23:25:00Z,cab-a01,sensor-middle,front_middle,middle,inlet,21.333,normalized-temperature,good,t1709
2025-12-26T23:25:00Z,cab-a01,sensor-bottom,front_bottom,bottom,inlet,20.433,normalized-temperature,good,t1710
2025-12-26T23:30:00Z,cab-a01,sensor-top,front_top,top,inlet,22.45,normalized-temperature,good,t1711
2025-12-26T23:30:00Z,cab-a01,sensor-middle,front_middle,middle,inlet,21.35,normalized-temperature,good,t1712
2025-12-26T23:30:00Z,cab-a01,sensor-bottom,front_bottom,bottom,inlet,20.45,normalized-temperature,good,t1713
2025-12-26T23:35:00Z,cab-a01,sensor-top,front_top,top,inlet,22.467,normalized-temperature,good,t1714
2025-12-26T23:35:00Z,cab-a01,sensor-middle,front_middle,middle,inlet,21.367,normalized-temperature,good,t1715
2025-12-26T23:35:00Z,cab-a01,sensor-bottom,front_bottom,bottom,inlet,20.467,normalized-temperature,good,t1716
2025-12-26T23:40:00Z,cab-a01,sensor-top,front_top,top,inlet,22.484,normalized-temperature,good,t1717
2025-12-26T23:40:00Z,cab-a01,sensor-middle,front_middle,middle,inlet,21.384,normalized-temperature,good,t1718
2025-12-26T23:40:00Z,cab-a01,sensor-bottom,front_bottom,bottom,inlet,20.484,normalized-temperature,good,t1719
2025-12-26T23:45:00Z,cab-a01,sensor-top,front_top,top,inlet,22.502,normalized-temperature,good,t1720
2025-12-26T23:45:00Z,cab-a01,sensor-middle,front_middle,middle,inlet,21.402,normalized-temperature,good,t1721
2025-12-26T23:45:00Z,cab-a01,sensor-bottom,front_bottom,bottom,inlet,20.502,normalized-temperature,good,t1722
2025-12-26T23:50:00Z,cab-a01,sensor-top,front_top,top,inlet,22.52,normalized-temperature,good,t1723
2025-12-26T23:50:00Z,cab-a01,sensor-middle,front_middle,middle,inlet,21.42,normalized-temperature,good,t1724
2025-12-26T23:50:00Z,cab-a01,sensor-bottom,front_bottom,bottom,inlet,20.52,normalized-temperature,good,t1725
2025-12-26T23:55:00Z,cab-a01,sensor-top,front_top,top,inlet,22.538,normalized-temperature,good,t1726
2025-12-26T23:55:00Z,cab-a01,sensor-middle,front_middle,middle,inlet,21.438,normalized-temperature,good,t1727
2025-12-26T23:55:00Z,cab-a01,sensor-bottom,front_bottom,bottom,inlet,20.538,normalized-temperature,good,t1728
2025-12-27T00:00:00Z,cab-a01,sensor-top,front_top,top,inlet,22.556,normalized-temperature,good,t1729
2025-12-27T00:00:00Z,cab-a01,sensor-middle,front_middle,middle,inlet,21.456,normalized-temperature,good,t1730
2025-12-27T00:00:00Z,cab-a01,sensor-bottom,front_bottom,bottom,inlet,20.556,normalized-temperature,good,t1731
2025-12-27T00:05:00Z,cab-a01,sensor-top,front_top,top,inlet,22.574,normalized-temperature,good,t1732
2025-12-27T00:05:00Z,cab-a01,sensor-middle,front_middle,middle,inlet,21.474,normalized-temperature,good,t1733
2025-12-27T00:05:00Z,cab-a01,sensor-bottom,front_bottom,bottom,inlet,20.574,normalized-temperature,good,t1734
2025-12-27T00:10:00Z,cab-a01,sensor-top,front_top,top,inlet,22.592,normalized-temperature,good,t1735
2025-12-27T00:10:00Z,cab-a01,sensor-middle,front_middle,middle,inlet,21.492,normalized-temperature,good,t1736
2025-12-27T00:10:00Z,cab-a01,sensor-bottom,front_bottom,bottom,inlet,20.592,normalized-temperature,good,t1737
2025-12-27T00:15:00Z,cab-a01,sensor-top,front_top,top,inlet,22.609,normalized-temperature,good,t1738
2025-12-27T00:15:00Z,cab-a01,sensor-middle,front_middle,middle,inlet,21.509,normalized-temperature,good,t1739
2025-12-27T00:15:00Z,cab-a01,sensor-bottom,front_bottom,bottom,inlet,20.609,normalized-temperature,good,t1740
2025-12-27T00:20:00Z,cab-a01,sensor-top,front_top,top,inlet,22.627,normalized-temperature,good,t1741
2025-12-27T00:20:00Z,cab-a01,sensor-middle,front_middle,middle,inlet,21.527,normalized-temperature,good,t1742
2025-12-27T00:20:00Z,cab-a01,sensor-bottom,front_bottom,bottom,inlet,20.627,normalized-temperature,good,t1743
2025-12-27T00:25:00Z,cab-a01,sensor-top,front_top,top,inlet,22.644,normalized-temperature,good,t1744
2025-12-27T00:25:00Z,cab-a01,sensor-middle,front_middle,middle,inlet,21.544,normalized-temperature,good,t1745
2025-12-27T00:25:00Z,cab-a01,sensor-bottom,front_bottom,bottom,inlet,20.644,normalized-temperature,good,t1746
2025-12-27T00:30:00Z,cab-a01,sensor-top,front_top,top,inlet,22.66,normalized-temperature,good,t1747
2025-12-27T00:30:00Z,cab-a01,sensor-middle,front_middle,middle,inlet,21.56,normalized-temperature,good,t1748
2025-12-27T00:30:00Z,cab-a01,sensor-bottom,front_bottom,bottom,inlet,20.66,normalized-temperature,good,t1749
2025-12-27T00:35:00Z,cab-a01,sensor-top,front_top,top,inlet,22.677,normalized-temperature,good,t1750
2025-12-27T00:35:00Z,cab-a01,sensor-middle,front_middle,middle,inlet,21.577,normalized-temperature,good,t1751
2025-12-27T00:35:00Z,cab-a01,sensor-bottom,front_bottom,bottom,inlet,20.677,normalized-temperature,good,t1752
2025-12-27T00:40:00Z,cab-a01,sensor-top,front_top,top,inlet,22.692,normalized-temperature,good,t1753
2025-12-27T00:40:00Z,cab-a01,sensor-middle,front_middle,middle,inlet,21.592,normalized-temperature,good,t1754
2025-12-27T00:40:00Z,cab-a01,sensor-bottom,front_bottom,bottom,inlet,20.692,normalized-temperature,good,t1755
2025-12-27T00:45:00Z,cab-a01,sensor-top,front_top,top,inlet,22.707,normalized-temperature,good,t1756
2025-12-27T00:45:00Z,cab-a01,sensor-middle,front_middle,middle,inlet,21.607,normalized-temperature,good,t1757
2025-12-27T00:45:00Z,cab-a01,sensor-bottom,front_bottom,bottom,inlet,20.707,normalized-temperature,good,t1758
2025-12-27T00:50:00Z,cab-a01,sensor-top,front_top,top,inlet,22.721,normalized-temperature,good,t1759
2025-12-27T00:50:00Z,cab-a01,sensor-middle,front_middle,middle,inlet,21.621,normalized-temperature,good,t1760
2025-12-27T00:50:00Z,cab-a01,sensor-bottom,front_bottom,bottom,inlet,20.721,normalized-temperature,good,t1761
2025-12-27T00:55:00Z,cab-a01,sensor-top,front_top,top,inlet,22.735,normalized-temperature,good,t1762
2025-12-27T00:55:00Z,cab-a01,sensor-middle,front_middle,middle,inlet,21.635,normalized-temperature,good,t1763
2025-12-27T00:55:00Z,cab-a01,sensor-bottom,front_bottom,bottom,inlet,20.735,normalized-temperature,good,t1764
2025-12-27T01:00:00Z,cab-a01,sensor-top,front_top,top,inlet,22.748,normalized-temperature,good,t1765
2025-12-27T01:00:00Z,cab-a01,sensor-middle,front_middle,middle,inlet,21.648,normalized-temperature,good,t1766
2025-12-27T01:00:00Z,cab-a01,sensor-bottom,front_bottom,bottom,inlet,20.748,normalized-temperature,good,t1767
2025-12-27T01:05:00Z,cab-a01,sensor-top,front_top,top,inlet,22.76,normalized-temperature,good,t1768
2025-12-27T01:05:00Z,cab-a01,sensor-middle,front_middle,middle,inlet,21.66,normalized-temperature,good,t1769
2025-12-27T01:05:00Z,cab-a01,sensor-bottom,front_bottom,bottom,inlet,20.76,normalized-temperature,good,t1770
2025-12-27T01:10:00Z,cab-a01,sensor-top,front_top,top,inlet,22.771,normalized-temperature,good,t1771
2025-12-27T01:10:00Z,cab-a01,sensor-middle,front_middle,middle,inlet,21.671,normalized-temperature,good,t1772
2025-12-27T01:10:00Z,cab-a01,sensor-bottom,front_bottom,bottom,inlet,20.771,normalized-temperature,good,t1773
2025-12-27T01:15:00Z,cab-a01,sensor-top,front_top,top,inlet,22.781,normalized-temperature,good,t1774
2025-12-27T01:15:00Z,cab-a01,sensor-middle,front_middle,middle,inlet,21.681,normalized-temperature,good,t1775
2025-12-27T01:15:00Z,cab-a01,sensor-bottom,front_bottom,bottom,inlet,20.781,normalized-temperature,good,t1776
2025-12-27T01:20:00Z,cab-a01,sensor-top,front_top,top,inlet,22.79,normalized-temperature,good,t1777
2025-12-27T01:20:00Z,cab-a01,sensor-middle,front_middle,middle,inlet,21.69,normalized-temperature,good,t1778
2025-12-27T01:20:00Z,cab-a01,sensor-bottom,front_bottom,bottom,inlet,20.79,normalized-temperature,good,t1779
2025-12-27T01:25:00Z,cab-a01,sensor-top,front_top,top,inlet,22.799,normalized-temperature,good,t1780
2025-12-27T01:25:00Z,cab-a01,sensor-middle,front_middle,middle,inlet,21.699,normalized-temperature,good,t1781
2025-12-27T01:25:00Z,cab-a01,sensor-bottom,front_bottom,bottom,inlet,20.799,normalized-temperature,good,t1782
2025-12-27T01:30:00Z,cab-a01,sensor-top,front_top,top,inlet,22.806,normalized-temperature,good,t1783
2025-12-27T01:30:00Z,cab-a01,sensor-middle,front_middle,middle,inlet,21.706,normalized-temperature,good,t1784
2025-12-27T01:30:00Z,cab-a01,sensor-bottom,front_bottom,bottom,inlet,20.806,normalized-temperature,good,t1785
2025-12-27T01:35:00Z,cab-a01,sensor-top,front_top,top,inlet,22.813,normalized-temperature,good,t1786
2025-12-27T01:35:00Z,cab-a01,sensor-middle,front_middle,middle,inlet,21.713,normalized-temperature,good,t1787
2025-12-27T01:35:00Z,cab-a01,sensor-bottom,front_bottom,bottom,inlet,20.813,normalized-temperature,good,t1788
2025-12-27T01:40:00Z,cab-a01,sensor-top,front_top,top,inlet,22.818,normalized-temperature,good,t1789
2025-12-27T01:40:00Z,cab-a01,sensor-middle,front_middle,middle,inlet,21.718,normalized-temperature,good,t1790
2025-12-27T01:40:00Z,cab-a01,sensor-bottom,front_bottom,bottom,inlet,20.818,normalized-temperature,good,t1791
2025-12-27T01:45:00Z,cab-a01,sensor-top,front_top,top,inlet,22.823,normalized-temperature,good,t1792
2025-12-27T01:45:00Z,cab-a01,sensor-middle,front_middle,middle,inlet,21.723,normalized-temperature,good,t1793
2025-12-27T01:45:00Z,cab-a01,sensor-bottom,front_bottom,bottom,inlet,20.823,normalized-temperature,good,t1794
2025-12-27T01:50:00Z,cab-a01,sensor-top,front_top,top,inlet,22.827,normalized-temperature,good,t1795
2025-12-27T01:50:00Z,cab-a01,sensor-middle,front_middle,middle,inlet,21.727,normalized-temperature,good,t1796
2025-12-27T01:50:00Z,cab-a01,sensor-bottom,front_bottom,bottom,inlet,20.827,normalized-temperature,good,t1797
2025-12-27T01:55:00Z,cab-a01,sensor-top,front_top,top,inlet,22.83,normalized-temperature,good,t1798
2025-12-27T01:55:00Z,cab-a01,sensor-middle,front_middle,middle,inlet,21.73,normalized-temperature,good,t1799
2025-12-27T01:55:00Z,cab-a01,sensor-bottom,front_bottom,bottom,inlet,20.83,normalized-temperature,good,t1800
2025-12-27T02:00:00Z,cab-a01,sensor-top,front_top,top,inlet,22.831,normalized-temperature,good,t1801
2025-12-27T02:00:00Z,cab-a01,sensor-middle,front_middle,middle,inlet,21.731,normalized-temperature,good,t1802
2025-12-27T02:00:00Z,cab-a01,sensor-bottom,front_bottom,bottom,inlet,20.831,normalized-temperature,good,t1803
2025-12-27T02:05:00Z,cab-a01,sensor-top,front_top,top,inlet,22.832,normalized-temperature,good,t1804
2025-12-27T02:05:00Z,cab-a01,sensor-middle,front_middle,middle,inlet,21.732,normalized-temperature,good,t1805
2025-12-27T02:05:00Z,cab-a01,sensor-bottom,front_bottom,bottom,inlet,20.832,normalized-temperature,good,t1806
2025-12-27T02:10:00Z,cab-a01,sensor-top,front_top,top,inlet,22.833,normalized-temperature,good,t1807
2025-12-27T02:10:00Z,cab-a01,sensor-middle,front_middle,middle,inlet,21.733,normalized-temperature,good,t1808
2025-12-27T02:10:00Z,cab-a01,sensor-bottom,front_bottom,bottom,inlet,20.833,normalized-temperature,good,t1809
2025-12-27T02:15:00Z,cab-a01,sensor-top,front_top,top,inlet,22.832,normalized-temperature,good,t1810
2025-12-27T02:15:00Z,cab-a01,sensor-middle,front_middle,middle,inlet,21.732,normalized-temperature,good,t1811
2025-12-27T02:15:00Z,cab-a01,sensor-bottom,front_bottom,bottom,inlet,20.832,normalized-temperature,good,t1812
2025-12-27T02:20:00Z,cab-a01,sensor-top,front_top,top,inlet,22.831,normalized-temperature,good,t1813
2025-12-27T02:20:00Z,cab-a01,sensor-middle,front_middle,middle,inlet,21.731,normalized-temperature,good,t1814
2025-12-27T02:20:00Z,cab-a01,sensor-bottom,front_bottom,bottom,inlet,20.831,normalized-temperature,good,t1815
2025-12-27T02:25:00Z,cab-a01,sensor-top,front_top,top,inlet,22.829,normalized-temperature,good,t1816
2025-12-27T02:25:00Z,cab-a01,sensor-middle,front_middle,middle,inlet,21.729,normalized-temperature,good,t1817
2025-12-27T02:25:00Z,cab-a01,sensor-bottom,front_bottom,bottom,inlet,20.829,normalized-temperature,good,t1818
2025-12-27T02:30:00Z,cab-a01,sensor-top,front_top,top,inlet,22.826,normalized-temperature,good,t1819
2025-12-27T02:30:00Z,cab-a01,sensor-middle,front_middle,middle,inlet,21.726,normalized-temperature,good,t1820
2025-12-27T02:30:00Z,cab-a01,sensor-bottom,front_bottom,bottom,inlet,20.826,normalized-temperature,good,t1821
2025-12-27T02:35:00Z,cab-a01,sensor-top,front_top,top,inlet,22.823,normalized-temperature,good,t1822
2025-12-27T02:35:00Z,cab-a01,sensor-middle,front_middle,middle,inlet,21.723,normalized-temperature,good,t1823
2025-12-27T02:35:00Z,cab-a01,sensor-bottom,front_bottom,bottom,inlet,20.823,normalized-temperature,good,t1824
2025-12-27T02:40:00Z,cab-a01,sensor-top,front_top,top,inlet,22.82,normalized-temperature,good,t1825
2025-12-27T02:40:00Z,cab-a01,sensor-middle,front_middle,middle,inlet,21.72,normalized-temperature,good,t1826
2025-12-27T02:40:00Z,cab-a01,sensor-bottom,front_bottom,bottom,inlet,20.82,normalized-temperature,good,t1827
2025-12-27T02:45:00Z,cab-a01,sensor-top,front_top,top,inlet,22.816,normalized-temperature,good,t1828
2025-12-27T02:45:00Z,cab-a01,sensor-middle,front_middle,middle,inlet,21.716,normalized-temperature,good,t1829
2025-12-27T02:45:00Z,cab-a01,sensor-bottom,front_bottom,bottom,inlet,20.816,normalized-temperature,good,t1830
2025-12-27T02:50:00Z,cab-a01,sensor-top,front_top,top,inlet,22.811,normalized-temperature,good,t1831
2025-12-27T02:50:00Z,cab-a01,sensor-middle,front_middle,middle,inlet,21.711,normalized-temperature,good,t1832
2025-12-27T02:50:00Z,cab-a01,sensor-bottom,front_bottom,bottom,inlet,20.811,normalized-temperature,good,t1833
2025-12-27T02:55:00Z,cab-a01,sensor-top,front_top,top,inlet,22.806,normalized-temperature,good,t1834
2025-12-27T02:55:00Z,cab-a01,sensor-middle,front_middle,middle,inlet,21.706,normalized-temperature,good,t1835
2025-12-27T02:55:00Z,cab-a01,sensor-bottom,front_bottom,bottom,inlet,20.806,normalized-temperature,good,t1836
2025-12-27T03:00:00Z,cab-a01,sensor-top,front_top,top,inlet,22.801,normalized-temperature,good,t1837
2025-12-27T03:00:00Z,cab-a01,sensor-middle,front_middle,middle,inlet,21.701,normalized-temperature,good,t1838
2025-12-27T03:00:00Z,cab-a01,sensor-bottom,front_bottom,bottom,inlet,20.801,normalized-temperature,good,t1839
2025-12-27T03:05:00Z,cab-a01,sensor-top,front_top,top,inlet,22.796,normalized-temperature,good,t1840
2025-12-27T03:05:00Z,cab-a01,sensor-middle,front_middle,middle,inlet,21.696,normalized-temperature,good,t1841
2025-12-27T03:05:00Z,cab-a01,sensor-bottom,front_bottom,bottom,inlet,20.796,normalized-temperature,good,t1842
2025-12-27T03:10:00Z,cab-a01,sensor-top,front_top,top,inlet,22.791,normalized-temperature,good,t1843
2025-12-27T03:10:00Z,cab-a01,sensor-middle,front_middle,middle,inlet,21.691,normalized-temperature,good,t1844
2025-12-27T03:10:00Z,cab-a01,sensor-bottom,front_bottom,bottom,inlet,20.791,normalized-temperature,good,t1845
2025-12-27T03:15:00Z,cab-a01,sensor-top,front_top,top,inlet,22.786,normalized-temperature,good,t1846
2025-12-27T03:15:00Z,cab-a01,sensor-middle,front_middle,middle,inlet,21.686,normalized-temperature,good,t1847
2025-12-27T03:15:00Z,cab-a01,sensor-bottom,front_bottom,bottom,inlet,20.786,normalized-temperature,good,t1848
2025-12-27T03:20:00Z,cab-a01,sensor-top,front_top,top,inlet,22.78,normalized-temperature,good,t1849
2025-12-27T03:20:00Z,cab-a01,sensor-middle,front_middle,middle,inlet,21.68,normalized-temperature,good,t1850
2025-12-27T03:20:00Z,cab-a01,sensor-bottom,front_bottom,bottom,inlet,20.78,normalized-temperature,good,t1851
2025-12-27T03:25:00Z,cab-a01,sensor-top,front_top,top,inlet,22.775,normalized-temperature,good,t1852
2025-12-27T03:25:00Z,cab-a01,sensor-middle,front_middle,middle,inlet,21.675,normalized-temperature,good,t1853
2025-12-27T03:25:00Z,cab-a01,sensor-bottom,front_bottom,bottom,inlet,20.775,normalized-temperature,good,t1854
2025-12-27T03:30:00Z,cab-a01,sensor-top,front_top,top,inlet,22.771,normalized-temperature,good,t1855
2025-12-27T03:30:00Z,cab-a01,sensor-middle,front_middle,middle,inlet,21.671,normalized-temperature,good,t1856
2025-12-27T03:30:00Z,cab-a01,sensor-bottom,front_bottom,bottom,inlet,20.771,normalized-temperature,good,t1857
2025-12-27T03:35:00Z,cab-a01,sensor-top,front_top,top,inlet,22.766,normalized-temperature,good,t1858
2025-12-27T03:35:00Z,cab-a01,sensor-middle,front_middle,middle,inlet,21.666,normalized-temperature,good,t1859
2025-12-27T03:35:00Z,cab-a01,sensor-bottom,front_bottom,bottom,inlet,20.766,normalized-temperature,good,t1860
2025-12-27T03:40:00Z,cab-a01,sensor-top,front_top,top,inlet,22.762,normalized-temperature,good,t1861
2025-12-27T03:40:00Z,cab-a01,sensor-middle,front_middle,middle,inlet,21.662,normalized-temperature,good,t1862
2025-12-27T03:40:00Z,cab-a01,sensor-bottom,front_bottom,bottom,inlet,20.762,normalized-temperature,good,t1863
2025-12-27T03:45:00Z,cab-a01,sensor-top,front_top,top,inlet,22.758,normalized-temperature,good,t1864
2025-12-27T03:45:00Z,cab-a01,sensor-middle,front_middle,middle,inlet,21.658,normalized-temperature,good,t1865
2025-12-27T03:45:00Z,cab-a01,sensor-bottom,front_bottom,bottom,inlet,20.758,normalized-temperature,good,t1866
2025-12-27T03:50:00Z,cab-a01,sensor-top,front_top,top,inlet,22.754,normalized-temperature,good,t1867
2025-12-27T03:50:00Z,cab-a01,sensor-middle,front_middle,middle,inlet,21.654,normalized-temperature,good,t1868
2025-12-27T03:50:00Z,cab-a01,sensor-bottom,front_bottom,bottom,inlet,20.754,normalized-temperature,good,t1869
2025-12-27T03:55:00Z,cab-a01,sensor-top,front_top,top,inlet,22.751,normalized-temperature,good,t1870
2025-12-27T03:55:00Z,cab-a01,sensor-middle,front_middle,middle,inlet,21.651,normalized-temperature,good,t1871
2025-12-27T03:55:00Z,cab-a01,sensor-bottom,front_bottom,bottom,inlet,20.751,normalized-temperature,good,t1872
2025-12-27T04:00:00Z,cab-a01,sensor-top,front_top,top,inlet,22.748,normalized-temperature,good,t1873
2025-12-27T04:00:00Z,cab-a01,sensor-middle,front_middle,middle,inlet,21.648,normalized-temperature,good,t1874
2025-12-27T04:00:00Z,cab-a01,sensor-bottom,front_bottom,bottom,inlet,20.748,normalized-temperature,good,t1875
2025-12-27T04:05:00Z,cab-a01,sensor-top,front_top,top,inlet,22.746,normalized-temperature,good,t1876
2025-12-27T04:05:00Z,cab-a01,sensor-middle,front_middle,middle,inlet,21.646,normalized-temperature,good,t1877
2025-12-27T04:05:00Z,cab-a01,sensor-bottom,front_bottom,bottom,inlet,20.746,normalized-temperature,good,t1878
2025-12-27T04:10:00Z,cab-a01,sensor-top,front_top,top,inlet,22.745,normalized-temperature,good,t1879
2025-12-27T04:10:00Z,cab-a01,sensor-middle,front_middle,middle,inlet,21.645,normalized-temperature,good,t1880
2025-12-27T04:10:00Z,cab-a01,sensor-bottom,front_bottom,bottom,inlet,20.745,normalized-temperature,good,t1881
2025-12-27T04:15:00Z,cab-a01,sensor-top,front_top,top,inlet,22.744,normalized-temperature,good,t1882
2025-12-27T04:15:00Z,cab-a01,sensor-middle,front_middle,middle,inlet,21.644,normalized-temperature,good,t1883
2025-12-27T04:15:00Z,cab-a01,sensor-bottom,front_bottom,bottom,inlet,20.744,normalized-temperature,good,t1884
2025-12-27T04:20:00Z,cab-a01,sensor-top,front_top,top,inlet,22.744,normalized-temperature,good,t1885
2025-12-27T04:20:00Z,cab-a01,sensor-middle,front_middle,middle,inlet,21.644,normalized-temperature,good,t1886
2025-12-27T04:20:00Z,cab-a01,sensor-bottom,front_bottom,bottom,inlet,20.744,normalized-temperature,good,t1887
2025-12-27T04:25:00Z,cab-a01,sensor-top,front_top,top,inlet,22.744,normalized-temperature,good,t1888
2025-12-27T04:25:00Z,cab-a01,sensor-middle,front_middle,middle,inlet,21.644,normalized-temperature,good,t1889
2025-12-27T04:25:00Z,cab-a01,sensor-bottom,front_bottom,bottom,inlet,20.744,normalized-temperature,good,t1890
2025-12-27T04:30:00Z,cab-a01,sensor-top,front_top,top,inlet,22.745,normalized-temperature,good,t1891
2025-12-27T04:30:00Z,cab-a01,sensor-middle,front_middle,middle,inlet,21.645,normalized-temperature,good,t1892
2025-12-27T04:30:00Z,cab-a01,sensor-bottom,front_bottom,bottom,inlet,20.745,normalized-temperature,good,t1893
2025-12-27T04:35:00Z,cab-a01,sensor-top,front_top,top,inlet,22.747,normalized-temperature,good,t1894
2025-12-27T04:35:00Z,cab-a01,sensor-middle,front_middle,middle,inlet,21.647,normalized-temperature,good,t1895
2025-12-27T04:35:00Z,cab-a01,sensor-bottom,front_bottom,bottom,inlet,20.747,normalized-temperature,good,t1896
2025-12-27T04:40:00Z,cab-a01,sensor-top,front_top,top,inlet,22.749,normalized-temperature,good,t1897
2025-12-27T04:40:00Z,cab-a01,sensor-middle,front_middle,middle,inlet,21.649,normalized-temperature,good,t1898
2025-12-27T04:40:00Z,cab-a01,sensor-bottom,front_bottom,bottom,inlet,20.749,normalized-temperature,good,t1899
2025-12-27T04:45:00Z,cab-a01,sensor-top,front_top,top,inlet,22.752,normalized-temperature,good,t1900
2025-12-27T04:45:00Z,cab-a01,sensor-middle,front_middle,middle,inlet,21.652,normalized-temperature,good,t1901
2025-12-27T04:45:00Z,cab-a01,sensor-bottom,front_bottom,bottom,inlet,20.752,normalized-temperature,good,t1902
2025-12-27T04:50:00Z,cab-a01,sensor-top,front_top,top,inlet,22.756,normalized-temperature,good,t1903
2025-12-27T04:50:00Z,cab-a01,sensor-middle,front_middle,middle,inlet,21.656,normalized-temperature,good,t1904
2025-12-27T04:50:00Z,cab-a01,sensor-bottom,front_bottom,bottom,inlet,20.756,normalized-temperature,good,t1905
2025-12-27T04:55:00Z,cab-a01,sensor-top,front_top,top,inlet,22.76,normalized-temperature,good,t1906
2025-12-27T04:55:00Z,cab-a01,sensor-middle,front_middle,middle,inlet,21.66,normalized-temperature,good,t1907
2025-12-27T04:55:00Z,cab-a01,sensor-bottom,front_bottom,bottom,inlet,20.76,normalized-temperature,good,t1908
2025-12-27T05:00:00Z,cab-a01,sensor-top,front_top,top,inlet,22.765,normalized-temperature,good,t1909
2025-12-27T05:00:00Z,cab-a01,sensor-middle,front_middle,middle,inlet,21.665,normalized-temperature,good,t1910
2025-12-27T05:00:00Z,cab-a01,sensor-bottom,front_bottom,bottom,inlet,20.765,normalized-temperature,good,t1911
2025-12-27T05:05:00Z,cab-a01,sensor-top,front_top,top,inlet,22.77,normalized-temperature,good,t1912
2025-12-27T05:05:00Z,cab-a01,sensor-middle,front_middle,middle,inlet,21.67,normalized-temperature,good,t1913
2025-12-27T05:05:00Z,cab-a01,sensor-bottom,front_bottom,bottom,inlet,20.77,normalized-temperature,good,t1914
2025-12-27T05:10:00Z,cab-a01,sensor-top,front_top,top,inlet,22.776,normalized-temperature,good,t1915
2025-12-27T05:10:00Z,cab-a01,sensor-middle,front_middle,middle,inlet,21.676,normalized-temperature,good,t1916
2025-12-27T05:10:00Z,cab-a01,sensor-bottom,front_bottom,bottom,inlet,20.776,normalized-temperature,good,t1917
2025-12-27T05:15:00Z,cab-a01,sensor-top,front_top,top,inlet,22.782,normalized-temperature,good,t1918
2025-12-27T05:15:00Z,cab-a01,sensor-middle,front_middle,middle,inlet,21.682,normalized-temperature,good,t1919
2025-12-27T05:15:00Z,cab-a01,sensor-bottom,front_bottom,bottom,inlet,20.782,normalized-temperature,good,t1920
2025-12-27T05:20:00Z,cab-a01,sensor-top,front_top,top,inlet,22.789,normalized-temperature,good,t1921
2025-12-27T05:20:00Z,cab-a01,sensor-middle,front_middle,middle,inlet,21.689,normalized-temperature,good,t1922
2025-12-27T05:20:00Z,cab-a01,sensor-bottom,front_bottom,bottom,inlet,20.789,normalized-temperature,good,t1923
2025-12-27T05:25:00Z,cab-a01,sensor-top,front_top,top,inlet,22.796,normalized-temperature,good,t1924
2025-12-27T05:25:00Z,cab-a01,sensor-middle,front_middle,middle,inlet,21.696,normalized-temperature,good,t1925
2025-12-27T05:25:00Z,cab-a01,sensor-bottom,front_bottom,bottom,inlet,20.796,normalized-temperature,good,t1926
2025-12-27T05:30:00Z,cab-a01,sensor-top,front_top,top,inlet,22.803,normalized-temperature,good,t1927
2025-12-27T05:30:00Z,cab-a01,sensor-middle,front_middle,middle,inlet,21.703,normalized-temperature,good,t1928
2025-12-27T05:30:00Z,cab-a01,sensor-bottom,front_bottom,bottom,inlet,20.803,normalized-temperature,good,t1929
2025-12-27T05:35:00Z,cab-a01,sensor-top,front_top,top,inlet,22.81,normalized-temperature,good,t1930
2025-12-27T05:35:00Z,cab-a01,sensor-middle,front_middle,middle,inlet,21.71,normalized-temperature,good,t1931
2025-12-27T05:35:00Z,cab-a01,sensor-bottom,front_bottom,bottom,inlet,20.81,normalized-temperature,good,t1932
2025-12-27T05:40:00Z,cab-a01,sensor-top,front_top,top,inlet,22.818,normalized-temperature,good,t1933
2025-12-27T05:40:00Z,cab-a01,sensor-middle,front_middle,middle,inlet,21.718,normalized-temperature,good,t1934
2025-12-27T05:40:00Z,cab-a01,sensor-bottom,front_bottom,bottom,inlet,20.818,normalized-temperature,good,t1935
2025-12-27T05:45:00Z,cab-a01,sensor-top,front_top,top,inlet,22.826,normalized-temperature,good,t1936
2025-12-27T05:45:00Z,cab-a01,sensor-middle,front_middle,middle,inlet,21.726,normalized-temperature,good,t1937
2025-12-27T05:45:00Z,cab-a01,sensor-bottom,front_bottom,bottom,inlet,20.826,normalized-temperature,good,t1938
2025-12-27T05:50:00Z,cab-a01,sensor-top,front_top,top,inlet,22.834,normalized-temperature,good,t1939
2025-12-27T05:50:00Z,cab-a01,sensor-middle,front_middle,middle,inlet,21.734,normalized-temperature,good,t1940
2025-12-27T05:50:00Z,cab-a01,sensor-bottom,front_bottom,bottom,inlet,20.834,normalized-temperature,good,t1941
2025-12-27T05:55:00Z,cab-a01,sensor-top,front_top,top,inlet,22.841,normalized-temperature,good,t1942
2025-12-27T05:55:00Z,cab-a01,sensor-middle,front_middle,middle,inlet,21.741,normalized-temperature,good,t1943
2025-12-27T05:55:00Z,cab-a01,sensor-bottom,front_bottom,bottom,inlet,20.841,normalized-temperature,good,t1944
2025-12-27T06:00:00Z,cab-a01,sensor-top,front_top,top,inlet,22.849,normalized-temperature,good,t1945
2025-12-27T06:00:00Z,cab-a01,sensor-middle,front_middle,middle,inlet,21.749,normalized-temperature,good,t1946
2025-12-27T06:00:00Z,cab-a01,sensor-bottom,front_bottom,bottom,inlet,20.849,normalized-temperature,good,t1947
2025-12-27T06:05:00Z,cab-a01,sensor-top,front_top,top,inlet,22.857,normalized-temperature,good,t1948
2025-12-27T06:05:00Z,cab-a01,sensor-middle,front_middle,middle,inlet,21.757,normalized-temperature,good,t1949
2025-12-27T06:05:00Z,cab-a01,sensor-bottom,front_bottom,bottom,inlet,20.857,normalized-temperature,good,t1950
2025-12-27T06:10:00Z,cab-a01,sensor-top,front_top,top,inlet,22.864,normalized-temperature,good,t1951
2025-12-27T06:10:00Z,cab-a01,sensor-middle,front_middle,middle,inlet,21.764,normalized-temperature,good,t1952
2025-12-27T06:10:00Z,cab-a01,sensor-bottom,front_bottom,bottom,inlet,20.864,normalized-temperature,good,t1953
2025-12-27T06:15:00Z,cab-a01,sensor-top,front_top,top,inlet,22.871,normalized-temperature,good,t1954
2025-12-27T06:15:00Z,cab-a01,sensor-middle,front_middle,middle,inlet,21.771,normalized-temperature,good,t1955
2025-12-27T06:15:00Z,cab-a01,sensor-bottom,front_bottom,bottom,inlet,20.871,normalized-temperature,good,t1956
2025-12-27T06:20:00Z,cab-a01,sensor-top,front_top,top,inlet,22.877,normalized-temperature,good,t1957
2025-12-27T06:20:00Z,cab-a01,sensor-middle,front_middle,middle,inlet,21.777,normalized-temperature,good,t1958
2025-12-27T06:20:00Z,cab-a01,sensor-bottom,front_bottom,bottom,inlet,20.877,normalized-temperature,good,t1959
2025-12-27T06:25:00Z,cab-a01,sensor-top,front_top,top,inlet,22.883,normalized-temperature,good,t1960
2025-12-27T06:25:00Z,cab-a01,sensor-middle,front_middle,middle,inlet,21.783,normalized-temperature,good,t1961
2025-12-27T06:25:00Z,cab-a01,sensor-bottom,front_bottom,bottom,inlet,20.883,normalized-temperature,good,t1962
2025-12-27T06:30:00Z,cab-a01,sensor-top,front_top,top,inlet,22.889,normalized-temperature,good,t1963
2025-12-27T06:30:00Z,cab-a01,sensor-middle,front_middle,middle,inlet,21.789,normalized-temperature,good,t1964
2025-12-27T06:30:00Z,cab-a01,sensor-bottom,front_bottom,bottom,inlet,20.889,normalized-temperature,good,t1965
2025-12-27T06:35:00Z,cab-a01,sensor-top,front_top,top,inlet,22.894,normalized-temperature,good,t1966
2025-12-27T06:35:00Z,cab-a01,sensor-middle,front_middle,middle,inlet,21.794,normalized-temperature,good,t1967
2025-12-27T06:35:00Z,cab-a01,sensor-bottom,front_bottom,bottom,inlet,20.894,normalized-temperature,good,t1968
2025-12-27T06:40:00Z,cab-a01,sensor-top,front_top,top,inlet,22.898,normalized-temperature,good,t1969
2025-12-27T06:40:00Z,cab-a01,sensor-middle,front_middle,middle,inlet,21.798,normalized-temperature,good,t1970
2025-12-27T06:40:00Z,cab-a01,sensor-bottom,front_bottom,bottom,inlet,20.898,normalized-temperature,good,t1971
2025-12-27T06:45:00Z,cab-a01,sensor-top,front_top,top,inlet,22.902,normalized-temperature,good,t1972
2025-12-27T06:45:00Z,cab-a01,sensor-middle,front_middle,middle,inlet,21.802,normalized-temperature,good,t1973
2025-12-27T06:45:00Z,cab-a01,sensor-bottom,front_bottom,bottom,inlet,20.902,normalized-temperature,good,t1974
2025-12-27T06:50:00Z,cab-a01,sensor-top,front_top,top,inlet,22.904,normalized-temperature,good,t1975
2025-12-27T06:50:00Z,cab-a01,sensor-middle,front_middle,middle,inlet,21.804,normalized-temperature,good,t1976
2025-12-27T06:50:00Z,cab-a01,sensor-bottom,front_bottom,bottom,inlet,20.904,normalized-temperature,good,t1977
2025-12-27T06:55:00Z,cab-a01,sensor-top,front_top,top,inlet,22.906,normalized-temperature,good,t1978
2025-12-27T06:55:00Z,cab-a01,sensor-middle,front_middle,middle,inlet,21.806,normalized-temperature,good,t1979
2025-12-27T06:55:00Z,cab-a01,sensor-bottom,front_bottom,bottom,inlet,20.906,normalized-temperature,good,t1980
2025-12-27T07:00:00Z,cab-a01,sensor-top,front_top,top,inlet,22.907,normalized-temperature,good,t1981
2025-12-27T07:00:00Z,cab-a01,sensor-middle,front_middle,middle,inlet,21.807,normalized-temperature,good,t1982
2025-12-27T07:00:00Z,cab-a01,sensor-bottom,front_bottom,bottom,inlet,20.907,normalized-temperature,good,t1983
2025-12-27T07:05:00Z,cab-a01,sensor-top,front_top,top,inlet,22.908,normalized-temperature,good,t1984
2025-12-27T07:05:00Z,cab-a01,sensor-middle,front_middle,middle,inlet,21.808,normalized-temperature,good,t1985
2025-12-27T07:05:00Z,cab-a01,sensor-bottom,front_bottom,bottom,inlet,20.908,normalized-temperature,good,t1986
2025-12-27T07:10:00Z,cab-a01,sensor-top,front_top,top,inlet,22.907,normalized-temperature,good,t1987
2025-12-27T07:10:00Z,cab-a01,sensor-middle,front_middle,middle,inlet,21.807,normalized-temperature,good,t1988
2025-12-27T07:10:00Z,cab-a01,sensor-bottom,front_bottom,bottom,inlet,20.907,normalized-temperature,good,t1989
2025-12-27T07:15:00Z,cab-a01,sensor-top,front_top,top,inlet,22.905,normalized-temperature,good,t1990
2025-12-27T07:15:00Z,cab-a01,sensor-middle,front_middle,middle,inlet,21.805,normalized-temperature,good,t1991
2025-12-27T07:15:00Z,cab-a01,sensor-bottom,front_bottom,bottom,inlet,20.905,normalized-temperature,good,t1992
2025-12-27T07:20:00Z,cab-a01,sensor-top,front_top,top,inlet,22.903,normalized-temperature,good,t1993
2025-12-27T07:20:00Z,cab-a01,sensor-middle,front_middle,middle,inlet,21.803,normalized-temperature,good,t1994
2025-12-27T07:20:00Z,cab-a01,sensor-bottom,front_bottom,bottom,inlet,20.903,normalized-temperature,good,t1995
2025-12-27T07:25:00Z,cab-a01,sensor-top,front_top,top,inlet,22.899,normalized-temperature,good,t1996
2025-12-27T07:25:00Z,cab-a01,sensor-middle,front_middle,middle,inlet,21.799,normalized-temperature,good,t1997
2025-12-27T07:25:00Z,cab-a01,sensor-bottom,front_bottom,bottom,inlet,20.899,normalized-temperature,good,t1998
2025-12-27T07:30:00Z,cab-a01,sensor-top,front_top,top,inlet,22.895,normalized-temperature,good,t1999
2025-12-27T07:30:00Z,cab-a01,sensor-middle,front_middle,middle,inlet,21.795,normalized-temperature,good,t2000
2025-12-27T07:30:00Z,cab-a01,sensor-bottom,front_bottom,bottom,inlet,20.895,normalized-temperature,good,t2001
2025-12-27T07:35:00Z,cab-a01,sensor-top,front_top,top,inlet,22.889,normalized-temperature,good,t2002
2025-12-27T07:35:00Z,cab-a01,sensor-middle,front_middle,middle,inlet,21.789,normalized-temperature,good,t2003
2025-12-27T07:35:00Z,cab-a01,sensor-bottom,front_bottom,bottom,inlet,20.889,normalized-temperature,good,t2004
2025-12-27T07:40:00Z,cab-a01,sensor-top,front_top,top,inlet,22.883,normalized-temperature,good,t2005
2025-12-27T07:40:00Z,cab-a01,sensor-middle,front_middle,middle,inlet,21.783,normalized-temperature,good,t2006
2025-12-27T07:40:00Z,cab-a01,sensor-bottom,front_bottom,bottom,inlet,20.883,normalized-temperature,good,t2007
2025-12-27T07:45:00Z,cab-a01,sensor-top,front_top,top,inlet,22.875,normalized-temperature,good,t2008
2025-12-27T07:45:00Z,cab-a01,sensor-middle,front_middle,middle,inlet,21.775,normalized-temperature,good,t2009
2025-12-27T07:45:00Z,cab-a01,sensor-bottom,front_bottom,bottom,inlet,20.875,normalized-temperature,good,t2010
2025-12-27T07:50:00Z,cab-a01,sensor-top,front_top,top,inlet,22.867,normalized-temperature,good,t2011
2025-12-27T07:50:00Z,cab-a01,sensor-middle,front_middle,middle,inlet,21.767,normalized-temperature,good,t2012
2025-12-27T07:50:00Z,cab-a01,sensor-bottom,front_bottom,bottom,inlet,20.867,normalized-temperature,good,t2013
2025-12-27T07:55:00Z,cab-a01,sensor-top,front_top,top,inlet,22.857,normalized-temperature,good,t2014
2025-12-27T07:55:00Z,cab-a01,sensor-middle,front_middle,middle,inlet,21.757,normalized-temperature,good,t2015
2025-12-27T07:55:00Z,cab-a01,sensor-bottom,front_bottom,bottom,inlet,20.857,normalized-temperature,good,t2016
2025-12-27T08:00:00Z,cab-a01,sensor-top,front_top,top,inlet,22.847,normalized-temperature,good,t2017
2025-12-27T08:00:00Z,cab-a01,sensor-middle,front_middle,middle,inlet,21.747,normalized-temperature,good,t2018
2025-12-27T08:00:00Z,cab-a01,sensor-bottom,front_bottom,bottom,inlet,20.847,normalized-temperature,good,t2019
2025-12-27T08:05:00Z,cab-a01,sensor-top,front_top,top,inlet,22.836,normalized-temperature,good,t2020
2025-12-27T08:05:00Z,cab-a01,sensor-middle,front_middle,middle,inlet,21.736,normalized-temperature,good,t2021
2025-12-27T08:05:00Z,cab-a01,sensor-bottom,front_bottom,bottom,inlet,20.836,normalized-temperature,good,t2022
2025-12-27T08:10:00Z,cab-a01,sensor-top,front_top,top,inlet,22.824,normalized-temperature,good,t2023
2025-12-27T08:10:00Z,cab-a01,sensor-middle,front_middle,middle,inlet,21.724,normalized-temperature,good,t2024
2025-12-27T08:10:00Z,cab-a01,sensor-bottom,front_bottom,bottom,inlet,20.824,normalized-temperature,good,t2025
2025-12-27T08:15:00Z,cab-a01,sensor-top,front_top,top,inlet,22.811,normalized-temperature,good,t2026
2025-12-27T08:15:00Z,cab-a01,sensor-middle,front_middle,middle,inlet,21.711,normalized-temperature,good,t2027
2025-12-27T08:15:00Z,cab-a01,sensor-bottom,front_bottom,bottom,inlet,20.811,normalized-temperature,good,t2028
2025-12-27T08:20:00Z,cab-a01,sensor-top,front_top,top,inlet,22.797,normalized-temperature,good,t2029
2025-12-27T08:20:00Z,cab-a01,sensor-middle,front_middle,middle,inlet,21.697,normalized-temperature,good,t2030
2025-12-27T08:20:00Z,cab-a01,sensor-bottom,front_bottom,bottom,inlet,20.797,normalized-temperature,good,t2031
2025-12-27T08:25:00Z,cab-a01,sensor-top,front_top,top,inlet,22.783,normalized-temperature,good,t2032
2025-12-27T08:25:00Z,cab-a01,sensor-middle,front_middle,middle,inlet,21.683,normalized-temperature,good,t2033
2025-12-27T08:25:00Z,cab-a01,sensor-bottom,front_bottom,bottom,inlet,20.783,normalized-temperature,good,t2034
2025-12-27T08:30:00Z,cab-a01,sensor-top,front_top,top,inlet,22.769,normalized-temperature,good,t2035
2025-12-27T08:30:00Z,cab-a01,sensor-middle,front_middle,middle,inlet,21.669,normalized-temperature,good,t2036
2025-12-27T08:30:00Z,cab-a01,sensor-bottom,front_bottom,bottom,inlet,20.769,normalized-temperature,good,t2037
2025-12-27T08:35:00Z,cab-a01,sensor-top,front_top,top,inlet,22.753,normalized-temperature,good,t2038
2025-12-27T08:35:00Z,cab-a01,sensor-middle,front_middle,middle,inlet,21.653,normalized-temperature,good,t2039
2025-12-27T08:35:00Z,cab-a01,sensor-bottom,front_bottom,bottom,inlet,20.753,normalized-temperature,good,t2040
2025-12-27T08:40:00Z,cab-a01,sensor-top,front_top,top,inlet,22.738,normalized-temperature,good,t2041
2025-12-27T08:40:00Z,cab-a01,sensor-middle,front_middle,middle,inlet,21.638,normalized-temperature,good,t2042
2025-12-27T08:40:00Z,cab-a01,sensor-bottom,front_bottom,bottom,inlet,20.738,normalized-temperature,good,t2043
2025-12-27T08:45:00Z,cab-a01,sensor-top,front_top,top,inlet,22.721,normalized-temperature,good,t2044
2025-12-27T08:45:00Z,cab-a01,sensor-middle,front_middle,middle,inlet,21.621,normalized-temperature,good,t2045
2025-12-27T08:45:00Z,cab-a01,sensor-bottom,front_bottom,bottom,inlet,20.721,normalized-temperature,good,t2046
2025-12-27T08:50:00Z,cab-a01,sensor-top,front_top,top,inlet,22.705,normalized-temperature,good,t2047
2025-12-27T08:50:00Z,cab-a01,sensor-middle,front_middle,middle,inlet,21.605,normalized-temperature,good,t2048
2025-12-27T08:50:00Z,cab-a01,sensor-bottom,front_bottom,bottom,inlet,20.705,normalized-temperature,good,t2049
2025-12-27T08:55:00Z,cab-a01,sensor-top,front_top,top,inlet,22.688,normalized-temperature,good,t2050
2025-12-27T08:55:00Z,cab-a01,sensor-middle,front_middle,middle,inlet,21.588,normalized-temperature,good,t2051
2025-12-27T08:55:00Z,cab-a01,sensor-bottom,front_bottom,bottom,inlet,20.688,normalized-temperature,good,t2052
2025-12-27T09:00:00Z,cab-a01,sensor-top,front_top,top,inlet,22.671,normalized-temperature,good,t2053
2025-12-27T09:00:00Z,cab-a01,sensor-middle,front_middle,middle,inlet,21.571,normalized-temperature,good,t2054
2025-12-27T09:00:00Z,cab-a01,sensor-bottom,front_bottom,bottom,inlet,20.671,normalized-temperature,good,t2055
2025-12-27T09:05:00Z,cab-a01,sensor-top,front_top,top,inlet,22.654,normalized-temperature,good,t2056
2025-12-27T09:05:00Z,cab-a01,sensor-middle,front_middle,middle,inlet,21.554,normalized-temperature,good,t2057
2025-12-27T09:05:00Z,cab-a01,sensor-bottom,front_bottom,bottom,inlet,20.654,normalized-temperature,good,t2058
2025-12-27T09:10:00Z,cab-a01,sensor-top,front_top,top,inlet,22.637,normalized-temperature,good,t2059
2025-12-27T09:10:00Z,cab-a01,sensor-middle,front_middle,middle,inlet,21.537,normalized-temperature,good,t2060
2025-12-27T09:10:00Z,cab-a01,sensor-bottom,front_bottom,bottom,inlet,20.637,normalized-temperature,good,t2061
2025-12-27T09:15:00Z,cab-a01,sensor-top,front_top,top,inlet,22.62,normalized-temperature,good,t2062
2025-12-27T09:15:00Z,cab-a01,sensor-middle,front_middle,middle,inlet,21.52,normalized-temperature,good,t2063
2025-12-27T09:15:00Z,cab-a01,sensor-bottom,front_bottom,bottom,inlet,20.62,normalized-temperature,good,t2064
2025-12-27T09:20:00Z,cab-a01,sensor-top,front_top,top,inlet,22.604,normalized-temperature,good,t2065
2025-12-27T09:20:00Z,cab-a01,sensor-middle,front_middle,middle,inlet,21.504,normalized-temperature,good,t2066
2025-12-27T09:20:00Z,cab-a01,sensor-bottom,front_bottom,bottom,inlet,20.604,normalized-temperature,good,t2067
2025-12-27T09:25:00Z,cab-a01,sensor-top,front_top,top,inlet,22.587,normalized-temperature,good,t2068
2025-12-27T09:25:00Z,cab-a01,sensor-middle,front_middle,middle,inlet,21.487,normalized-temperature,good,t2069
2025-12-27T09:25:00Z,cab-a01,sensor-bottom,front_bottom,bottom,inlet,20.587,normalized-temperature,good,t2070
2025-12-27T09:30:00Z,cab-a01,sensor-top,front_top,top,inlet,22.571,normalized-temperature,good,t2071
2025-12-27T09:30:00Z,cab-a01,sensor-middle,front_middle,middle,inlet,21.471,normalized-temperature,good,t2072
2025-12-27T09:30:00Z,cab-a01,sensor-bottom,front_bottom,bottom,inlet,20.571,normalized-temperature,good,t2073
2025-12-27T09:35:00Z,cab-a01,sensor-top,front_top,top,inlet,22.555,normalized-temperature,good,t2074
2025-12-27T09:35:00Z,cab-a01,sensor-middle,front_middle,middle,inlet,21.455,normalized-temperature,good,t2075
2025-12-27T09:35:00Z,cab-a01,sensor-bottom,front_bottom,bottom,inlet,20.555,normalized-temperature,good,t2076
2025-12-27T09:40:00Z,cab-a01,sensor-top,front_top,top,inlet,22.539,normalized-temperature,good,t2077
2025-12-27T09:40:00Z,cab-a01,sensor-middle,front_middle,middle,inlet,21.439,normalized-temperature,good,t2078
2025-12-27T09:40:00Z,cab-a01,sensor-bottom,front_bottom,bottom,inlet,20.539,normalized-temperature,good,t2079
2025-12-27T09:45:00Z,cab-a01,sensor-top,front_top,top,inlet,22.524,normalized-temperature,good,t2080
2025-12-27T09:45:00Z,cab-a01,sensor-middle,front_middle,middle,inlet,21.424,normalized-temperature,good,t2081
2025-12-27T09:45:00Z,cab-a01,sensor-bottom,front_bottom,bottom,inlet,20.524,normalized-temperature,good,t2082
2025-12-27T09:50:00Z,cab-a01,sensor-top,front_top,top,inlet,22.509,normalized-temperature,good,t2083
2025-12-27T09:50:00Z,cab-a01,sensor-middle,front_middle,middle,inlet,21.409,normalized-temperature,good,t2084
2025-12-27T09:50:00Z,cab-a01,sensor-bottom,front_bottom,bottom,inlet,20.509,normalized-temperature,good,t2085
2025-12-27T09:55:00Z,cab-a01,sensor-top,front_top,top,inlet,22.495,normalized-temperature,good,t2086
2025-12-27T09:55:00Z,cab-a01,sensor-middle,front_middle,middle,inlet,21.395,normalized-temperature,good,t2087
2025-12-27T09:55:00Z,cab-a01,sensor-bottom,front_bottom,bottom,inlet,20.495,normalized-temperature,good,t2088
2025-12-27T10:00:00Z,cab-a01,sensor-top,front_top,top,inlet,22.482,normalized-temperature,good,t2089
2025-12-27T10:00:00Z,cab-a01,sensor-middle,front_middle,middle,inlet,21.382,normalized-temperature,good,t2090
2025-12-27T10:00:00Z,cab-a01,sensor-bottom,front_bottom,bottom,inlet,20.482,normalized-temperature,good,t2091
2025-12-27T10:05:00Z,cab-a01,sensor-top,front_top,top,inlet,22.469,normalized-temperature,good,t2092
2025-12-27T10:05:00Z,cab-a01,sensor-middle,front_middle,middle,inlet,21.369,normalized-temperature,good,t2093
2025-12-27T10:05:00Z,cab-a01,sensor-bottom,front_bottom,bottom,inlet,20.469,normalized-temperature,good,t2094
2025-12-27T10:10:00Z,cab-a01,sensor-top,front_top,top,inlet,22.457,normalized-temperature,good,t2095
2025-12-27T10:10:00Z,cab-a01,sensor-middle,front_middle,middle,inlet,21.357,normalized-temperature,good,t2096
2025-12-27T10:10:00Z,cab-a01,sensor-bottom,front_bottom,bottom,inlet,20.457,normalized-temperature,good,t2097
2025-12-27T10:15:00Z,cab-a01,sensor-top,front_top,top,inlet,22.446,normalized-temperature,good,t2098
2025-12-27T10:15:00Z,cab-a01,sensor-middle,front_middle,middle,inlet,21.346,normalized-temperature,good,t2099
2025-12-27T10:15:00Z,cab-a01,sensor-bottom,front_bottom,bottom,inlet,20.446,normalized-temperature,good,t2100
2025-12-27T10:20:00Z,cab-a01,sensor-top,front_top,top,inlet,22.435,normalized-temperature,good,t2101
2025-12-27T10:20:00Z,cab-a01,sensor-middle,front_middle,middle,inlet,21.335,normalized-temperature,good,t2102
2025-12-27T10:20:00Z,cab-a01,sensor-bottom,front_bottom,bottom,inlet,20.435,normalized-temperature,good,t2103
2025-12-27T10:25:00Z,cab-a01,sensor-top,front_top,top,inlet,22.425,normalized-temperature,good,t2104
2025-12-27T10:25:00Z,cab-a01,sensor-middle,front_middle,middle,inlet,21.325,normalized-temperature,good,t2105
2025-12-27T10:25:00Z,cab-a01,sensor-bottom,front_bottom,bottom,inlet,20.425,normalized-temperature,good,t2106
2025-12-27T10:30:00Z,cab-a01,sensor-top,front_top,top,inlet,22.416,normalized-temperature,good,t2107
2025-12-27T10:30:00Z,cab-a01,sensor-middle,front_middle,middle,inlet,21.316,normalized-temperature,good,t2108
2025-12-27T10:30:00Z,cab-a01,sensor-bottom,front_bottom,bottom,inlet,20.416,normalized-temperature,good,t2109
2025-12-27T10:35:00Z,cab-a01,sensor-top,front_top,top,inlet,22.408,normalized-temperature,good,t2110
2025-12-27T10:35:00Z,cab-a01,sensor-middle,front_middle,middle,inlet,21.308,normalized-temperature,good,t2111
2025-12-27T10:35:00Z,cab-a01,sensor-bottom,front_bottom,bottom,inlet,20.408,normalized-temperature,good,t2112
2025-12-27T10:40:00Z,cab-a01,sensor-top,front_top,top,inlet,22.401,normalized-temperature,good,t2113
2025-12-27T10:40:00Z,cab-a01,sensor-middle,front_middle,middle,inlet,21.301,normalized-temperature,good,t2114
2025-12-27T10:40:00Z,cab-a01,sensor-bottom,front_bottom,bottom,inlet,20.401,normalized-temperature,good,t2115
2025-12-27T10:45:00Z,cab-a01,sensor-top,front_top,top,inlet,22.394,normalized-temperature,good,t2116
2025-12-27T10:45:00Z,cab-a01,sensor-middle,front_middle,middle,inlet,21.294,normalized-temperature,good,t2117
2025-12-27T10:45:00Z,cab-a01,sensor-bottom,front_bottom,bottom,inlet,20.394,normalized-temperature,good,t2118
2025-12-27T10:50:00Z,cab-a01,sensor-top,front_top,top,inlet,22.389,normalized-temperature,good,t2119
2025-12-27T10:50:00Z,cab-a01,sensor-middle,front_middle,middle,inlet,21.289,normalized-temperature,good,t2120
2025-12-27T10:50:00Z,cab-a01,sensor-bottom,front_bottom,bottom,inlet,20.389,normalized-temperature,good,t2121
2025-12-27T10:55:00Z,cab-a01,sensor-top,front_top,top,inlet,22.384,normalized-temperature,good,t2122
2025-12-27T10:55:00Z,cab-a01,sensor-middle,front_middle,middle,inlet,21.284,normalized-temperature,good,t2123
2025-12-27T10:55:00Z,cab-a01,sensor-bottom,front_bottom,bottom,inlet,20.384,normalized-temperature,good,t2124
2025-12-27T11:00:00Z,cab-a01,sensor-top,front_top,top,inlet,22.38,normalized-temperature,good,t2125
2025-12-27T11:00:00Z,cab-a01,sensor-middle,front_middle,middle,inlet,21.28,normalized-temperature,good,t2126
2025-12-27T11:00:00Z,cab-a01,sensor-bottom,front_bottom,bottom,inlet,20.38,normalized-temperature,good,t2127
2025-12-27T11:05:00Z,cab-a01,sensor-top,front_top,top,inlet,22.376,normalized-temperature,good,t2128
2025-12-27T11:05:00Z,cab-a01,sensor-middle,front_middle,middle,inlet,21.276,normalized-temperature,good,t2129
2025-12-27T11:05:00Z,cab-a01,sensor-bottom,front_bottom,bottom,inlet,20.376,normalized-temperature,good,t2130
2025-12-27T11:10:00Z,cab-a01,sensor-top,front_top,top,inlet,22.373,normalized-temperature,good,t2131
2025-12-27T11:10:00Z,cab-a01,sensor-middle,front_middle,middle,inlet,21.273,normalized-temperature,good,t2132
2025-12-27T11:10:00Z,cab-a01,sensor-bottom,front_bottom,bottom,inlet,20.373,normalized-temperature,good,t2133
2025-12-27T11:15:00Z,cab-a01,sensor-top,front_top,top,inlet,22.371,normalized-temperature,good,t2134
2025-12-27T11:15:00Z,cab-a01,sensor-middle,front_middle,middle,inlet,21.271,normalized-temperature,good,t2135
2025-12-27T11:15:00Z,cab-a01,sensor-bottom,front_bottom,bottom,inlet,20.371,normalized-temperature,good,t2136
2025-12-27T11:20:00Z,cab-a01,sensor-top,front_top,top,inlet,22.37,normalized-temperature,good,t2137
2025-12-27T11:20:00Z,cab-a01,sensor-middle,front_middle,middle,inlet,21.27,normalized-temperature,good,t2138
2025-12-27T11:20:00Z,cab-a01,sensor-bottom,front_bottom,bottom,inlet,20.37,normalized-temperature,good,t2139
2025-12-27T11:25:00Z,cab-a01,sensor-top,front_top,top,inlet,22.369,normalized-temperature,good,t2140
2025-12-27T11:25:00Z,cab-a01,sensor-middle,front_middle,middle,inlet,21.269,normalized-temperature,good,t2141
2025-12-27T11:25:00Z,cab-a01,sensor-bottom,front_bottom,bottom,inlet,20.369,normalized-temperature,good,t2142
2025-12-27T11:30:00Z,cab-a01,sensor-top,front_top,top,inlet,22.368,normalized-temperature,good,t2143
2025-12-27T11:30:00Z,cab-a01,sensor-middle,front_middle,middle,inlet,21.268,normalized-temperature,good,t2144
2025-12-27T11:30:00Z,cab-a01,sensor-bottom,front_bottom,bottom,inlet,20.368,normalized-temperature,good,t2145
2025-12-27T11:35:00Z,cab-a01,sensor-top,front_top,top,inlet,22.368,normalized-temperature,good,t2146
2025-12-27T11:35:00Z,cab-a01,sensor-middle,front_middle,middle,inlet,21.268,normalized-temperature,good,t2147
2025-12-27T11:35:00Z,cab-a01,sensor-bottom,front_bottom,bottom,inlet,20.368,normalized-temperature,good,t2148
2025-12-27T11:40:00Z,cab-a01,sensor-top,front_top,top,inlet,22.368,normalized-temperature,good,t2149
2025-12-27T11:40:00Z,cab-a01,sensor-middle,front_middle,middle,inlet,21.268,normalized-temperature,good,t2150
2025-12-27T11:40:00Z,cab-a01,sensor-bottom,front_bottom,bottom,inlet,20.368,normalized-temperature,good,t2151
2025-12-27T11:45:00Z,cab-a01,sensor-top,front_top,top,inlet,22.369,normalized-temperature,good,t2152
2025-12-27T11:45:00Z,cab-a01,sensor-middle,front_middle,middle,inlet,21.269,normalized-temperature,good,t2153
2025-12-27T11:45:00Z,cab-a01,sensor-bottom,front_bottom,bottom,inlet,20.369,normalized-temperature,good,t2154
2025-12-27T11:50:00Z,cab-a01,sensor-top,front_top,top,inlet,22.37,normalized-temperature,good,t2155
2025-12-27T11:50:00Z,cab-a01,sensor-middle,front_middle,middle,inlet,21.27,normalized-temperature,good,t2156
2025-12-27T11:50:00Z,cab-a01,sensor-bottom,front_bottom,bottom,inlet,20.37,normalized-temperature,good,t2157
2025-12-27T11:55:00Z,cab-a01,sensor-top,front_top,top,inlet,22.371,normalized-temperature,good,t2158
2025-12-27T11:55:00Z,cab-a01,sensor-middle,front_middle,middle,inlet,21.271,normalized-temperature,good,t2159
2025-12-27T11:55:00Z,cab-a01,sensor-bottom,front_bottom,bottom,inlet,20.371,normalized-temperature,good,t2160
2025-12-27T12:00:00Z,cab-a01,sensor-top,front_top,top,inlet,22.372,normalized-temperature,good,t2161
2025-12-27T12:00:00Z,cab-a01,sensor-middle,front_middle,middle,inlet,21.272,normalized-temperature,good,t2162
2025-12-27T12:00:00Z,cab-a01,sensor-bottom,front_bottom,bottom,inlet,20.372,normalized-temperature,good,t2163
2025-12-27T12:05:00Z,cab-a01,sensor-top,front_top,top,inlet,22.373,normalized-temperature,good,t2164
2025-12-27T12:05:00Z,cab-a01,sensor-middle,front_middle,middle,inlet,21.273,normalized-temperature,good,t2165
2025-12-27T12:05:00Z,cab-a01,sensor-bottom,front_bottom,bottom,inlet,20.373,normalized-temperature,good,t2166
2025-12-27T12:10:00Z,cab-a01,sensor-top,front_top,top,inlet,22.374,normalized-temperature,good,t2167
2025-12-27T12:10:00Z,cab-a01,sensor-middle,front_middle,middle,inlet,21.274,normalized-temperature,good,t2168
2025-12-27T12:10:00Z,cab-a01,sensor-bottom,front_bottom,bottom,inlet,20.374,normalized-temperature,good,t2169
2025-12-27T12:15:00Z,cab-a01,sensor-top,front_top,top,inlet,22.376,normalized-temperature,good,t2170
2025-12-27T12:15:00Z,cab-a01,sensor-middle,front_middle,middle,inlet,21.276,normalized-temperature,good,t2171
2025-12-27T12:15:00Z,cab-a01,sensor-bottom,front_bottom,bottom,inlet,20.376,normalized-temperature,good,t2172
2025-12-27T12:20:00Z,cab-a01,sensor-top,front_top,top,inlet,22.376,normalized-temperature,good,t2173
2025-12-27T12:20:00Z,cab-a01,sensor-middle,front_middle,middle,inlet,21.276,normalized-temperature,good,t2174
2025-12-27T12:20:00Z,cab-a01,sensor-bottom,front_bottom,bottom,inlet,20.376,normalized-temperature,good,t2175
2025-12-27T12:25:00Z,cab-a01,sensor-top,front_top,top,inlet,22.377,normalized-temperature,good,t2176
2025-12-27T12:25:00Z,cab-a01,sensor-middle,front_middle,middle,inlet,21.277,normalized-temperature,good,t2177
2025-12-27T12:25:00Z,cab-a01,sensor-bottom,front_bottom,bottom,inlet,20.377,normalized-temperature,good,t2178
2025-12-27T12:30:00Z,cab-a01,sensor-top,front_top,top,inlet,22.378,normalized-temperature,good,t2179
2025-12-27T12:30:00Z,cab-a01,sensor-middle,front_middle,middle,inlet,21.278,normalized-temperature,good,t2180
2025-12-27T12:30:00Z,cab-a01,sensor-bottom,front_bottom,bottom,inlet,20.378,normalized-temperature,good,t2181
2025-12-27T12:35:00Z,cab-a01,sensor-top,front_top,top,inlet,22.378,normalized-temperature,good,t2182
2025-12-27T12:35:00Z,cab-a01,sensor-middle,front_middle,middle,inlet,21.278,normalized-temperature,good,t2183
2025-12-27T12:35:00Z,cab-a01,sensor-bottom,front_bottom,bottom,inlet,20.378,normalized-temperature,good,t2184
2025-12-27T12:40:00Z,cab-a01,sensor-top,front_top,top,inlet,22.377,normalized-temperature,good,t2185
2025-12-27T12:40:00Z,cab-a01,sensor-middle,front_middle,middle,inlet,21.277,normalized-temperature,good,t2186
2025-12-27T12:40:00Z,cab-a01,sensor-bottom,front_bottom,bottom,inlet,20.377,normalized-temperature,good,t2187
2025-12-27T12:45:00Z,cab-a01,sensor-top,front_top,top,inlet,22.376,normalized-temperature,good,t2188
2025-12-27T12:45:00Z,cab-a01,sensor-middle,front_middle,middle,inlet,21.276,normalized-temperature,good,t2189
2025-12-27T12:45:00Z,cab-a01,sensor-bottom,front_bottom,bottom,inlet,20.376,normalized-temperature,good,t2190
2025-12-27T12:50:00Z,cab-a01,sensor-top,front_top,top,inlet,22.375,normalized-temperature,good,t2191
2025-12-27T12:50:00Z,cab-a01,sensor-middle,front_middle,middle,inlet,21.275,normalized-temperature,good,t2192
2025-12-27T12:50:00Z,cab-a01,sensor-bottom,front_bottom,bottom,inlet,20.375,normalized-temperature,good,t2193
2025-12-27T12:55:00Z,cab-a01,sensor-top,front_top,top,inlet,22.373,normalized-temperature,good,t2194
2025-12-27T12:55:00Z,cab-a01,sensor-middle,front_middle,middle,inlet,21.273,normalized-temperature,good,t2195
2025-12-27T12:55:00Z,cab-a01,sensor-bottom,front_bottom,bottom,inlet,20.373,normalized-temperature,good,t2196
2025-12-27T13:00:00Z,cab-a01,sensor-top,front_top,top,inlet,22.371,normalized-temperature,good,t2197
2025-12-27T13:00:00Z,cab-a01,sensor-middle,front_middle,middle,inlet,21.271,normalized-temperature,good,t2198
2025-12-27T13:00:00Z,cab-a01,sensor-bottom,front_bottom,bottom,inlet,20.371,normalized-temperature,good,t2199
2025-12-27T13:05:00Z,cab-a01,sensor-top,front_top,top,inlet,22.368,normalized-temperature,good,t2200
2025-12-27T13:05:00Z,cab-a01,sensor-middle,front_middle,middle,inlet,21.268,normalized-temperature,good,t2201
2025-12-27T13:05:00Z,cab-a01,sensor-bottom,front_bottom,bottom,inlet,20.368,normalized-temperature,good,t2202
2025-12-27T13:10:00Z,cab-a01,sensor-top,front_top,top,inlet,22.364,normalized-temperature,good,t2203
2025-12-27T13:10:00Z,cab-a01,sensor-middle,front_middle,middle,inlet,21.264,normalized-temperature,good,t2204
2025-12-27T13:10:00Z,cab-a01,sensor-bottom,front_bottom,bottom,inlet,20.364,normalized-temperature,good,t2205
2025-12-27T13:15:00Z,cab-a01,sensor-top,front_top,top,inlet,22.359,normalized-temperature,good,t2206
2025-12-27T13:15:00Z,cab-a01,sensor-middle,front_middle,middle,inlet,21.259,normalized-temperature,good,t2207
2025-12-27T13:15:00Z,cab-a01,sensor-bottom,front_bottom,bottom,inlet,20.359,normalized-temperature,good,t2208
2025-12-27T13:20:00Z,cab-a01,sensor-top,front_top,top,inlet,22.354,normalized-temperature,good,t2209
2025-12-27T13:20:00Z,cab-a01,sensor-middle,front_middle,middle,inlet,21.254,normalized-temperature,good,t2210
2025-12-27T13:20:00Z,cab-a01,sensor-bottom,front_bottom,bottom,inlet,20.354,normalized-temperature,good,t2211
2025-12-27T13:25:00Z,cab-a01,sensor-top,front_top,top,inlet,22.348,normalized-temperature,good,t2212
2025-12-27T13:25:00Z,cab-a01,sensor-middle,front_middle,middle,inlet,21.248,normalized-temperature,good,t2213
2025-12-27T13:25:00Z,cab-a01,sensor-bottom,front_bottom,bottom,inlet,20.348,normalized-temperature,good,t2214
2025-12-27T13:30:00Z,cab-a01,sensor-top,front_top,top,inlet,22.342,normalized-temperature,good,t2215
2025-12-27T13:30:00Z,cab-a01,sensor-middle,front_middle,middle,inlet,21.242,normalized-temperature,good,t2216
2025-12-27T13:30:00Z,cab-a01,sensor-bottom,front_bottom,bottom,inlet,20.342,normalized-temperature,good,t2217
2025-12-27T13:35:00Z,cab-a01,sensor-top,front_top,top,inlet,22.334,normalized-temperature,good,t2218
2025-12-27T13:35:00Z,cab-a01,sensor-middle,front_middle,middle,inlet,21.234,normalized-temperature,good,t2219
2025-12-27T13:35:00Z,cab-a01,sensor-bottom,front_bottom,bottom,inlet,20.334,normalized-temperature,good,t2220
2025-12-27T13:40:00Z,cab-a01,sensor-top,front_top,top,inlet,22.326,normalized-temperature,good,t2221
2025-12-27T13:40:00Z,cab-a01,sensor-middle,front_middle,middle,inlet,21.226,normalized-temperature,good,t2222
2025-12-27T13:40:00Z,cab-a01,sensor-bottom,front_bottom,bottom,inlet,20.326,normalized-temperature,good,t2223
2025-12-27T13:45:00Z,cab-a01,sensor-top,front_top,top,inlet,22.317,normalized-temperature,good,t2224
2025-12-27T13:45:00Z,cab-a01,sensor-middle,front_middle,middle,inlet,21.217,normalized-temperature,good,t2225
2025-12-27T13:45:00Z,cab-a01,sensor-bottom,front_bottom,bottom,inlet,20.317,normalized-temperature,good,t2226
2025-12-27T13:50:00Z,cab-a01,sensor-top,front_top,top,inlet,22.308,normalized-temperature,good,t2227
2025-12-27T13:50:00Z,cab-a01,sensor-middle,front_middle,middle,inlet,21.208,normalized-temperature,good,t2228
2025-12-27T13:50:00Z,cab-a01,sensor-bottom,front_bottom,bottom,inlet,20.308,normalized-temperature,good,t2229
2025-12-27T13:55:00Z,cab-a01,sensor-top,front_top,top,inlet,22.298,normalized-temperature,good,t2230
2025-12-27T13:55:00Z,cab-a01,sensor-middle,front_middle,middle,inlet,21.198,normalized-temperature,good,t2231
2025-12-27T13:55:00Z,cab-a01,sensor-bottom,front_bottom,bottom,inlet,20.298,normalized-temperature,good,t2232
2025-12-27T14:00:00Z,cab-a01,sensor-top,front_top,top,inlet,22.287,normalized-temperature,good,t2233
2025-12-27T14:00:00Z,cab-a01,sensor-middle,front_middle,middle,inlet,21.187,normalized-temperature,good,t2234
2025-12-27T14:00:00Z,cab-a01,sensor-bottom,front_bottom,bottom,inlet,20.287,normalized-temperature,good,t2235
2025-12-27T14:05:00Z,cab-a01,sensor-top,front_top,top,inlet,22.276,normalized-temperature,good,t2236
2025-12-27T14:05:00Z,cab-a01,sensor-middle,front_middle,middle,inlet,21.176,normalized-temperature,good,t2237
2025-12-27T14:05:00Z,cab-a01,sensor-bottom,front_bottom,bottom,inlet,20.276,normalized-temperature,good,t2238
2025-12-27T14:10:00Z,cab-a01,sensor-top,front_top,top,inlet,22.264,normalized-temperature,good,t2239
2025-12-27T14:10:00Z,cab-a01,sensor-middle,front_middle,middle,inlet,21.164,normalized-temperature,good,t2240
2025-12-27T14:10:00Z,cab-a01,sensor-bottom,front_bottom,bottom,inlet,20.264,normalized-temperature,good,t2241
2025-12-27T14:15:00Z,cab-a01,sensor-top,front_top,top,inlet,22.251,normalized-temperature,good,t2242
2025-12-27T14:15:00Z,cab-a01,sensor-middle,front_middle,middle,inlet,21.151,normalized-temperature,good,t2243
2025-12-27T14:15:00Z,cab-a01,sensor-bottom,front_bottom,bottom,inlet,20.251,normalized-temperature,good,t2244
2025-12-27T14:20:00Z,cab-a01,sensor-top,front_top,top,inlet,22.239,normalized-temperature,good,t2245
2025-12-27T14:20:00Z,cab-a01,sensor-middle,front_middle,middle,inlet,21.139,normalized-temperature,good,t2246
2025-12-27T14:20:00Z,cab-a01,sensor-bottom,front_bottom,bottom,inlet,20.239,normalized-temperature,good,t2247
2025-12-27T14:25:00Z,cab-a01,sensor-top,front_top,top,inlet,22.225,normalized-temperature,good,t2248
2025-12-27T14:25:00Z,cab-a01,sensor-middle,front_middle,middle,inlet,21.125,normalized-temperature,good,t2249
2025-12-27T14:25:00Z,cab-a01,sensor-bottom,front_bottom,bottom,inlet,20.225,normalized-temperature,good,t2250
2025-12-27T14:30:00Z,cab-a01,sensor-top,front_top,top,inlet,22.212,normalized-temperature,good,t2251
2025-12-27T14:30:00Z,cab-a01,sensor-middle,front_middle,middle,inlet,21.112,normalized-temperature,good,t2252
2025-12-27T14:30:00Z,cab-a01,sensor-bottom,front_bottom,bottom,inlet,20.212,normalized-temperature,good,t2253
2025-12-27T14:35:00Z,cab-a01,sensor-top,front_top,top,inlet,22.198,normalized-temperature,good,t2254
2025-12-27T14:35:00Z,cab-a01,sensor-middle,front_middle,middle,inlet,21.098,normalized-temperature,good,t2255
2025-12-27T14:35:00Z,cab-a01,sensor-bottom,front_bottom,bottom,inlet,20.198,normalized-temperature,good,t2256
2025-12-27T14:40:00Z,cab-a01,sensor-top,front_top,top,inlet,22.184,normalized-temperature,good,t2257
2025-12-27T14:40:00Z,cab-a01,sensor-middle,front_middle,middle,inlet,21.084,normalized-temperature,good,t2258
2025-12-27T14:40:00Z,cab-a01,sensor-bottom,front_bottom,bottom,inlet,20.184,normalized-temperature,good,t2259
2025-12-27T14:45:00Z,cab-a01,sensor-top,front_top,top,inlet,22.169,normalized-temperature,good,t2260
2025-12-27T14:45:00Z,cab-a01,sensor-middle,front_middle,middle,inlet,21.069,normalized-temperature,good,t2261
2025-12-27T14:45:00Z,cab-a01,sensor-bottom,front_bottom,bottom,inlet,20.169,normalized-temperature,good,t2262
2025-12-27T14:50:00Z,cab-a01,sensor-top,front_top,top,inlet,22.155,normalized-temperature,good,t2263
2025-12-27T14:50:00Z,cab-a01,sensor-middle,front_middle,middle,inlet,21.055,normalized-temperature,good,t2264
2025-12-27T14:50:00Z,cab-a01,sensor-bottom,front_bottom,bottom,inlet,20.155,normalized-temperature,good,t2265
2025-12-27T14:55:00Z,cab-a01,sensor-top,front_top,top,inlet,22.141,normalized-temperature,good,t2266
2025-12-27T14:55:00Z,cab-a01,sensor-middle,front_middle,middle,inlet,21.041,normalized-temperature,good,t2267
2025-12-27T14:55:00Z,cab-a01,sensor-bottom,front_bottom,bottom,inlet,20.141,normalized-temperature,good,t2268
2025-12-27T15:00:00Z,cab-a01,sensor-top,front_top,top,inlet,22.127,normalized-temperature,good,t2269
2025-12-27T15:00:00Z,cab-a01,sensor-middle,front_middle,middle,inlet,21.027,normalized-temperature,good,t2270
2025-12-27T15:00:00Z,cab-a01,sensor-bottom,front_bottom,bottom,inlet,20.127,normalized-temperature,good,t2271
2025-12-27T15:05:00Z,cab-a01,sensor-top,front_top,top,inlet,22.113,normalized-temperature,good,t2272
2025-12-27T15:05:00Z,cab-a01,sensor-middle,front_middle,middle,inlet,21.013,normalized-temperature,good,t2273
2025-12-27T15:05:00Z,cab-a01,sensor-bottom,front_bottom,bottom,inlet,20.113,normalized-temperature,good,t2274
2025-12-27T15:10:00Z,cab-a01,sensor-top,front_top,top,inlet,22.099,normalized-temperature,good,t2275
2025-12-27T15:10:00Z,cab-a01,sensor-middle,front_middle,middle,inlet,20.999,normalized-temperature,good,t2276
2025-12-27T15:10:00Z,cab-a01,sensor-bottom,front_bottom,bottom,inlet,20.099,normalized-temperature,good,t2277
2025-12-27T15:15:00Z,cab-a01,sensor-top,front_top,top,inlet,22.085,normalized-temperature,good,t2278
2025-12-27T15:15:00Z,cab-a01,sensor-middle,front_middle,middle,inlet,20.985,normalized-temperature,good,t2279
2025-12-27T15:15:00Z,cab-a01,sensor-bottom,front_bottom,bottom,inlet,20.085,normalized-temperature,good,t2280
2025-12-27T15:20:00Z,cab-a01,sensor-top,front_top,top,inlet,22.072,normalized-temperature,good,t2281
2025-12-27T15:20:00Z,cab-a01,sensor-middle,front_middle,middle,inlet,20.972,normalized-temperature,good,t2282
2025-12-27T15:20:00Z,cab-a01,sensor-bottom,front_bottom,bottom,inlet,20.072,normalized-temperature,good,t2283
2025-12-27T15:25:00Z,cab-a01,sensor-top,front_top,top,inlet,22.06,normalized-temperature,good,t2284
2025-12-27T15:25:00Z,cab-a01,sensor-middle,front_middle,middle,inlet,20.96,normalized-temperature,good,t2285
2025-12-27T15:25:00Z,cab-a01,sensor-bottom,front_bottom,bottom,inlet,20.06,normalized-temperature,good,t2286
2025-12-27T15:30:00Z,cab-a01,sensor-top,front_top,top,inlet,22.047,normalized-temperature,good,t2287
2025-12-27T15:30:00Z,cab-a01,sensor-middle,front_middle,middle,inlet,20.947,normalized-temperature,good,t2288
2025-12-27T15:30:00Z,cab-a01,sensor-bottom,front_bottom,bottom,inlet,20.047,normalized-temperature,good,t2289
2025-12-27T15:35:00Z,cab-a01,sensor-top,front_top,top,inlet,22.036,normalized-temperature,good,t2290
2025-12-27T15:35:00Z,cab-a01,sensor-middle,front_middle,middle,inlet,20.936,normalized-temperature,good,t2291
2025-12-27T15:35:00Z,cab-a01,sensor-bottom,front_bottom,bottom,inlet,20.036,normalized-temperature,good,t2292
2025-12-27T15:40:00Z,cab-a01,sensor-top,front_top,top,inlet,22.025,normalized-temperature,good,t2293
2025-12-27T15:40:00Z,cab-a01,sensor-middle,front_middle,middle,inlet,20.925,normalized-temperature,good,t2294
2025-12-27T15:40:00Z,cab-a01,sensor-bottom,front_bottom,bottom,inlet,20.025,normalized-temperature,good,t2295
2025-12-27T15:45:00Z,cab-a01,sensor-top,front_top,top,inlet,22.015,normalized-temperature,good,t2296
2025-12-27T15:45:00Z,cab-a01,sensor-middle,front_middle,middle,inlet,20.915,normalized-temperature,good,t2297
2025-12-27T15:45:00Z,cab-a01,sensor-bottom,front_bottom,bottom,inlet,20.015,normalized-temperature,good,t2298
2025-12-27T15:50:00Z,cab-a01,sensor-top,front_top,top,inlet,22.006,normalized-temperature,good,t2299
2025-12-27T15:50:00Z,cab-a01,sensor-middle,front_middle,middle,inlet,20.906,normalized-temperature,good,t2300
2025-12-27T15:50:00Z,cab-a01,sensor-bottom,front_bottom,bottom,inlet,20.006,normalized-temperature,good,t2301
2025-12-27T15:55:00Z,cab-a01,sensor-top,front_top,top,inlet,21.997,normalized-temperature,good,t2302
2025-12-27T15:55:00Z,cab-a01,sensor-middle,front_middle,middle,inlet,20.897,normalized-temperature,good,t2303
2025-12-27T15:55:00Z,cab-a01,sensor-bottom,front_bottom,bottom,inlet,19.997,normalized-temperature,good,t2304
2025-12-27T16:00:00Z,cab-a01,sensor-top,front_top,top,inlet,21.989,normalized-temperature,good,t2305
2025-12-27T16:00:00Z,cab-a01,sensor-middle,front_middle,middle,inlet,20.889,normalized-temperature,good,t2306
2025-12-27T16:00:00Z,cab-a01,sensor-bottom,front_bottom,bottom,inlet,19.989,normalized-temperature,good,t2307
2025-12-27T16:05:00Z,cab-a01,sensor-top,front_top,top,inlet,21.982,normalized-temperature,good,t2308
2025-12-27T16:05:00Z,cab-a01,sensor-middle,front_middle,middle,inlet,20.882,normalized-temperature,good,t2309
2025-12-27T16:05:00Z,cab-a01,sensor-bottom,front_bottom,bottom,inlet,19.982,normalized-temperature,good,t2310
2025-12-27T16:10:00Z,cab-a01,sensor-top,front_top,top,inlet,21.977,normalized-temperature,good,t2311
2025-12-27T16:10:00Z,cab-a01,sensor-middle,front_middle,middle,inlet,20.877,normalized-temperature,good,t2312
2025-12-27T16:10:00Z,cab-a01,sensor-bottom,front_bottom,bottom,inlet,19.977,normalized-temperature,good,t2313
2025-12-27T16:15:00Z,cab-a01,sensor-top,front_top,top,inlet,21.972,normalized-temperature,good,t2314
2025-12-27T16:15:00Z,cab-a01,sensor-middle,front_middle,middle,inlet,20.872,normalized-temperature,good,t2315
2025-12-27T16:15:00Z,cab-a01,sensor-bottom,front_bottom,bottom,inlet,19.972,normalized-temperature,good,t2316
2025-12-27T16:20:00Z,cab-a01,sensor-top,front_top,top,inlet,21.968,normalized-temperature,good,t2317
2025-12-27T16:20:00Z,cab-a01,sensor-middle,front_middle,middle,inlet,20.868,normalized-temperature,good,t2318
2025-12-27T16:20:00Z,cab-a01,sensor-bottom,front_bottom,bottom,inlet,19.968,normalized-temperature,good,t2319
2025-12-27T16:25:00Z,cab-a01,sensor-top,front_top,top,inlet,21.965,normalized-temperature,good,t2320
2025-12-27T16:25:00Z,cab-a01,sensor-middle,front_middle,middle,inlet,20.865,normalized-temperature,good,t2321
2025-12-27T16:25:00Z,cab-a01,sensor-bottom,front_bottom,bottom,inlet,19.965,normalized-temperature,good,t2322
2025-12-27T16:30:00Z,cab-a01,sensor-top,front_top,top,inlet,21.963,normalized-temperature,good,t2323
2025-12-27T16:30:00Z,cab-a01,sensor-middle,front_middle,middle,inlet,20.863,normalized-temperature,good,t2324
2025-12-27T16:30:00Z,cab-a01,sensor-bottom,front_bottom,bottom,inlet,19.963,normalized-temperature,good,t2325
2025-12-27T16:35:00Z,cab-a01,sensor-top,front_top,top,inlet,21.962,normalized-temperature,good,t2326
2025-12-27T16:35:00Z,cab-a01,sensor-middle,front_middle,middle,inlet,20.862,normalized-temperature,good,t2327
2025-12-27T16:35:00Z,cab-a01,sensor-bottom,front_bottom,bottom,inlet,19.962,normalized-temperature,good,t2328
2025-12-27T16:40:00Z,cab-a01,sensor-top,front_top,top,inlet,21.962,normalized-temperature,good,t2329
2025-12-27T16:40:00Z,cab-a01,sensor-middle,front_middle,middle,inlet,20.862,normalized-temperature,good,t2330
2025-12-27T16:40:00Z,cab-a01,sensor-bottom,front_bottom,bottom,inlet,19.962,normalized-temperature,good,t2331
2025-12-27T16:45:00Z,cab-a01,sensor-top,front_top,top,inlet,21.964,normalized-temperature,good,t2332
2025-12-27T16:45:00Z,cab-a01,sensor-middle,front_middle,middle,inlet,20.864,normalized-temperature,good,t2333
2025-12-27T16:45:00Z,cab-a01,sensor-bottom,front_bottom,bottom,inlet,19.964,normalized-temperature,good,t2334
2025-12-27T16:50:00Z,cab-a01,sensor-top,front_top,top,inlet,21.966,normalized-temperature,good,t2335
2025-12-27T16:50:00Z,cab-a01,sensor-middle,front_middle,middle,inlet,20.866,normalized-temperature,good,t2336
2025-12-27T16:50:00Z,cab-a01,sensor-bottom,front_bottom,bottom,inlet,19.966,normalized-temperature,good,t2337
2025-12-27T16:55:00Z,cab-a01,sensor-top,front_top,top,inlet,21.969,normalized-temperature,good,t2338
2025-12-27T16:55:00Z,cab-a01,sensor-middle,front_middle,middle,inlet,20.869,normalized-temperature,good,t2339
2025-12-27T16:55:00Z,cab-a01,sensor-bottom,front_bottom,bottom,inlet,19.969,normalized-temperature,good,t2340
2025-12-27T17:00:00Z,cab-a01,sensor-top,front_top,top,inlet,21.973,normalized-temperature,good,t2341
2025-12-27T17:00:00Z,cab-a01,sensor-middle,front_middle,middle,inlet,20.873,normalized-temperature,good,t2342
2025-12-27T17:00:00Z,cab-a01,sensor-bottom,front_bottom,bottom,inlet,19.973,normalized-temperature,good,t2343
2025-12-27T17:05:00Z,cab-a01,sensor-top,front_top,top,inlet,21.978,normalized-temperature,good,t2344
2025-12-27T17:05:00Z,cab-a01,sensor-middle,front_middle,middle,inlet,20.878,normalized-temperature,good,t2345
2025-12-27T17:05:00Z,cab-a01,sensor-bottom,front_bottom,bottom,inlet,19.978,normalized-temperature,good,t2346
2025-12-27T17:10:00Z,cab-a01,sensor-top,front_top,top,inlet,21.984,normalized-temperature,good,t2347
2025-12-27T17:10:00Z,cab-a01,sensor-middle,front_middle,middle,inlet,20.884,normalized-temperature,good,t2348
2025-12-27T17:10:00Z,cab-a01,sensor-bottom,front_bottom,bottom,inlet,19.984,normalized-temperature,good,t2349
2025-12-27T17:15:00Z,cab-a01,sensor-top,front_top,top,inlet,21.991,normalized-temperature,good,t2350
2025-12-27T17:15:00Z,cab-a01,sensor-middle,front_middle,middle,inlet,20.891,normalized-temperature,good,t2351
2025-12-27T17:15:00Z,cab-a01,sensor-bottom,front_bottom,bottom,inlet,19.991,normalized-temperature,good,t2352
2025-12-27T17:20:00Z,cab-a01,sensor-top,front_top,top,inlet,21.998,normalized-temperature,good,t2353
2025-12-27T17:20:00Z,cab-a01,sensor-middle,front_middle,middle,inlet,20.898,normalized-temperature,good,t2354
2025-12-27T17:20:00Z,cab-a01,sensor-bottom,front_bottom,bottom,inlet,19.998,normalized-temperature,good,t2355
2025-12-27T17:25:00Z,cab-a01,sensor-top,front_top,top,inlet,22.006,normalized-temperature,good,t2356
2025-12-27T17:25:00Z,cab-a01,sensor-middle,front_middle,middle,inlet,20.906,normalized-temperature,good,t2357
2025-12-27T17:25:00Z,cab-a01,sensor-bottom,front_bottom,bottom,inlet,20.006,normalized-temperature,good,t2358
2025-12-27T17:30:00Z,cab-a01,sensor-top,front_top,top,inlet,22.015,normalized-temperature,good,t2359
2025-12-27T17:30:00Z,cab-a01,sensor-middle,front_middle,middle,inlet,20.915,normalized-temperature,good,t2360
2025-12-27T17:30:00Z,cab-a01,sensor-bottom,front_bottom,bottom,inlet,20.015,normalized-temperature,good,t2361
2025-12-27T17:35:00Z,cab-a01,sensor-top,front_top,top,inlet,22.025,normalized-temperature,good,t2362
2025-12-27T17:35:00Z,cab-a01,sensor-middle,front_middle,middle,inlet,20.925,normalized-temperature,good,t2363
2025-12-27T17:35:00Z,cab-a01,sensor-bottom,front_bottom,bottom,inlet,20.025,normalized-temperature,good,t2364
2025-12-27T17:40:00Z,cab-a01,sensor-top,front_top,top,inlet,22.035,normalized-temperature,good,t2365
2025-12-27T17:40:00Z,cab-a01,sensor-middle,front_middle,middle,inlet,20.935,normalized-temperature,good,t2366
2025-12-27T17:40:00Z,cab-a01,sensor-bottom,front_bottom,bottom,inlet,20.035,normalized-temperature,good,t2367
2025-12-27T17:45:00Z,cab-a01,sensor-top,front_top,top,inlet,22.045,normalized-temperature,good,t2368
2025-12-27T17:45:00Z,cab-a01,sensor-middle,front_middle,middle,inlet,20.945,normalized-temperature,good,t2369
2025-12-27T17:45:00Z,cab-a01,sensor-bottom,front_bottom,bottom,inlet,20.045,normalized-temperature,good,t2370
2025-12-27T17:50:00Z,cab-a01,sensor-top,front_top,top,inlet,22.056,normalized-temperature,good,t2371
2025-12-27T17:50:00Z,cab-a01,sensor-middle,front_middle,middle,inlet,20.956,normalized-temperature,good,t2372
2025-12-27T17:50:00Z,cab-a01,sensor-bottom,front_bottom,bottom,inlet,20.056,normalized-temperature,good,t2373
2025-12-27T17:55:00Z,cab-a01,sensor-top,front_top,top,inlet,22.067,normalized-temperature,good,t2374
2025-12-27T17:55:00Z,cab-a01,sensor-middle,front_middle,middle,inlet,20.967,normalized-temperature,good,t2375
2025-12-27T17:55:00Z,cab-a01,sensor-bottom,front_bottom,bottom,inlet,20.067,normalized-temperature,good,t2376
2025-12-27T18:00:00Z,cab-a01,sensor-top,front_top,top,inlet,22.079,normalized-temperature,good,t2377
2025-12-27T18:00:00Z,cab-a01,sensor-middle,front_middle,middle,inlet,20.979,normalized-temperature,good,t2378
2025-12-27T18:00:00Z,cab-a01,sensor-bottom,front_bottom,bottom,inlet,20.079,normalized-temperature,good,t2379
2025-12-27T18:05:00Z,cab-a01,sensor-top,front_top,top,inlet,22.091,normalized-temperature,good,t2380
2025-12-27T18:05:00Z,cab-a01,sensor-middle,front_middle,middle,inlet,20.991,normalized-temperature,good,t2381
2025-12-27T18:05:00Z,cab-a01,sensor-bottom,front_bottom,bottom,inlet,20.091,normalized-temperature,good,t2382
2025-12-27T18:10:00Z,cab-a01,sensor-top,front_top,top,inlet,22.102,normalized-temperature,good,t2383
2025-12-27T18:10:00Z,cab-a01,sensor-middle,front_middle,middle,inlet,21.002,normalized-temperature,good,t2384
2025-12-27T18:10:00Z,cab-a01,sensor-bottom,front_bottom,bottom,inlet,20.102,normalized-temperature,good,t2385
2025-12-27T18:15:00Z,cab-a01,sensor-top,front_top,top,inlet,22.114,normalized-temperature,good,t2386
2025-12-27T18:15:00Z,cab-a01,sensor-middle,front_middle,middle,inlet,21.014,normalized-temperature,good,t2387
2025-12-27T18:15:00Z,cab-a01,sensor-bottom,front_bottom,bottom,inlet,20.114,normalized-temperature,good,t2388
2025-12-27T18:20:00Z,cab-a01,sensor-top,front_top,top,inlet,22.126,normalized-temperature,good,t2389
2025-12-27T18:20:00Z,cab-a01,sensor-middle,front_middle,middle,inlet,21.026,normalized-temperature,good,t2390
2025-12-27T18:20:00Z,cab-a01,sensor-bottom,front_bottom,bottom,inlet,20.126,normalized-temperature,good,t2391
2025-12-27T18:25:00Z,cab-a01,sensor-top,front_top,top,inlet,22.138,normalized-temperature,good,t2392
2025-12-27T18:25:00Z,cab-a01,sensor-middle,front_middle,middle,inlet,21.038,normalized-temperature,good,t2393
2025-12-27T18:25:00Z,cab-a01,sensor-bottom,front_bottom,bottom,inlet,20.138,normalized-temperature,good,t2394
2025-12-27T18:30:00Z,cab-a01,sensor-top,front_top,top,inlet,22.149,normalized-temperature,good,t2395
2025-12-27T18:30:00Z,cab-a01,sensor-middle,front_middle,middle,inlet,21.049,normalized-temperature,good,t2396
2025-12-27T18:30:00Z,cab-a01,sensor-bottom,front_bottom,bottom,inlet,20.149,normalized-temperature,good,t2397
2025-12-27T18:35:00Z,cab-a01,sensor-top,front_top,top,inlet,22.16,normalized-temperature,good,t2398
2025-12-27T18:35:00Z,cab-a01,sensor-middle,front_middle,middle,inlet,21.06,normalized-temperature,good,t2399
2025-12-27T18:35:00Z,cab-a01,sensor-bottom,front_bottom,bottom,inlet,20.16,normalized-temperature,good,t2400
2025-12-27T18:40:00Z,cab-a01,sensor-top,front_top,top,inlet,22.171,normalized-temperature,good,t2401
2025-12-27T18:40:00Z,cab-a01,sensor-middle,front_middle,middle,inlet,21.071,normalized-temperature,good,t2402
2025-12-27T18:40:00Z,cab-a01,sensor-bottom,front_bottom,bottom,inlet,20.171,normalized-temperature,good,t2403
2025-12-27T18:45:00Z,cab-a01,sensor-top,front_top,top,inlet,22.182,normalized-temperature,good,t2404
2025-12-27T18:45:00Z,cab-a01,sensor-middle,front_middle,middle,inlet,21.082,normalized-temperature,good,t2405
2025-12-27T18:45:00Z,cab-a01,sensor-bottom,front_bottom,bottom,inlet,20.182,normalized-temperature,good,t2406
2025-12-27T18:50:00Z,cab-a01,sensor-top,front_top,top,inlet,22.192,normalized-temperature,good,t2407
2025-12-27T18:50:00Z,cab-a01,sensor-middle,front_middle,middle,inlet,21.092,normalized-temperature,good,t2408
2025-12-27T18:50:00Z,cab-a01,sensor-bottom,front_bottom,bottom,inlet,20.192,normalized-temperature,good,t2409
2025-12-27T18:55:00Z,cab-a01,sensor-top,front_top,top,inlet,22.202,normalized-temperature,good,t2410
2025-12-27T18:55:00Z,cab-a01,sensor-middle,front_middle,middle,inlet,21.102,normalized-temperature,good,t2411
2025-12-27T18:55:00Z,cab-a01,sensor-bottom,front_bottom,bottom,inlet,20.202,normalized-temperature,good,t2412
2025-12-27T19:00:00Z,cab-a01,sensor-top,front_top,top,inlet,22.211,normalized-temperature,good,t2413
2025-12-27T19:00:00Z,cab-a01,sensor-middle,front_middle,middle,inlet,21.111,normalized-temperature,good,t2414
2025-12-27T19:00:00Z,cab-a01,sensor-bottom,front_bottom,bottom,inlet,20.211,normalized-temperature,good,t2415
2025-12-27T19:05:00Z,cab-a01,sensor-top,front_top,top,inlet,22.22,normalized-temperature,good,t2416
2025-12-27T19:05:00Z,cab-a01,sensor-middle,front_middle,middle,inlet,21.12,normalized-temperature,good,t2417
2025-12-27T19:05:00Z,cab-a01,sensor-bottom,front_bottom,bottom,inlet,20.22,normalized-temperature,good,t2418
2025-12-27T19:10:00Z,cab-a01,sensor-top,front_top,top,inlet,22.228,normalized-temperature,good,t2419
2025-12-27T19:10:00Z,cab-a01,sensor-middle,front_middle,middle,inlet,21.128,normalized-temperature,good,t2420
2025-12-27T19:10:00Z,cab-a01,sensor-bottom,front_bottom,bottom,inlet,20.228,normalized-temperature,good,t2421
2025-12-27T19:15:00Z,cab-a01,sensor-top,front_top,top,inlet,22.235,normalized-temperature,good,t2422
2025-12-27T19:15:00Z,cab-a01,sensor-middle,front_middle,middle,inlet,21.135,normalized-temperature,good,t2423
2025-12-27T19:15:00Z,cab-a01,sensor-bottom,front_bottom,bottom,inlet,20.235,normalized-temperature,good,t2424
2025-12-27T19:20:00Z,cab-a01,sensor-top,front_top,top,inlet,22.242,normalized-temperature,good,t2425
2025-12-27T19:20:00Z,cab-a01,sensor-middle,front_middle,middle,inlet,21.142,normalized-temperature,good,t2426
2025-12-27T19:20:00Z,cab-a01,sensor-bottom,front_bottom,bottom,inlet,20.242,normalized-temperature,good,t2427
2025-12-27T19:25:00Z,cab-a01,sensor-top,front_top,top,inlet,22.248,normalized-temperature,good,t2428
2025-12-27T19:25:00Z,cab-a01,sensor-middle,front_middle,middle,inlet,21.148,normalized-temperature,good,t2429
2025-12-27T19:25:00Z,cab-a01,sensor-bottom,front_bottom,bottom,inlet,20.248,normalized-temperature,good,t2430
2025-12-27T19:30:00Z,cab-a01,sensor-top,front_top,top,inlet,22.253,normalized-temperature,good,t2431
2025-12-27T19:30:00Z,cab-a01,sensor-middle,front_middle,middle,inlet,21.153,normalized-temperature,good,t2432
2025-12-27T19:30:00Z,cab-a01,sensor-bottom,front_bottom,bottom,inlet,20.253,normalized-temperature,good,t2433
2025-12-27T19:35:00Z,cab-a01,sensor-top,front_top,top,inlet,22.258,normalized-temperature,good,t2434
2025-12-27T19:35:00Z,cab-a01,sensor-middle,front_middle,middle,inlet,21.158,normalized-temperature,good,t2435
2025-12-27T19:35:00Z,cab-a01,sensor-bottom,front_bottom,bottom,inlet,20.258,normalized-temperature,good,t2436
2025-12-27T19:40:00Z,cab-a01,sensor-top,front_top,top,inlet,22.262,normalized-temperature,good,t2437
2025-12-27T19:40:00Z,cab-a01,sensor-middle,front_middle,middle,inlet,21.162,normalized-temperature,good,t2438
2025-12-27T19:40:00Z,cab-a01,sensor-bottom,front_bottom,bottom,inlet,20.262,normalized-temperature,good,t2439
2025-12-27T19:45:00Z,cab-a01,sensor-top,front_top,top,inlet,22.265,normalized-temperature,good,t2440
2025-12-27T19:45:00Z,cab-a01,sensor-middle,front_middle,middle,inlet,21.165,normalized-temperature,good,t2441
2025-12-27T19:45:00Z,cab-a01,sensor-bottom,front_bottom,bottom,inlet,20.265,normalized-temperature,good,t2442
2025-12-27T19:50:00Z,cab-a01,sensor-top,front_top,top,inlet,22.268,normalized-temperature,good,t2443
2025-12-27T19:50:00Z,cab-a01,sensor-middle,front_middle,middle,inlet,21.168,normalized-temperature,good,t2444
2025-12-27T19:50:00Z,cab-a01,sensor-bottom,front_bottom,bottom,inlet,20.268,normalized-temperature,good,t2445
2025-12-27T19:55:00Z,cab-a01,sensor-top,front_top,top,inlet,22.27,normalized-temperature,good,t2446
2025-12-27T19:55:00Z,cab-a01,sensor-middle,front_middle,middle,inlet,21.17,normalized-temperature,good,t2447
2025-12-27T19:55:00Z,cab-a01,sensor-bottom,front_bottom,bottom,inlet,20.27,normalized-temperature,good,t2448
2025-12-27T20:00:00Z,cab-a01,sensor-top,front_top,top,inlet,22.272,normalized-temperature,good,t2449
2025-12-27T20:00:00Z,cab-a01,sensor-middle,front_middle,middle,inlet,21.172,normalized-temperature,good,t2450
2025-12-27T20:00:00Z,cab-a01,sensor-bottom,front_bottom,bottom,inlet,20.272,normalized-temperature,good,t2451
2025-12-27T20:05:00Z,cab-a01,sensor-top,front_top,top,inlet,22.273,normalized-temperature,good,t2452
2025-12-27T20:05:00Z,cab-a01,sensor-middle,front_middle,middle,inlet,21.173,normalized-temperature,good,t2453
2025-12-27T20:05:00Z,cab-a01,sensor-bottom,front_bottom,bottom,inlet,20.273,normalized-temperature,good,t2454
2025-12-27T20:10:00Z,cab-a01,sensor-top,front_top,top,inlet,22.273,normalized-temperature,good,t2455
2025-12-27T20:10:00Z,cab-a01,sensor-middle,front_middle,middle,inlet,21.173,normalized-temperature,good,t2456
2025-12-27T20:10:00Z,cab-a01,sensor-bottom,front_bottom,bottom,inlet,20.273,normalized-temperature,good,t2457
2025-12-27T20:15:00Z,cab-a01,sensor-top,front_top,top,inlet,22.273,normalized-temperature,good,t2458
2025-12-27T20:15:00Z,cab-a01,sensor-middle,front_middle,middle,inlet,21.173,normalized-temperature,good,t2459
2025-12-27T20:15:00Z,cab-a01,sensor-bottom,front_bottom,bottom,inlet,20.273,normalized-temperature,good,t2460
2025-12-27T20:20:00Z,cab-a01,sensor-top,front_top,top,inlet,22.272,normalized-temperature,good,t2461
2025-12-27T20:20:00Z,cab-a01,sensor-middle,front_middle,middle,inlet,21.172,normalized-temperature,good,t2462
2025-12-27T20:20:00Z,cab-a01,sensor-bottom,front_bottom,bottom,inlet,20.272,normalized-temperature,good,t2463
2025-12-27T20:25:00Z,cab-a01,sensor-top,front_top,top,inlet,22.271,normalized-temperature,good,t2464
2025-12-27T20:25:00Z,cab-a01,sensor-middle,front_middle,middle,inlet,21.171,normalized-temperature,good,t2465
2025-12-27T20:25:00Z,cab-a01,sensor-bottom,front_bottom,bottom,inlet,20.271,normalized-temperature,good,t2466
2025-12-27T20:30:00Z,cab-a01,sensor-top,front_top,top,inlet,22.269,normalized-temperature,good,t2467
2025-12-27T20:30:00Z,cab-a01,sensor-middle,front_middle,middle,inlet,21.169,normalized-temperature,good,t2468
2025-12-27T20:30:00Z,cab-a01,sensor-bottom,front_bottom,bottom,inlet,20.269,normalized-temperature,good,t2469
2025-12-27T20:35:00Z,cab-a01,sensor-top,front_top,top,inlet,22.268,normalized-temperature,good,t2470
2025-12-27T20:35:00Z,cab-a01,sensor-middle,front_middle,middle,inlet,21.168,normalized-temperature,good,t2471
2025-12-27T20:35:00Z,cab-a01,sensor-bottom,front_bottom,bottom,inlet,20.268,normalized-temperature,good,t2472
2025-12-27T20:40:00Z,cab-a01,sensor-top,front_top,top,inlet,22.266,normalized-temperature,good,t2473
2025-12-27T20:40:00Z,cab-a01,sensor-middle,front_middle,middle,inlet,21.166,normalized-temperature,good,t2474
2025-12-27T20:40:00Z,cab-a01,sensor-bottom,front_bottom,bottom,inlet,20.266,normalized-temperature,good,t2475
2025-12-27T20:45:00Z,cab-a01,sensor-top,front_top,top,inlet,22.264,normalized-temperature,good,t2476
2025-12-27T20:45:00Z,cab-a01,sensor-middle,front_middle,middle,inlet,21.164,normalized-temperature,good,t2477
2025-12-27T20:45:00Z,cab-a01,sensor-bottom,front_bottom,bottom,inlet,20.264,normalized-temperature,good,t2478
2025-12-27T20:50:00Z,cab-a01,sensor-top,front_top,top,inlet,22.261,normalized-temperature,good,t2479
2025-12-27T20:50:00Z,cab-a01,sensor-middle,front_middle,middle,inlet,21.161,normalized-temperature,good,t2480
2025-12-27T20:50:00Z,cab-a01,sensor-bottom,front_bottom,bottom,inlet,20.261,normalized-temperature,good,t2481
2025-12-27T20:55:00Z,cab-a01,sensor-top,front_top,top,inlet,22.259,normalized-temperature,good,t2482
2025-12-27T20:55:00Z,cab-a01,sensor-middle,front_middle,middle,inlet,21.159,normalized-temperature,good,t2483
2025-12-27T20:55:00Z,cab-a01,sensor-bottom,front_bottom,bottom,inlet,20.259,normalized-temperature,good,t2484
2025-12-27T21:00:00Z,cab-a01,sensor-top,front_top,top,inlet,22.257,normalized-temperature,good,t2485
2025-12-27T21:00:00Z,cab-a01,sensor-middle,front_middle,middle,inlet,21.157,normalized-temperature,good,t2486
2025-12-27T21:00:00Z,cab-a01,sensor-bottom,front_bottom,bottom,inlet,20.257,normalized-temperature,good,t2487
2025-12-27T21:05:00Z,cab-a01,sensor-top,front_top,top,inlet,22.254,normalized-temperature,good,t2488
2025-12-27T21:05:00Z,cab-a01,sensor-middle,front_middle,middle,inlet,21.154,normalized-temperature,good,t2489
2025-12-27T21:05:00Z,cab-a01,sensor-bottom,front_bottom,bottom,inlet,20.254,normalized-temperature,good,t2490
2025-12-27T21:10:00Z,cab-a01,sensor-top,front_top,top,inlet,22.252,normalized-temperature,good,t2491
2025-12-27T21:10:00Z,cab-a01,sensor-middle,front_middle,middle,inlet,21.152,normalized-temperature,good,t2492
2025-12-27T21:10:00Z,cab-a01,sensor-bottom,front_bottom,bottom,inlet,20.252,normalized-temperature,good,t2493
2025-12-27T21:15:00Z,cab-a01,sensor-top,front_top,top,inlet,22.251,normalized-temperature,good,t2494
2025-12-27T21:15:00Z,cab-a01,sensor-middle,front_middle,middle,inlet,21.151,normalized-temperature,good,t2495
2025-12-27T21:15:00Z,cab-a01,sensor-bottom,front_bottom,bottom,inlet,20.251,normalized-temperature,good,t2496
2025-12-27T21:20:00Z,cab-a01,sensor-top,front_top,top,inlet,22.249,normalized-temperature,good,t2497
2025-12-27T21:20:00Z,cab-a01,sensor-middle,front_middle,middle,inlet,21.149,normalized-temperature,good,t2498
2025-12-27T21:20:00Z,cab-a01,sensor-bottom,front_bottom,bottom,inlet,20.249,normalized-temperature,good,t2499
2025-12-27T21:25:00Z,cab-a01,sensor-top,front_top,top,inlet,22.248,normalized-temperature,good,t2500
2025-12-27T21:25:00Z,cab-a01,sensor-middle,front_middle,middle,inlet,21.148,normalized-temperature,good,t2501
2025-12-27T21:25:00Z,cab-a01,sensor-bottom,front_bottom,bottom,inlet,20.248,normalized-temperature,good,t2502
2025-12-27T21:30:00Z,cab-a01,sensor-top,front_top,top,inlet,22.247,normalized-temperature,good,t2503
2025-12-27T21:30:00Z,cab-a01,sensor-middle,front_middle,middle,inlet,21.147,normalized-temperature,good,t2504
2025-12-27T21:30:00Z,cab-a01,sensor-bottom,front_bottom,bottom,inlet,20.247,normalized-temperature,good,t2505
2025-12-27T21:35:00Z,cab-a01,sensor-top,front_top,top,inlet,22.247,normalized-temperature,good,t2506
2025-12-27T21:35:00Z,cab-a01,sensor-middle,front_middle,middle,inlet,21.147,normalized-temperature,good,t2507
2025-12-27T21:35:00Z,cab-a01,sensor-bottom,front_bottom,bottom,inlet,20.247,normalized-temperature,good,t2508
2025-12-27T21:40:00Z,cab-a01,sensor-top,front_top,top,inlet,22.248,normalized-temperature,good,t2509
2025-12-27T21:40:00Z,cab-a01,sensor-middle,front_middle,middle,inlet,21.148,normalized-temperature,good,t2510
2025-12-27T21:40:00Z,cab-a01,sensor-bottom,front_bottom,bottom,inlet,20.248,normalized-temperature,good,t2511
2025-12-27T21:45:00Z,cab-a01,sensor-top,front_top,top,inlet,22.249,normalized-temperature,good,t2512
2025-12-27T21:45:00Z,cab-a01,sensor-middle,front_middle,middle,inlet,21.149,normalized-temperature,good,t2513
2025-12-27T21:45:00Z,cab-a01,sensor-bottom,front_bottom,bottom,inlet,20.249,normalized-temperature,good,t2514
2025-12-27T21:50:00Z,cab-a01,sensor-top,front_top,top,inlet,22.25,normalized-temperature,good,t2515
2025-12-27T21:50:00Z,cab-a01,sensor-middle,front_middle,middle,inlet,21.15,normalized-temperature,good,t2516
2025-12-27T21:50:00Z,cab-a01,sensor-bottom,front_bottom,bottom,inlet,20.25,normalized-temperature,good,t2517
2025-12-27T21:55:00Z,cab-a01,sensor-top,front_top,top,inlet,22.253,normalized-temperature,good,t2518
2025-12-27T21:55:00Z,cab-a01,sensor-middle,front_middle,middle,inlet,21.153,normalized-temperature,good,t2519
2025-12-27T21:55:00Z,cab-a01,sensor-bottom,front_bottom,bottom,inlet,20.253,normalized-temperature,good,t2520
2025-12-27T22:00:00Z,cab-a01,sensor-top,front_top,top,inlet,22.256,normalized-temperature,good,t2521
2025-12-27T22:00:00Z,cab-a01,sensor-middle,front_middle,middle,inlet,21.156,normalized-temperature,good,t2522
2025-12-27T22:00:00Z,cab-a01,sensor-bottom,front_bottom,bottom,inlet,20.256,normalized-temperature,good,t2523
2025-12-27T22:05:00Z,cab-a01,sensor-top,front_top,top,inlet,22.26,normalized-temperature,good,t2524
2025-12-27T22:05:00Z,cab-a01,sensor-middle,front_middle,middle,inlet,21.16,normalized-temperature,good,t2525
2025-12-27T22:05:00Z,cab-a01,sensor-bottom,front_bottom,bottom,inlet,20.26,normalized-temperature,good,t2526
2025-12-27T22:10:00Z,cab-a01,sensor-top,front_top,top,inlet,22.264,normalized-temperature,good,t2527
2025-12-27T22:10:00Z,cab-a01,sensor-middle,front_middle,middle,inlet,21.164,normalized-temperature,good,t2528
2025-12-27T22:10:00Z,cab-a01,sensor-bottom,front_bottom,bottom,inlet,20.264,normalized-temperature,good,t2529
2025-12-27T22:15:00Z,cab-a01,sensor-top,front_top,top,inlet,22.27,normalized-temperature,good,t2530
2025-12-27T22:15:00Z,cab-a01,sensor-middle,front_middle,middle,inlet,21.17,normalized-temperature,good,t2531
2025-12-27T22:15:00Z,cab-a01,sensor-bottom,front_bottom,bottom,inlet,20.27,normalized-temperature,good,t2532
2025-12-27T22:20:00Z,cab-a01,sensor-top,front_top,top,inlet,22.276,normalized-temperature,good,t2533
2025-12-27T22:20:00Z,cab-a01,sensor-middle,front_middle,middle,inlet,21.176,normalized-temperature,good,t2534
2025-12-27T22:20:00Z,cab-a01,sensor-bottom,front_bottom,bottom,inlet,20.276,normalized-temperature,good,t2535
2025-12-27T22:25:00Z,cab-a01,sensor-top,front_top,top,inlet,22.283,normalized-temperature,good,t2536
2025-12-27T22:25:00Z,cab-a01,sensor-middle,front_middle,middle,inlet,21.183,normalized-temperature,good,t2537
2025-12-27T22:25:00Z,cab-a01,sensor-bottom,front_bottom,bottom,inlet,20.283,normalized-temperature,good,t2538
2025-12-27T22:30:00Z,cab-a01,sensor-top,front_top,top,inlet,22.292,normalized-temperature,good,t2539
2025-12-27T22:30:00Z,cab-a01,sensor-middle,front_middle,middle,inlet,21.192,normalized-temperature,good,t2540
2025-12-27T22:30:00Z,cab-a01,sensor-bottom,front_bottom,bottom,inlet,20.292,normalized-temperature,good,t2541
2025-12-27T22:35:00Z,cab-a01,sensor-top,front_top,top,inlet,22.301,normalized-temperature,good,t2542
2025-12-27T22:35:00Z,cab-a01,sensor-middle,front_middle,middle,inlet,21.201,normalized-temperature,good,t2543
2025-12-27T22:35:00Z,cab-a01,sensor-bottom,front_bottom,bottom,inlet,20.301,normalized-temperature,good,t2544
2025-12-27T22:40:00Z,cab-a01,sensor-top,front_top,top,inlet,22.31,normalized-temperature,good,t2545
2025-12-27T22:40:00Z,cab-a01,sensor-middle,front_middle,middle,inlet,21.21,normalized-temperature,good,t2546
2025-12-27T22:40:00Z,cab-a01,sensor-bottom,front_bottom,bottom,inlet,20.31,normalized-temperature,good,t2547
2025-12-27T22:45:00Z,cab-a01,sensor-top,front_top,top,inlet,22.321,normalized-temperature,good,t2548
2025-12-27T22:45:00Z,cab-a01,sensor-middle,front_middle,middle,inlet,21.221,normalized-temperature,good,t2549
2025-12-27T22:45:00Z,cab-a01,sensor-bottom,front_bottom,bottom,inlet,20.321,normalized-temperature,good,t2550
2025-12-27T22:50:00Z,cab-a01,sensor-top,front_top,top,inlet,22.332,normalized-temperature,good,t2551
2025-12-27T22:50:00Z,cab-a01,sensor-middle,front_middle,middle,inlet,21.232,normalized-temperature,good,t2552
2025-12-27T22:50:00Z,cab-a01,sensor-bottom,front_bottom,bottom,inlet,20.332,normalized-temperature,good,t2553
2025-12-27T22:55:00Z,cab-a01,sensor-top,front_top,top,inlet,22.345,normalized-temperature,good,t2554
2025-12-27T22:55:00Z,cab-a01,sensor-middle,front_middle,middle,inlet,21.245,normalized-temperature,good,t2555
2025-12-27T22:55:00Z,cab-a01,sensor-bottom,front_bottom,bottom,inlet,20.345,normalized-temperature,good,t2556
2025-12-27T23:00:00Z,cab-a01,sensor-top,front_top,top,inlet,22.358,normalized-temperature,good,t2557
2025-12-27T23:00:00Z,cab-a01,sensor-middle,front_middle,middle,inlet,21.258,normalized-temperature,good,t2558
2025-12-27T23:00:00Z,cab-a01,sensor-bottom,front_bottom,bottom,inlet,20.358,normalized-temperature,good,t2559
2025-12-27T23:05:00Z,cab-a01,sensor-top,front_top,top,inlet,22.372,normalized-temperature,good,t2560
2025-12-27T23:05:00Z,cab-a01,sensor-middle,front_middle,middle,inlet,21.272,normalized-temperature,good,t2561
2025-12-27T23:05:00Z,cab-a01,sensor-bottom,front_bottom,bottom,inlet,20.372,normalized-temperature,good,t2562
2025-12-27T23:10:00Z,cab-a01,sensor-top,front_top,top,inlet,22.386,normalized-temperature,good,t2563
2025-12-27T23:10:00Z,cab-a01,sensor-middle,front_middle,middle,inlet,21.286,normalized-temperature,good,t2564
2025-12-27T23:10:00Z,cab-a01,sensor-bottom,front_bottom,bottom,inlet,20.386,normalized-temperature,good,t2565
2025-12-27T23:15:00Z,cab-a01,sensor-top,front_top,top,inlet,22.401,normalized-temperature,good,t2566
2025-12-27T23:15:00Z,cab-a01,sensor-middle,front_middle,middle,inlet,21.301,normalized-temperature,good,t2567
2025-12-27T23:15:00Z,cab-a01,sensor-bottom,front_bottom,bottom,inlet,20.401,normalized-temperature,good,t2568
2025-12-27T23:20:00Z,cab-a01,sensor-top,front_top,top,inlet,22.417,normalized-temperature,good,t2569
2025-12-27T23:20:00Z,cab-a01,sensor-middle,front_middle,middle,inlet,21.317,normalized-temperature,good,t2570
2025-12-27T23:20:00Z,cab-a01,sensor-bottom,front_bottom,bottom,inlet,20.417,normalized-temperature,good,t2571
2025-12-27T23:25:00Z,cab-a01,sensor-top,front_top,top,inlet,22.433,normalized-temperature,good,t2572
2025-12-27T23:25:00Z,cab-a01,sensor-middle,front_middle,middle,inlet,21.333,normalized-temperature,good,t2573
2025-12-27T23:25:00Z,cab-a01,sensor-bottom,front_bottom,bottom,inlet,20.433,normalized-temperature,good,t2574
2025-12-27T23:30:00Z,cab-a01,sensor-top,front_top,top,inlet,22.45,normalized-temperature,good,t2575
2025-12-27T23:30:00Z,cab-a01,sensor-middle,front_middle,middle,inlet,21.35,normalized-temperature,good,t2576
2025-12-27T23:30:00Z,cab-a01,sensor-bottom,front_bottom,bottom,inlet,20.45,normalized-temperature,good,t2577
2025-12-27T23:35:00Z,cab-a01,sensor-top,front_top,top,inlet,22.467,normalized-temperature,good,t2578
2025-12-27T23:35:00Z,cab-a01,sensor-middle,front_middle,middle,inlet,21.367,normalized-temperature,good,t2579
2025-12-27T23:35:00Z,cab-a01,sensor-bottom,front_bottom,bottom,inlet,20.467,normalized-temperature,good,t2580
2025-12-27T23:40:00Z,cab-a01,sensor-top,front_top,top,inlet,22.484,normalized-temperature,good,t2581
2025-12-27T23:40:00Z,cab-a01,sensor-middle,front_middle,middle,inlet,21.384,normalized-temperature,good,t2582
2025-12-27T23:40:00Z,cab-a01,sensor-bottom,front_bottom,bottom,inlet,20.484,normalized-temperature,good,t2583
2025-12-27T23:45:00Z,cab-a01,sensor-top,front_top,top,inlet,22.502,normalized-temperature,good,t2584
2025-12-27T23:45:00Z,cab-a01,sensor-middle,front_middle,middle,inlet,21.402,normalized-temperature,good,t2585
2025-12-27T23:45:00Z,cab-a01,sensor-bottom,front_bottom,bottom,inlet,20.502,normalized-temperature,good,t2586
2025-12-27T23:50:00Z,cab-a01,sensor-top,front_top,top,inlet,23.18,normalized-temperature,good,t2587
2025-12-27T23:50:00Z,cab-a01,sensor-middle,front_middle,middle,inlet,22.08,normalized-temperature,good,t2588
2025-12-27T23:50:00Z,cab-a01,sensor-bottom,front_bottom,bottom,inlet,21.18,normalized-temperature,good,t2589
2025-12-27T23:55:00Z,cab-a01,sensor-top,front_top,top,inlet,23.198,normalized-temperature,good,t2590
2025-12-27T23:55:00Z,cab-a01,sensor-middle,front_middle,middle,inlet,22.098,normalized-temperature,good,t2591
2025-12-27T23:55:00Z,cab-a01,sensor-bottom,front_bottom,bottom,inlet,21.198,normalized-temperature,good,t2592
2025-12-28T00:00:00Z,cab-a01,sensor-top,front_top,top,inlet,23.216,normalized-temperature,good,t2593
2025-12-28T00:00:00Z,cab-a01,sensor-middle,front_middle,middle,inlet,22.116,normalized-temperature,good,t2594
2025-12-28T00:00:00Z,cab-a01,sensor-bottom,front_bottom,bottom,inlet,21.216,normalized-temperature,good,t2595
2025-12-28T00:05:00Z,cab-a01,sensor-top,front_top,top,inlet,22.574,normalized-temperature,good,t2596
2025-12-28T00:05:00Z,cab-a01,sensor-middle,front_middle,middle,inlet,21.474,normalized-temperature,good,t2597
2025-12-28T00:05:00Z,cab-a01,sensor-bottom,front_bottom,bottom,inlet,20.574,normalized-temperature,good,t2598
2025-12-28T00:10:00Z,cab-a01,sensor-top,front_top,top,inlet,22.592,normalized-temperature,good,t2599
2025-12-28T00:10:00Z,cab-a01,sensor-middle,front_middle,middle,inlet,21.492,normalized-temperature,good,t2600
2025-12-28T00:10:00Z,cab-a01,sensor-bottom,front_bottom,bottom,inlet,20.592,normalized-temperature,good,t2601
2025-12-28T00:15:00Z,cab-a01,sensor-top,front_top,top,inlet,22.609,normalized-temperature,good,t2602
2025-12-28T00:15:00Z,cab-a01,sensor-middle,front_middle,middle,inlet,21.509,normalized-temperature,good,t2603
2025-12-28T00:15:00Z,cab-a01,sensor-bottom,front_bottom,bottom,inlet,20.609,normalized-temperature,good,t2604
2025-12-28T00:20:00Z,cab-a01,sensor-top,front_top,top,inlet,22.627,normalized-temperature,good,t2605
2025-12-28T00:20:00Z,cab-a01,sensor-middle,front_middle,middle,inlet,21.527,normalized-temperature,good,t2606
2025-12-28T00:20:00Z,cab-a01,sensor-bottom,front_bottom,bottom,inlet,20.627,normalized-temperature,good,t2607
2025-12-28T00:25:00Z,cab-a01,sensor-top,front_top,top,inlet,22.644,normalized-temperature,good,t2608
2025-12-28T00:25:00Z,cab-a01,sensor-middle,front_middle,middle,inlet,21.544,normalized-temperature,good,t2609
2025-12-28T00:25:00Z,cab-a01,sensor-bottom,front_bottom,bottom,inlet,20.644,normalized-temperature,good,t2610
2025-12-28T00:30:00Z,cab-a01,sensor-top,front_top,top,inlet,22.66,normalized-temperature,good,t2611
2025-12-28T00:30:00Z,cab-a01,sensor-middle,front_middle,middle,inlet,21.56,normalized-temperature,good,t2612
2025-12-28T00:30:00Z,cab-a01,sensor-bottom,front_bottom,bottom,inlet,20.66,normalized-temperature,good,t2613
2025-12-28T00:35:00Z,cab-a01,sensor-top,front_top,top,inlet,22.677,normalized-temperature,good,t2614
2025-12-28T00:35:00Z,cab-a01,sensor-middle,front_middle,middle,inlet,21.577,normalized-temperature,good,t2615
2025-12-28T00:35:00Z,cab-a01,sensor-bottom,front_bottom,bottom,inlet,20.677,normalized-temperature,good,t2616
2025-12-28T00:40:00Z,cab-a01,sensor-top,front_top,top,inlet,22.692,normalized-temperature,good,t2617
2025-12-28T00:40:00Z,cab-a01,sensor-middle,front_middle,middle,inlet,21.592,normalized-temperature,good,t2618
2025-12-28T00:40:00Z,cab-a01,sensor-bottom,front_bottom,bottom,inlet,20.692,normalized-temperature,good,t2619
2025-12-28T00:45:00Z,cab-a01,sensor-top,front_top,top,inlet,22.707,normalized-temperature,good,t2620
2025-12-28T00:45:00Z,cab-a01,sensor-middle,front_middle,middle,inlet,21.607,normalized-temperature,good,t2621
2025-12-28T00:45:00Z,cab-a01,sensor-bottom,front_bottom,bottom,inlet,20.707,normalized-temperature,good,t2622
2025-12-28T00:50:00Z,cab-a01,sensor-top,front_top,top,inlet,22.721,normalized-temperature,good,t2623
2025-12-28T00:50:00Z,cab-a01,sensor-middle,front_middle,middle,inlet,21.621,normalized-temperature,good,t2624
2025-12-28T00:50:00Z,cab-a01,sensor-bottom,front_bottom,bottom,inlet,20.721,normalized-temperature,good,t2625
2025-12-28T00:55:00Z,cab-a01,sensor-top,front_top,top,inlet,22.735,normalized-temperature,good,t2626
2025-12-28T00:55:00Z,cab-a01,sensor-middle,front_middle,middle,inlet,21.635,normalized-temperature,good,t2627
2025-12-28T00:55:00Z,cab-a01,sensor-bottom,front_bottom,bottom,inlet,20.735,normalized-temperature,good,t2628
2025-12-28T01:00:00Z,cab-a01,sensor-top,front_top,top,inlet,22.748,normalized-temperature,good,t2629
2025-12-28T01:00:00Z,cab-a01,sensor-middle,front_middle,middle,inlet,21.648,normalized-temperature,good,t2630
2025-12-28T01:00:00Z,cab-a01,sensor-bottom,front_bottom,bottom,inlet,20.748,normalized-temperature,good,t2631
2025-12-28T01:05:00Z,cab-a01,sensor-top,front_top,top,inlet,22.76,normalized-temperature,good,t2632
2025-12-28T01:05:00Z,cab-a01,sensor-middle,front_middle,middle,inlet,21.66,normalized-temperature,good,t2633
2025-12-28T01:05:00Z,cab-a01,sensor-bottom,front_bottom,bottom,inlet,20.76,normalized-temperature,good,t2634
2025-12-28T01:10:00Z,cab-a01,sensor-top,front_top,top,inlet,22.771,normalized-temperature,good,t2635
2025-12-28T01:10:00Z,cab-a01,sensor-middle,front_middle,middle,inlet,21.671,normalized-temperature,good,t2636
2025-12-28T01:10:00Z,cab-a01,sensor-bottom,front_bottom,bottom,inlet,20.771,normalized-temperature,good,t2637
2025-12-28T01:15:00Z,cab-a01,sensor-top,front_top,top,inlet,22.781,normalized-temperature,good,t2638
2025-12-28T01:15:00Z,cab-a01,sensor-middle,front_middle,middle,inlet,21.681,normalized-temperature,good,t2639
2025-12-28T01:15:00Z,cab-a01,sensor-bottom,front_bottom,bottom,inlet,20.781,normalized-temperature,good,t2640
2025-12-28T01:20:00Z,cab-a01,sensor-top,front_top,top,inlet,22.79,normalized-temperature,good,t2641
2025-12-28T01:20:00Z,cab-a01,sensor-middle,front_middle,middle,inlet,21.69,normalized-temperature,good,t2642
2025-12-28T01:20:00Z,cab-a01,sensor-bottom,front_bottom,bottom,inlet,20.79,normalized-temperature,good,t2643
2025-12-28T01:25:00Z,cab-a01,sensor-top,front_top,top,inlet,22.799,normalized-temperature,good,t2644
2025-12-28T01:25:00Z,cab-a01,sensor-middle,front_middle,middle,inlet,21.699,normalized-temperature,good,t2645
2025-12-28T01:25:00Z,cab-a01,sensor-bottom,front_bottom,bottom,inlet,20.799,normalized-temperature,good,t2646
2025-12-28T01:30:00Z,cab-a01,sensor-top,front_top,top,inlet,22.806,normalized-temperature,good,t2647
2025-12-28T01:30:00Z,cab-a01,sensor-middle,front_middle,middle,inlet,21.706,normalized-temperature,good,t2648
2025-12-28T01:30:00Z,cab-a01,sensor-bottom,front_bottom,bottom,inlet,20.806,normalized-temperature,good,t2649
2025-12-28T01:35:00Z,cab-a01,sensor-top,front_top,top,inlet,22.813,normalized-temperature,good,t2650
2025-12-28T01:35:00Z,cab-a01,sensor-middle,front_middle,middle,inlet,21.713,normalized-temperature,good,t2651
2025-12-28T01:35:00Z,cab-a01,sensor-bottom,front_bottom,bottom,inlet,20.813,normalized-temperature,good,t2652
2025-12-28T01:40:00Z,cab-a01,sensor-top,front_top,top,inlet,22.818,normalized-temperature,good,t2653
2025-12-28T01:40:00Z,cab-a01,sensor-middle,front_middle,middle,inlet,21.718,normalized-temperature,good,t2654
2025-12-28T01:40:00Z,cab-a01,sensor-bottom,front_bottom,bottom,inlet,20.818,normalized-temperature,good,t2655
2025-12-28T01:45:00Z,cab-a01,sensor-top,front_top,top,inlet,22.823,normalized-temperature,good,t2656
2025-12-28T01:45:00Z,cab-a01,sensor-middle,front_middle,middle,inlet,21.723,normalized-temperature,good,t2657
2025-12-28T01:45:00Z,cab-a01,sensor-bottom,front_bottom,bottom,inlet,20.823,normalized-temperature,good,t2658
2025-12-28T01:50:00Z,cab-a01,sensor-top,front_top,top,inlet,22.827,normalized-temperature,good,t2659
2025-12-28T01:50:00Z,cab-a01,sensor-middle,front_middle,middle,inlet,21.727,normalized-temperature,good,t2660
2025-12-28T01:50:00Z,cab-a01,sensor-bottom,front_bottom,bottom,inlet,20.827,normalized-temperature,good,t2661
2025-12-28T01:55:00Z,cab-a01,sensor-top,front_top,top,inlet,22.83,normalized-temperature,good,t2662
2025-12-28T01:55:00Z,cab-a01,sensor-middle,front_middle,middle,inlet,21.73,normalized-temperature,good,t2663
2025-12-28T01:55:00Z,cab-a01,sensor-bottom,front_bottom,bottom,inlet,20.83,normalized-temperature,good,t2664
2025-12-28T02:00:00Z,cab-a01,sensor-top,front_top,top,inlet,22.831,normalized-temperature,good,t2665
2025-12-28T02:00:00Z,cab-a01,sensor-middle,front_middle,middle,inlet,21.731,normalized-temperature,good,t2666
2025-12-28T02:00:00Z,cab-a01,sensor-bottom,front_bottom,bottom,inlet,20.831,normalized-temperature,good,t2667
2025-12-28T02:05:00Z,cab-a01,sensor-top,front_top,top,inlet,22.832,normalized-temperature,good,t2668
2025-12-28T02:05:00Z,cab-a01,sensor-middle,front_middle,middle,inlet,21.732,normalized-temperature,good,t2669
2025-12-28T02:05:00Z,cab-a01,sensor-bottom,front_bottom,bottom,inlet,20.832,normalized-temperature,good,t2670
2025-12-28T02:10:00Z,cab-a01,sensor-top,front_top,top,inlet,22.833,normalized-temperature,good,t2671
2025-12-28T02:10:00Z,cab-a01,sensor-middle,front_middle,middle,inlet,21.733,normalized-temperature,good,t2672
2025-12-28T02:10:00Z,cab-a01,sensor-bottom,front_bottom,bottom,inlet,20.833,normalized-temperature,good,t2673
2025-12-28T02:15:00Z,cab-a01,sensor-top,front_top,top,inlet,22.832,normalized-temperature,good,t2674
2025-12-28T02:15:00Z,cab-a01,sensor-middle,front_middle,middle,inlet,21.732,normalized-temperature,good,t2675
2025-12-28T02:15:00Z,cab-a01,sensor-bottom,front_bottom,bottom,inlet,20.832,normalized-temperature,good,t2676
2025-12-28T02:20:00Z,cab-a01,sensor-top,front_top,top,inlet,22.831,normalized-temperature,good,t2677
2025-12-28T02:20:00Z,cab-a01,sensor-middle,front_middle,middle,inlet,21.731,normalized-temperature,good,t2678
2025-12-28T02:20:00Z,cab-a01,sensor-bottom,front_bottom,bottom,inlet,20.831,normalized-temperature,good,t2679
2025-12-28T02:25:00Z,cab-a01,sensor-top,front_top,top,inlet,22.829,normalized-temperature,good,t2680
2025-12-28T02:25:00Z,cab-a01,sensor-middle,front_middle,middle,inlet,21.729,normalized-temperature,good,t2681
2025-12-28T02:25:00Z,cab-a01,sensor-bottom,front_bottom,bottom,inlet,20.829,normalized-temperature,good,t2682
2025-12-28T02:30:00Z,cab-a01,sensor-top,front_top,top,inlet,22.826,normalized-temperature,good,t2683
2025-12-28T02:30:00Z,cab-a01,sensor-middle,front_middle,middle,inlet,21.726,normalized-temperature,good,t2684
2025-12-28T02:30:00Z,cab-a01,sensor-bottom,front_bottom,bottom,inlet,20.826,normalized-temperature,good,t2685
2025-12-28T02:35:00Z,cab-a01,sensor-top,front_top,top,inlet,22.823,normalized-temperature,good,t2686
2025-12-28T02:35:00Z,cab-a01,sensor-middle,front_middle,middle,inlet,21.723,normalized-temperature,good,t2687
2025-12-28T02:35:00Z,cab-a01,sensor-bottom,front_bottom,bottom,inlet,20.823,normalized-temperature,good,t2688
2025-12-28T02:40:00Z,cab-a01,sensor-top,front_top,top,inlet,22.82,normalized-temperature,good,t2689
2025-12-28T02:40:00Z,cab-a01,sensor-middle,front_middle,middle,inlet,21.72,normalized-temperature,good,t2690
2025-12-28T02:40:00Z,cab-a01,sensor-bottom,front_bottom,bottom,inlet,20.82,normalized-temperature,good,t2691
2025-12-28T02:45:00Z,cab-a01,sensor-top,front_top,top,inlet,22.816,normalized-temperature,good,t2692
2025-12-28T02:45:00Z,cab-a01,sensor-middle,front_middle,middle,inlet,21.716,normalized-temperature,good,t2693
2025-12-28T02:45:00Z,cab-a01,sensor-bottom,front_bottom,bottom,inlet,20.816,normalized-temperature,good,t2694
2025-12-28T02:50:00Z,cab-a01,sensor-top,front_top,top,inlet,22.811,normalized-temperature,good,t2695
2025-12-28T02:50:00Z,cab-a01,sensor-middle,front_middle,middle,inlet,21.711,normalized-temperature,good,t2696
2025-12-28T02:50:00Z,cab-a01,sensor-bottom,front_bottom,bottom,inlet,20.811,normalized-temperature,good,t2697
2025-12-28T02:55:00Z,cab-a01,sensor-top,front_top,top,inlet,22.806,normalized-temperature,good,t2698
2025-12-28T02:55:00Z,cab-a01,sensor-middle,front_middle,middle,inlet,21.706,normalized-temperature,good,t2699
2025-12-28T02:55:00Z,cab-a01,sensor-bottom,front_bottom,bottom,inlet,20.806,normalized-temperature,good,t2700
2025-12-28T03:00:00Z,cab-a01,sensor-top,front_top,top,inlet,22.801,normalized-temperature,good,t2701
2025-12-28T03:00:00Z,cab-a01,sensor-middle,front_middle,middle,inlet,21.701,normalized-temperature,good,t2702
2025-12-28T03:00:00Z,cab-a01,sensor-bottom,front_bottom,bottom,inlet,20.801,normalized-temperature,good,t2703
2025-12-28T03:05:00Z,cab-a01,sensor-top,front_top,top,inlet,22.796,normalized-temperature,good,t2704
2025-12-28T03:05:00Z,cab-a01,sensor-middle,front_middle,middle,inlet,21.696,normalized-temperature,good,t2705
2025-12-28T03:05:00Z,cab-a01,sensor-bottom,front_bottom,bottom,inlet,20.796,normalized-temperature,good,t2706
2025-12-28T03:10:00Z,cab-a01,sensor-top,front_top,top,inlet,22.791,normalized-temperature,good,t2707
2025-12-28T03:10:00Z,cab-a01,sensor-middle,front_middle,middle,inlet,21.691,normalized-temperature,good,t2708
2025-12-28T03:10:00Z,cab-a01,sensor-bottom,front_bottom,bottom,inlet,20.791,normalized-temperature,good,t2709
2025-12-28T03:15:00Z,cab-a01,sensor-top,front_top,top,inlet,22.786,normalized-temperature,good,t2710
2025-12-28T03:15:00Z,cab-a01,sensor-middle,front_middle,middle,inlet,21.686,normalized-temperature,good,t2711
2025-12-28T03:15:00Z,cab-a01,sensor-bottom,front_bottom,bottom,inlet,20.786,normalized-temperature,good,t2712
2025-12-28T03:20:00Z,cab-a01,sensor-top,front_top,top,inlet,22.78,normalized-temperature,good,t2713
2025-12-28T03:20:00Z,cab-a01,sensor-middle,front_middle,middle,inlet,21.68,normalized-temperature,good,t2714
2025-12-28T03:20:00Z,cab-a01,sensor-bottom,front_bottom,bottom,inlet,20.78,normalized-temperature,good,t2715
2025-12-28T03:25:00Z,cab-a01,sensor-top,front_top,top,inlet,22.775,normalized-temperature,good,t2716
2025-12-28T03:25:00Z,cab-a01,sensor-middle,front_middle,middle,inlet,21.675,normalized-temperature,good,t2717
2025-12-28T03:25:00Z,cab-a01,sensor-bottom,front_bottom,bottom,inlet,20.775,normalized-temperature,good,t2718
2025-12-28T03:30:00Z,cab-a01,sensor-top,front_top,top,inlet,22.771,normalized-temperature,good,t2719
2025-12-28T03:30:00Z,cab-a01,sensor-middle,front_middle,middle,inlet,21.671,normalized-temperature,good,t2720
2025-12-28T03:30:00Z,cab-a01,sensor-bottom,front_bottom,bottom,inlet,20.771,normalized-temperature,good,t2721
2025-12-28T03:35:00Z,cab-a01,sensor-top,front_top,top,inlet,22.766,normalized-temperature,good,t2722
2025-12-28T03:35:00Z,cab-a01,sensor-middle,front_middle,middle,inlet,21.666,normalized-temperature,good,t2723
2025-12-28T03:35:00Z,cab-a01,sensor-bottom,front_bottom,bottom,inlet,20.766,normalized-temperature,good,t2724
2025-12-28T03:40:00Z,cab-a01,sensor-top,front_top,top,inlet,22.762,normalized-temperature,good,t2725
2025-12-28T03:40:00Z,cab-a01,sensor-middle,front_middle,middle,inlet,21.662,normalized-temperature,good,t2726
2025-12-28T03:40:00Z,cab-a01,sensor-bottom,front_bottom,bottom,inlet,20.762,normalized-temperature,good,t2727
2025-12-28T03:45:00Z,cab-a01,sensor-top,front_top,top,inlet,22.758,normalized-temperature,good,t2728
2025-12-28T03:45:00Z,cab-a01,sensor-middle,front_middle,middle,inlet,21.658,normalized-temperature,good,t2729
2025-12-28T03:45:00Z,cab-a01,sensor-bottom,front_bottom,bottom,inlet,20.758,normalized-temperature,good,t2730
2025-12-28T03:50:00Z,cab-a01,sensor-top,front_top,top,inlet,22.754,normalized-temperature,good,t2731
2025-12-28T03:50:00Z,cab-a01,sensor-middle,front_middle,middle,inlet,21.654,normalized-temperature,good,t2732
2025-12-28T03:50:00Z,cab-a01,sensor-bottom,front_bottom,bottom,inlet,20.754,normalized-temperature,good,t2733
2025-12-28T03:55:00Z,cab-a01,sensor-top,front_top,top,inlet,22.751,normalized-temperature,good,t2734
2025-12-28T03:55:00Z,cab-a01,sensor-middle,front_middle,middle,inlet,21.651,normalized-temperature,good,t2735
2025-12-28T03:55:00Z,cab-a01,sensor-bottom,front_bottom,bottom,inlet,20.751,normalized-temperature,good,t2736
2025-12-28T04:00:00Z,cab-a01,sensor-top,front_top,top,inlet,22.748,normalized-temperature,good,t2737
2025-12-28T04:00:00Z,cab-a01,sensor-middle,front_middle,middle,inlet,21.648,normalized-temperature,good,t2738
2025-12-28T04:00:00Z,cab-a01,sensor-bottom,front_bottom,bottom,inlet,20.748,normalized-temperature,good,t2739
2025-12-28T04:05:00Z,cab-a01,sensor-top,front_top,top,inlet,22.746,normalized-temperature,good,t2740
2025-12-28T04:05:00Z,cab-a01,sensor-middle,front_middle,middle,inlet,21.646,normalized-temperature,good,t2741
2025-12-28T04:05:00Z,cab-a01,sensor-bottom,front_bottom,bottom,inlet,20.746,normalized-temperature,good,t2742
2025-12-28T04:10:00Z,cab-a01,sensor-top,front_top,top,inlet,22.745,normalized-temperature,good,t2743
2025-12-28T04:10:00Z,cab-a01,sensor-middle,front_middle,middle,inlet,21.645,normalized-temperature,good,t2744
2025-12-28T04:10:00Z,cab-a01,sensor-bottom,front_bottom,bottom,inlet,20.745,normalized-temperature,good,t2745
2025-12-28T04:15:00Z,cab-a01,sensor-top,front_top,top,inlet,22.744,normalized-temperature,good,t2746
2025-12-28T04:15:00Z,cab-a01,sensor-middle,front_middle,middle,inlet,21.644,normalized-temperature,good,t2747
2025-12-28T04:15:00Z,cab-a01,sensor-bottom,front_bottom,bottom,inlet,20.744,normalized-temperature,good,t2748
2025-12-28T04:20:00Z,cab-a01,sensor-top,front_top,top,inlet,22.744,normalized-temperature,good,t2749
2025-12-28T04:20:00Z,cab-a01,sensor-middle,front_middle,middle,inlet,21.644,normalized-temperature,good,t2750
2025-12-28T04:20:00Z,cab-a01,sensor-bottom,front_bottom,bottom,inlet,20.744,normalized-temperature,good,t2751
2025-12-28T04:25:00Z,cab-a01,sensor-top,front_top,top,inlet,22.744,normalized-temperature,good,t2752
2025-12-28T04:25:00Z,cab-a01,sensor-middle,front_middle,middle,inlet,21.644,normalized-temperature,good,t2753
2025-12-28T04:25:00Z,cab-a01,sensor-bottom,front_bottom,bottom,inlet,20.744,normalized-temperature,good,t2754
2025-12-28T04:30:00Z,cab-a01,sensor-top,front_top,top,inlet,22.745,normalized-temperature,good,t2755
2025-12-28T04:30:00Z,cab-a01,sensor-middle,front_middle,middle,inlet,21.645,normalized-temperature,good,t2756
2025-12-28T04:30:00Z,cab-a01,sensor-bottom,front_bottom,bottom,inlet,20.745,normalized-temperature,good,t2757
2025-12-28T04:35:00Z,cab-a01,sensor-top,front_top,top,inlet,22.747,normalized-temperature,good,t2758
2025-12-28T04:35:00Z,cab-a01,sensor-middle,front_middle,middle,inlet,21.647,normalized-temperature,good,t2759
2025-12-28T04:35:00Z,cab-a01,sensor-bottom,front_bottom,bottom,inlet,20.747,normalized-temperature,good,t2760
2025-12-28T04:40:00Z,cab-a01,sensor-top,front_top,top,inlet,22.749,normalized-temperature,good,t2761
2025-12-28T04:40:00Z,cab-a01,sensor-middle,front_middle,middle,inlet,21.649,normalized-temperature,good,t2762
2025-12-28T04:40:00Z,cab-a01,sensor-bottom,front_bottom,bottom,inlet,20.749,normalized-temperature,good,t2763
2025-12-28T04:45:00Z,cab-a01,sensor-top,front_top,top,inlet,22.752,normalized-temperature,good,t2764
2025-12-28T04:45:00Z,cab-a01,sensor-middle,front_middle,middle,inlet,21.652,normalized-temperature,good,t2765
2025-12-28T04:45:00Z,cab-a01,sensor-bottom,front_bottom,bottom,inlet,20.752,normalized-temperature,good,t2766
2025-12-28T04:50:00Z,cab-a01,sensor-top,front_top,top,inlet,22.756,normalized-temperature,good,t2767
2025-12-28T04:50:00Z,cab-a01,sensor-middle,front_middle,middle,inlet,21.656,normalized-temperature,good,t2768
2025-12-28T04:50:00Z,cab-a01,sensor-bottom,front_bottom,bottom,inlet,20.756,normalized-temperature,good,t2769
2025-12-28T04:55:00Z,cab-a01,sensor-top,front_top,top,inlet,22.76,normalized-temperature,good,t2770
2025-12-28T04:55:00Z,cab-a01,sensor-middle,front_middle,middle,inlet,21.66,normalized-temperature,good,t2771
2025-12-28T04:55:00Z,cab-a01,sensor-bottom,front_bottom,bottom,inlet,20.76,normalized-temperature,good,t2772
2025-12-28T05:00:00Z,cab-a01,sensor-top,front_top,top,inlet,22.765,normalized-temperature,good,t2773
2025-12-28T05:00:00Z,cab-a01,sensor-middle,front_middle,middle,inlet,21.665,normalized-temperature,good,t2774
2025-12-28T05:00:00Z,cab-a01,sensor-bottom,front_bottom,bottom,inlet,20.765,normalized-temperature,good,t2775
2025-12-28T05:05:00Z,cab-a01,sensor-top,front_top,top,inlet,22.77,normalized-temperature,good,t2776
2025-12-28T05:05:00Z,cab-a01,sensor-middle,front_middle,middle,inlet,21.67,normalized-temperature,good,t2777
2025-12-28T05:05:00Z,cab-a01,sensor-bottom,front_bottom,bottom,inlet,20.77,normalized-temperature,good,t2778
2025-12-28T05:10:00Z,cab-a01,sensor-top,front_top,top,inlet,22.776,normalized-temperature,good,t2779
2025-12-28T05:10:00Z,cab-a01,sensor-middle,front_middle,middle,inlet,21.676,normalized-temperature,good,t2780
2025-12-28T05:10:00Z,cab-a01,sensor-bottom,front_bottom,bottom,inlet,20.776,normalized-temperature,good,t2781
2025-12-28T05:15:00Z,cab-a01,sensor-top,front_top,top,inlet,22.782,normalized-temperature,good,t2782
2025-12-28T05:15:00Z,cab-a01,sensor-middle,front_middle,middle,inlet,21.682,normalized-temperature,good,t2783
2025-12-28T05:15:00Z,cab-a01,sensor-bottom,front_bottom,bottom,inlet,20.782,normalized-temperature,good,t2784
2025-12-28T05:20:00Z,cab-a01,sensor-top,front_top,top,inlet,22.789,normalized-temperature,good,t2785
2025-12-28T05:20:00Z,cab-a01,sensor-middle,front_middle,middle,inlet,21.689,normalized-temperature,good,t2786
2025-12-28T05:20:00Z,cab-a01,sensor-bottom,front_bottom,bottom,inlet,20.789,normalized-temperature,good,t2787
2025-12-28T05:25:00Z,cab-a01,sensor-top,front_top,top,inlet,22.796,normalized-temperature,good,t2788
2025-12-28T05:25:00Z,cab-a01,sensor-middle,front_middle,middle,inlet,21.696,normalized-temperature,good,t2789
2025-12-28T05:25:00Z,cab-a01,sensor-bottom,front_bottom,bottom,inlet,20.796,normalized-temperature,good,t2790
2025-12-28T05:30:00Z,cab-a01,sensor-top,front_top,top,inlet,22.803,normalized-temperature,good,t2791
2025-12-28T05:30:00Z,cab-a01,sensor-middle,front_middle,middle,inlet,21.703,normalized-temperature,good,t2792
2025-12-28T05:30:00Z,cab-a01,sensor-bottom,front_bottom,bottom,inlet,20.803,normalized-temperature,good,t2793
2025-12-28T05:35:00Z,cab-a01,sensor-top,front_top,top,inlet,22.81,normalized-temperature,good,t2794
2025-12-28T05:35:00Z,cab-a01,sensor-middle,front_middle,middle,inlet,21.71,normalized-temperature,good,t2795
2025-12-28T05:35:00Z,cab-a01,sensor-bottom,front_bottom,bottom,inlet,20.81,normalized-temperature,good,t2796
2025-12-28T05:40:00Z,cab-a01,sensor-top,front_top,top,inlet,22.818,normalized-temperature,good,t2797
2025-12-28T05:40:00Z,cab-a01,sensor-middle,front_middle,middle,inlet,21.718,normalized-temperature,good,t2798
2025-12-28T05:40:00Z,cab-a01,sensor-bottom,front_bottom,bottom,inlet,20.818,normalized-temperature,good,t2799
2025-12-28T05:45:00Z,cab-a01,sensor-top,front_top,top,inlet,22.826,normalized-temperature,good,t2800
2025-12-28T05:45:00Z,cab-a01,sensor-middle,front_middle,middle,inlet,21.726,normalized-temperature,good,t2801
2025-12-28T05:45:00Z,cab-a01,sensor-bottom,front_bottom,bottom,inlet,20.826,normalized-temperature,good,t2802
2025-12-28T05:50:00Z,cab-a01,sensor-top,front_top,top,inlet,22.834,normalized-temperature,good,t2803
2025-12-28T05:50:00Z,cab-a01,sensor-middle,front_middle,middle,inlet,21.734,normalized-temperature,good,t2804
2025-12-28T05:50:00Z,cab-a01,sensor-bottom,front_bottom,bottom,inlet,20.834,normalized-temperature,good,t2805
2025-12-28T05:55:00Z,cab-a01,sensor-top,front_top,top,inlet,22.841,normalized-temperature,good,t2806
2025-12-28T05:55:00Z,cab-a01,sensor-middle,front_middle,middle,inlet,21.741,normalized-temperature,good,t2807
2025-12-28T05:55:00Z,cab-a01,sensor-bottom,front_bottom,bottom,inlet,20.841,normalized-temperature,good,t2808
2025-12-28T06:00:00Z,cab-a01,sensor-top,front_top,top,inlet,22.849,normalized-temperature,good,t2809
2025-12-28T06:00:00Z,cab-a01,sensor-middle,front_middle,middle,inlet,21.749,normalized-temperature,good,t2810
2025-12-28T06:00:00Z,cab-a01,sensor-bottom,front_bottom,bottom,inlet,20.849,normalized-temperature,good,t2811
2025-12-28T06:05:00Z,cab-a01,sensor-top,front_top,top,inlet,22.857,normalized-temperature,good,t2812
2025-12-28T06:05:00Z,cab-a01,sensor-middle,front_middle,middle,inlet,21.757,normalized-temperature,good,t2813
2025-12-28T06:05:00Z,cab-a01,sensor-bottom,front_bottom,bottom,inlet,20.857,normalized-temperature,good,t2814
2025-12-28T06:10:00Z,cab-a01,sensor-top,front_top,top,inlet,22.864,normalized-temperature,good,t2815
2025-12-28T06:10:00Z,cab-a01,sensor-middle,front_middle,middle,inlet,21.764,normalized-temperature,good,t2816
2025-12-28T06:10:00Z,cab-a01,sensor-bottom,front_bottom,bottom,inlet,20.864,normalized-temperature,good,t2817
2025-12-28T06:15:00Z,cab-a01,sensor-top,front_top,top,inlet,22.871,normalized-temperature,good,t2818
2025-12-28T06:15:00Z,cab-a01,sensor-middle,front_middle,middle,inlet,21.771,normalized-temperature,good,t2819
2025-12-28T06:15:00Z,cab-a01,sensor-bottom,front_bottom,bottom,inlet,20.871,normalized-temperature,good,t2820
2025-12-28T06:20:00Z,cab-a01,sensor-top,front_top,top,inlet,22.877,normalized-temperature,good,t2821
2025-12-28T06:20:00Z,cab-a01,sensor-middle,front_middle,middle,inlet,21.777,normalized-temperature,good,t2822
2025-12-28T06:20:00Z,cab-a01,sensor-bottom,front_bottom,bottom,inlet,20.877,normalized-temperature,good,t2823
2025-12-28T06:25:00Z,cab-a01,sensor-top,front_top,top,inlet,22.883,normalized-temperature,good,t2824
2025-12-28T06:25:00Z,cab-a01,sensor-middle,front_middle,middle,inlet,21.783,normalized-temperature,good,t2825
2025-12-28T06:25:00Z,cab-a01,sensor-bottom,front_bottom,bottom,inlet,20.883,normalized-temperature,good,t2826
2025-12-28T06:30:00Z,cab-a01,sensor-top,front_top,top,inlet,22.889,normalized-temperature,good,t2827
2025-12-28T06:30:00Z,cab-a01,sensor-middle,front_middle,middle,inlet,21.789,normalized-temperature,good,t2828
2025-12-28T06:30:00Z,cab-a01,sensor-bottom,front_bottom,bottom,inlet,20.889,normalized-temperature,good,t2829
2025-12-28T06:35:00Z,cab-a01,sensor-top,front_top,top,inlet,22.894,normalized-temperature,good,t2830
2025-12-28T06:35:00Z,cab-a01,sensor-middle,front_middle,middle,inlet,21.794,normalized-temperature,good,t2831
2025-12-28T06:35:00Z,cab-a01,sensor-bottom,front_bottom,bottom,inlet,20.894,normalized-temperature,good,t2832
2025-12-28T06:40:00Z,cab-a01,sensor-top,front_top,top,inlet,22.898,normalized-temperature,good,t2833
2025-12-28T06:40:00Z,cab-a01,sensor-middle,front_middle,middle,inlet,21.798,normalized-temperature,good,t2834
2025-12-28T06:40:00Z,cab-a01,sensor-bottom,front_bottom,bottom,inlet,20.898,normalized-temperature,good,t2835
2025-12-28T06:45:00Z,cab-a01,sensor-top,front_top,top,inlet,22.902,normalized-temperature,good,t2836
2025-12-28T06:45:00Z,cab-a01,sensor-middle,front_middle,middle,inlet,21.802,normalized-temperature,good,t2837
2025-12-28T06:45:00Z,cab-a01,sensor-bottom,front_bottom,bottom,inlet,20.902,normalized-temperature,good,t2838
2025-12-28T06:50:00Z,cab-a01,sensor-top,front_top,top,inlet,22.904,normalized-temperature,good,t2839
2025-12-28T06:50:00Z,cab-a01,sensor-middle,front_middle,middle,inlet,21.804,normalized-temperature,good,t2840
2025-12-28T06:50:00Z,cab-a01,sensor-bottom,front_bottom,bottom,inlet,20.904,normalized-temperature,good,t2841
2025-12-28T06:55:00Z,cab-a01,sensor-top,front_top,top,inlet,22.906,normalized-temperature,good,t2842
2025-12-28T06:55:00Z,cab-a01,sensor-middle,front_middle,middle,inlet,21.806,normalized-temperature,good,t2843
2025-12-28T06:55:00Z,cab-a01,sensor-bottom,front_bottom,bottom,inlet,20.906,normalized-temperature,good,t2844
2025-12-28T07:00:00Z,cab-a01,sensor-top,front_top,top,inlet,22.907,normalized-temperature,good,t2845
2025-12-28T07:00:00Z,cab-a01,sensor-middle,front_middle,middle,inlet,21.807,normalized-temperature,good,t2846
2025-12-28T07:00:00Z,cab-a01,sensor-bottom,front_bottom,bottom,inlet,20.907,normalized-temperature,good,t2847
2025-12-28T07:05:00Z,cab-a01,sensor-top,front_top,top,inlet,22.908,normalized-temperature,good,t2848
2025-12-28T07:05:00Z,cab-a01,sensor-middle,front_middle,middle,inlet,21.808,normalized-temperature,good,t2849
2025-12-28T07:05:00Z,cab-a01,sensor-bottom,front_bottom,bottom,inlet,20.908,normalized-temperature,good,t2850
2025-12-28T07:10:00Z,cab-a01,sensor-top,front_top,top,inlet,22.907,normalized-temperature,good,t2851
2025-12-28T07:10:00Z,cab-a01,sensor-middle,front_middle,middle,inlet,21.807,normalized-temperature,good,t2852
2025-12-28T07:10:00Z,cab-a01,sensor-bottom,front_bottom,bottom,inlet,20.907,normalized-temperature,good,t2853
2025-12-28T07:15:00Z,cab-a01,sensor-top,front_top,top,inlet,22.905,normalized-temperature,good,t2854
2025-12-28T07:15:00Z,cab-a01,sensor-middle,front_middle,middle,inlet,21.805,normalized-temperature,good,t2855
2025-12-28T07:15:00Z,cab-a01,sensor-bottom,front_bottom,bottom,inlet,20.905,normalized-temperature,good,t2856
2025-12-28T07:20:00Z,cab-a01,sensor-top,front_top,top,inlet,22.903,normalized-temperature,good,t2857
2025-12-28T07:20:00Z,cab-a01,sensor-middle,front_middle,middle,inlet,21.803,normalized-temperature,good,t2858
2025-12-28T07:20:00Z,cab-a01,sensor-bottom,front_bottom,bottom,inlet,20.903,normalized-temperature,good,t2859
2025-12-28T07:25:00Z,cab-a01,sensor-top,front_top,top,inlet,22.899,normalized-temperature,good,t2860
2025-12-28T07:25:00Z,cab-a01,sensor-middle,front_middle,middle,inlet,21.799,normalized-temperature,good,t2861
2025-12-28T07:25:00Z,cab-a01,sensor-bottom,front_bottom,bottom,inlet,20.899,normalized-temperature,good,t2862
2025-12-28T07:30:00Z,cab-a01,sensor-top,front_top,top,inlet,22.895,normalized-temperature,good,t2863
2025-12-28T07:30:00Z,cab-a01,sensor-middle,front_middle,middle,inlet,21.795,normalized-temperature,good,t2864
2025-12-28T07:30:00Z,cab-a01,sensor-bottom,front_bottom,bottom,inlet,20.895,normalized-temperature,good,t2865
2025-12-28T07:35:00Z,cab-a01,sensor-top,front_top,top,inlet,22.889,normalized-temperature,good,t2866
2025-12-28T07:35:00Z,cab-a01,sensor-middle,front_middle,middle,inlet,21.789,normalized-temperature,good,t2867
2025-12-28T07:35:00Z,cab-a01,sensor-bottom,front_bottom,bottom,inlet,20.889,normalized-temperature,good,t2868
2025-12-28T07:40:00Z,cab-a01,sensor-top,front_top,top,inlet,22.883,normalized-temperature,good,t2869
2025-12-28T07:40:00Z,cab-a01,sensor-middle,front_middle,middle,inlet,21.783,normalized-temperature,good,t2870
2025-12-28T07:40:00Z,cab-a01,sensor-bottom,front_bottom,bottom,inlet,20.883,normalized-temperature,good,t2871
2025-12-28T07:45:00Z,cab-a01,sensor-top,front_top,top,inlet,22.875,normalized-temperature,good,t2872
2025-12-28T07:45:00Z,cab-a01,sensor-middle,front_middle,middle,inlet,21.775,normalized-temperature,good,t2873
2025-12-28T07:45:00Z,cab-a01,sensor-bottom,front_bottom,bottom,inlet,20.875,normalized-temperature,good,t2874
2025-12-28T07:50:00Z,cab-a01,sensor-top,front_top,top,inlet,22.867,normalized-temperature,good,t2875
2025-12-28T07:50:00Z,cab-a01,sensor-middle,front_middle,middle,inlet,21.767,normalized-temperature,good,t2876
2025-12-28T07:50:00Z,cab-a01,sensor-bottom,front_bottom,bottom,inlet,20.867,normalized-temperature,good,t2877
2025-12-28T07:55:00Z,cab-a01,sensor-top,front_top,top,inlet,22.857,normalized-temperature,good,t2878
2025-12-28T07:55:00Z,cab-a01,sensor-middle,front_middle,middle,inlet,21.757,normalized-temperature,good,t2879
2025-12-28T07:55:00Z,cab-a01,sensor-bottom,front_bottom,bottom,inlet,20.857,normalized-temperature,good,t2880
2025-12-28T08:00:00Z,cab-a01,sensor-top,front_top,top,inlet,22.847,normalized-temperature,good,t2881
2025-12-28T08:00:00Z,cab-a01,sensor-middle,front_middle,middle,inlet,21.747,normalized-temperature,good,t2882
2025-12-28T08:00:00Z,cab-a01,sensor-bottom,front_bottom,bottom,inlet,20.847,normalized-temperature,good,t2883
2025-12-28T08:05:00Z,cab-a01,sensor-top,front_top,top,inlet,22.836,normalized-temperature,good,t2884
2025-12-28T08:05:00Z,cab-a01,sensor-middle,front_middle,middle,inlet,21.736,normalized-temperature,good,t2885
2025-12-28T08:05:00Z,cab-a01,sensor-bottom,front_bottom,bottom,inlet,20.836,normalized-temperature,good,t2886
2025-12-28T08:10:00Z,cab-a01,sensor-top,front_top,top,inlet,22.824,normalized-temperature,good,t2887
2025-12-28T08:10:00Z,cab-a01,sensor-middle,front_middle,middle,inlet,21.724,normalized-temperature,good,t2888
2025-12-28T08:10:00Z,cab-a01,sensor-bottom,front_bottom,bottom,inlet,20.824,normalized-temperature,good,t2889
2025-12-28T08:15:00Z,cab-a01,sensor-top,front_top,top,inlet,22.811,normalized-temperature,good,t2890
2025-12-28T08:15:00Z,cab-a01,sensor-middle,front_middle,middle,inlet,21.711,normalized-temperature,good,t2891
2025-12-28T08:15:00Z,cab-a01,sensor-bottom,front_bottom,bottom,inlet,20.811,normalized-temperature,good,t2892
2025-12-28T08:20:00Z,cab-a01,sensor-top,front_top,top,inlet,22.797,normalized-temperature,good,t2893
2025-12-28T08:20:00Z,cab-a01,sensor-middle,front_middle,middle,inlet,21.697,normalized-temperature,good,t2894
2025-12-28T08:20:00Z,cab-a01,sensor-bottom,front_bottom,bottom,inlet,20.797,normalized-temperature,good,t2895
2025-12-28T08:25:00Z,cab-a01,sensor-top,front_top,top,inlet,22.783,normalized-temperature,good,t2896
2025-12-28T08:25:00Z,cab-a01,sensor-middle,front_middle,middle,inlet,21.683,normalized-temperature,good,t2897
2025-12-28T08:25:00Z,cab-a01,sensor-bottom,front_bottom,bottom,inlet,20.783,normalized-temperature,good,t2898
2025-12-28T08:30:00Z,cab-a01,sensor-top,front_top,top,inlet,22.769,normalized-temperature,good,t2899
2025-12-28T08:30:00Z,cab-a01,sensor-middle,front_middle,middle,inlet,21.669,normalized-temperature,good,t2900
2025-12-28T08:30:00Z,cab-a01,sensor-bottom,front_bottom,bottom,inlet,20.769,normalized-temperature,good,t2901
2025-12-28T08:35:00Z,cab-a01,sensor-top,front_top,top,inlet,22.753,normalized-temperature,good,t2902
2025-12-28T08:35:00Z,cab-a01,sensor-middle,front_middle,middle,inlet,21.653,normalized-temperature,good,t2903
2025-12-28T08:35:00Z,cab-a01,sensor-bottom,front_bottom,bottom,inlet,20.753,normalized-temperature,good,t2904
2025-12-28T08:40:00Z,cab-a01,sensor-top,front_top,top,inlet,22.738,normalized-temperature,good,t2905
2025-12-28T08:40:00Z,cab-a01,sensor-middle,front_middle,middle,inlet,21.638,normalized-temperature,good,t2906
2025-12-28T08:40:00Z,cab-a01,sensor-bottom,front_bottom,bottom,inlet,20.738,normalized-temperature,good,t2907
2025-12-28T08:45:00Z,cab-a01,sensor-top,front_top,top,inlet,22.721,normalized-temperature,good,t2908
2025-12-28T08:45:00Z,cab-a01,sensor-middle,front_middle,middle,inlet,21.621,normalized-temperature,good,t2909
2025-12-28T08:45:00Z,cab-a01,sensor-bottom,front_bottom,bottom,inlet,20.721,normalized-temperature,good,t2910
2025-12-28T08:50:00Z,cab-a01,sensor-top,front_top,top,inlet,22.705,normalized-temperature,good,t2911
2025-12-28T08:50:00Z,cab-a01,sensor-middle,front_middle,middle,inlet,21.605,normalized-temperature,good,t2912
2025-12-28T08:50:00Z,cab-a01,sensor-bottom,front_bottom,bottom,inlet,20.705,normalized-temperature,good,t2913
2025-12-28T08:55:00Z,cab-a01,sensor-top,front_top,top,inlet,22.688,normalized-temperature,good,t2914
2025-12-28T08:55:00Z,cab-a01,sensor-middle,front_middle,middle,inlet,21.588,normalized-temperature,good,t2915
2025-12-28T08:55:00Z,cab-a01,sensor-bottom,front_bottom,bottom,inlet,20.688,normalized-temperature,good,t2916
2025-12-28T09:00:00Z,cab-a01,sensor-top,front_top,top,inlet,22.671,normalized-temperature,good,t2917
2025-12-28T09:00:00Z,cab-a01,sensor-middle,front_middle,middle,inlet,21.571,normalized-temperature,good,t2918
2025-12-28T09:00:00Z,cab-a01,sensor-bottom,front_bottom,bottom,inlet,20.671,normalized-temperature,good,t2919
2025-12-28T09:05:00Z,cab-a01,sensor-top,front_top,top,inlet,22.654,normalized-temperature,good,t2920
2025-12-28T09:05:00Z,cab-a01,sensor-middle,front_middle,middle,inlet,21.554,normalized-temperature,good,t2921
2025-12-28T09:05:00Z,cab-a01,sensor-bottom,front_bottom,bottom,inlet,20.654,normalized-temperature,good,t2922
2025-12-28T09:10:00Z,cab-a01,sensor-top,front_top,top,inlet,22.637,normalized-temperature,good,t2923
2025-12-28T09:10:00Z,cab-a01,sensor-middle,front_middle,middle,inlet,21.537,normalized-temperature,good,t2924
2025-12-28T09:10:00Z,cab-a01,sensor-bottom,front_bottom,bottom,inlet,20.637,normalized-temperature,good,t2925
2025-12-28T09:15:00Z,cab-a01,sensor-top,front_top,top,inlet,22.62,normalized-temperature,good,t2926
2025-12-28T09:15:00Z,cab-a01,sensor-middle,front_middle,middle,inlet,21.52,normalized-temperature,good,t2927
2025-12-28T09:15:00Z,cab-a01,sensor-bottom,front_bottom,bottom,inlet,20.62,normalized-temperature,good,t2928
2025-12-28T09:20:00Z,cab-a01,sensor-top,front_top,top,inlet,22.604,normalized-temperature,good,t2929
2025-12-28T09:20:00Z,cab-a01,sensor-middle,front_middle,middle,inlet,21.504,normalized-temperature,good,t2930
2025-12-28T09:20:00Z,cab-a01,sensor-bottom,front_bottom,bottom,inlet,20.604,normalized-temperature,good,t2931
2025-12-28T09:25:00Z,cab-a01,sensor-top,front_top,top,inlet,22.587,normalized-temperature,good,t2932
2025-12-28T09:25:00Z,cab-a01,sensor-middle,front_middle,middle,inlet,21.487,normalized-temperature,good,t2933
2025-12-28T09:25:00Z,cab-a01,sensor-bottom,front_bottom,bottom,inlet,20.587,normalized-temperature,good,t2934
2025-12-28T09:30:00Z,cab-a01,sensor-top,front_top,top,inlet,22.571,normalized-temperature,good,t2935
2025-12-28T09:30:00Z,cab-a01,sensor-middle,front_middle,middle,inlet,21.471,normalized-temperature,good,t2936
2025-12-28T09:30:00Z,cab-a01,sensor-bottom,front_bottom,bottom,inlet,20.571,normalized-temperature,good,t2937
2025-12-28T09:35:00Z,cab-a01,sensor-top,front_top,top,inlet,22.555,normalized-temperature,good,t2938
2025-12-28T09:35:00Z,cab-a01,sensor-middle,front_middle,middle,inlet,21.455,normalized-temperature,good,t2939
2025-12-28T09:35:00Z,cab-a01,sensor-bottom,front_bottom,bottom,inlet,20.555,normalized-temperature,good,t2940
2025-12-28T09:40:00Z,cab-a01,sensor-top,front_top,top,inlet,22.539,normalized-temperature,good,t2941
2025-12-28T09:40:00Z,cab-a01,sensor-middle,front_middle,middle,inlet,21.439,normalized-temperature,good,t2942
2025-12-28T09:40:00Z,cab-a01,sensor-bottom,front_bottom,bottom,inlet,20.539,normalized-temperature,good,t2943
2025-12-28T09:45:00Z,cab-a01,sensor-top,front_top,top,inlet,22.524,normalized-temperature,good,t2944
2025-12-28T09:45:00Z,cab-a01,sensor-middle,front_middle,middle,inlet,21.424,normalized-temperature,good,t2945
2025-12-28T09:45:00Z,cab-a01,sensor-bottom,front_bottom,bottom,inlet,20.524,normalized-temperature,good,t2946
2025-12-28T09:50:00Z,cab-a01,sensor-top,front_top,top,inlet,22.509,normalized-temperature,good,t2947
2025-12-28T09:50:00Z,cab-a01,sensor-middle,front_middle,middle,inlet,21.409,normalized-temperature,good,t2948
2025-12-28T09:50:00Z,cab-a01,sensor-bottom,front_bottom,bottom,inlet,20.509,normalized-temperature,good,t2949
2025-12-28T09:55:00Z,cab-a01,sensor-top,front_top,top,inlet,22.495,normalized-temperature,good,t2950
2025-12-28T09:55:00Z,cab-a01,sensor-middle,front_middle,middle,inlet,21.395,normalized-temperature,good,t2951
2025-12-28T09:55:00Z,cab-a01,sensor-bottom,front_bottom,bottom,inlet,20.495,normalized-temperature,good,t2952
2025-12-28T10:00:00Z,cab-a01,sensor-top,front_top,top,inlet,22.482,normalized-temperature,good,t2953
2025-12-28T10:00:00Z,cab-a01,sensor-middle,front_middle,middle,inlet,21.382,normalized-temperature,good,t2954
2025-12-28T10:00:00Z,cab-a01,sensor-bottom,front_bottom,bottom,inlet,20.482,normalized-temperature,good,t2955
2025-12-28T10:05:00Z,cab-a01,sensor-top,front_top,top,inlet,22.469,normalized-temperature,good,t2956
2025-12-28T10:05:00Z,cab-a01,sensor-middle,front_middle,middle,inlet,21.369,normalized-temperature,good,t2957
2025-12-28T10:05:00Z,cab-a01,sensor-bottom,front_bottom,bottom,inlet,20.469,normalized-temperature,good,t2958
2025-12-28T10:10:00Z,cab-a01,sensor-top,front_top,top,inlet,22.457,normalized-temperature,good,t2959
2025-12-28T10:10:00Z,cab-a01,sensor-middle,front_middle,middle,inlet,21.357,normalized-temperature,good,t2960
2025-12-28T10:10:00Z,cab-a01,sensor-bottom,front_bottom,bottom,inlet,20.457,normalized-temperature,good,t2961
2025-12-28T10:15:00Z,cab-a01,sensor-top,front_top,top,inlet,22.446,normalized-temperature,good,t2962
2025-12-28T10:15:00Z,cab-a01,sensor-middle,front_middle,middle,inlet,21.346,normalized-temperature,good,t2963
2025-12-28T10:15:00Z,cab-a01,sensor-bottom,front_bottom,bottom,inlet,20.446,normalized-temperature,good,t2964
2025-12-28T10:20:00Z,cab-a01,sensor-top,front_top,top,inlet,22.435,normalized-temperature,good,t2965
2025-12-28T10:20:00Z,cab-a01,sensor-middle,front_middle,middle,inlet,21.335,normalized-temperature,good,t2966
2025-12-28T10:20:00Z,cab-a01,sensor-bottom,front_bottom,bottom,inlet,20.435,normalized-temperature,good,t2967
2025-12-28T10:25:00Z,cab-a01,sensor-top,front_top,top,inlet,22.425,normalized-temperature,good,t2968
2025-12-28T10:25:00Z,cab-a01,sensor-middle,front_middle,middle,inlet,21.325,normalized-temperature,good,t2969
2025-12-28T10:25:00Z,cab-a01,sensor-bottom,front_bottom,bottom,inlet,20.425,normalized-temperature,good,t2970
2025-12-28T10:30:00Z,cab-a01,sensor-top,front_top,top,inlet,22.416,normalized-temperature,good,t2971
2025-12-28T10:30:00Z,cab-a01,sensor-middle,front_middle,middle,inlet,21.316,normalized-temperature,good,t2972
2025-12-28T10:30:00Z,cab-a01,sensor-bottom,front_bottom,bottom,inlet,20.416,normalized-temperature,good,t2973
2025-12-28T10:35:00Z,cab-a01,sensor-top,front_top,top,inlet,22.408,normalized-temperature,good,t2974
2025-12-28T10:35:00Z,cab-a01,sensor-middle,front_middle,middle,inlet,21.308,normalized-temperature,good,t2975
2025-12-28T10:35:00Z,cab-a01,sensor-bottom,front_bottom,bottom,inlet,20.408,normalized-temperature,good,t2976
2025-12-28T10:40:00Z,cab-a01,sensor-top,front_top,top,inlet,22.401,normalized-temperature,good,t2977
2025-12-28T10:40:00Z,cab-a01,sensor-middle,front_middle,middle,inlet,21.301,normalized-temperature,good,t2978
2025-12-28T10:40:00Z,cab-a01,sensor-bottom,front_bottom,bottom,inlet,20.401,normalized-temperature,good,t2979
2025-12-28T10:45:00Z,cab-a01,sensor-top,front_top,top,inlet,22.394,normalized-temperature,good,t2980
2025-12-28T10:45:00Z,cab-a01,sensor-middle,front_middle,middle,inlet,21.294,normalized-temperature,good,t2981
2025-12-28T10:45:00Z,cab-a01,sensor-bottom,front_bottom,bottom,inlet,20.394,normalized-temperature,good,t2982
2025-12-28T10:50:00Z,cab-a01,sensor-top,front_top,top,inlet,22.389,normalized-temperature,good,t2983
2025-12-28T10:50:00Z,cab-a01,sensor-middle,front_middle,middle,inlet,21.289,normalized-temperature,good,t2984
2025-12-28T10:50:00Z,cab-a01,sensor-bottom,front_bottom,bottom,inlet,20.389,normalized-temperature,good,t2985
2025-12-28T10:55:00Z,cab-a01,sensor-top,front_top,top,inlet,22.384,normalized-temperature,good,t2986
2025-12-28T10:55:00Z,cab-a01,sensor-middle,front_middle,middle,inlet,21.284,normalized-temperature,good,t2987
2025-12-28T10:55:00Z,cab-a01,sensor-bottom,front_bottom,bottom,inlet,20.384,normalized-temperature,good,t2988
2025-12-28T11:00:00Z,cab-a01,sensor-top,front_top,top,inlet,22.38,normalized-temperature,good,t2989
2025-12-28T11:00:00Z,cab-a01,sensor-middle,front_middle,middle,inlet,21.28,normalized-temperature,good,t2990
2025-12-28T11:00:00Z,cab-a01,sensor-bottom,front_bottom,bottom,inlet,20.38,normalized-temperature,good,t2991
2025-12-28T11:05:00Z,cab-a01,sensor-top,front_top,top,inlet,22.376,normalized-temperature,good,t2992
2025-12-28T11:05:00Z,cab-a01,sensor-middle,front_middle,middle,inlet,21.276,normalized-temperature,good,t2993
2025-12-28T11:05:00Z,cab-a01,sensor-bottom,front_bottom,bottom,inlet,20.376,normalized-temperature,good,t2994
2025-12-28T11:10:00Z,cab-a01,sensor-top,front_top,top,inlet,22.373,normalized-temperature,good,t2995
2025-12-28T11:10:00Z,cab-a01,sensor-middle,front_middle,middle,inlet,21.273,normalized-temperature,good,t2996
2025-12-28T11:10:00Z,cab-a01,sensor-bottom,front_bottom,bottom,inlet,20.373,normalized-temperature,good,t2997
2025-12-28T11:15:00Z,cab-a01,sensor-top,front_top,top,inlet,22.371,normalized-temperature,good,t2998
2025-12-28T11:15:00Z,cab-a01,sensor-middle,front_middle,middle,inlet,21.271,normalized-temperature,good,t2999
2025-12-28T11:15:00Z,cab-a01,sensor-bottom,front_bottom,bottom,inlet,20.371,normalized-temperature,good,t3000
2025-12-28T11:20:00Z,cab-a01,sensor-top,front_top,top,inlet,22.37,normalized-temperature,good,t3001
2025-12-28T11:20:00Z,cab-a01,sensor-middle,front_middle,middle,inlet,21.27,normalized-temperature,good,t3002
2025-12-28T11:20:00Z,cab-a01,sensor-bottom,front_bottom,bottom,inlet,20.37,normalized-temperature,good,t3003
2025-12-28T11:25:00Z,cab-a01,sensor-top,front_top,top,inlet,22.369,normalized-temperature,good,t3004
2025-12-28T11:25:00Z,cab-a01,sensor-middle,front_middle,middle,inlet,21.269,normalized-temperature,good,t3005
2025-12-28T11:25:00Z,cab-a01,sensor-bottom,front_bottom,bottom,inlet,20.369,normalized-temperature,good,t3006
2025-12-28T11:30:00Z,cab-a01,sensor-top,front_top,top,inlet,22.368,normalized-temperature,good,t3007
2025-12-28T11:30:00Z,cab-a01,sensor-middle,front_middle,middle,inlet,21.268,normalized-temperature,good,t3008
2025-12-28T11:30:00Z,cab-a01,sensor-bottom,front_bottom,bottom,inlet,20.368,normalized-temperature,good,t3009
2025-12-28T11:35:00Z,cab-a01,sensor-top,front_top,top,inlet,22.368,normalized-temperature,good,t3010
2025-12-28T11:35:00Z,cab-a01,sensor-middle,front_middle,middle,inlet,21.268,normalized-temperature,good,t3011
2025-12-28T11:35:00Z,cab-a01,sensor-bottom,front_bottom,bottom,inlet,20.368,normalized-temperature,good,t3012
2025-12-28T11:40:00Z,cab-a01,sensor-top,front_top,top,inlet,22.368,normalized-temperature,good,t3013
2025-12-28T11:40:00Z,cab-a01,sensor-middle,front_middle,middle,inlet,21.268,normalized-temperature,good,t3014
2025-12-28T11:40:00Z,cab-a01,sensor-bottom,front_bottom,bottom,inlet,20.368,normalized-temperature,good,t3015
2025-12-28T11:45:00Z,cab-a01,sensor-top,front_top,top,inlet,22.369,normalized-temperature,good,t3016
2025-12-28T11:45:00Z,cab-a01,sensor-middle,front_middle,middle,inlet,21.269,normalized-temperature,good,t3017
2025-12-28T11:45:00Z,cab-a01,sensor-bottom,front_bottom,bottom,inlet,20.369,normalized-temperature,good,t3018
2025-12-28T11:50:00Z,cab-a01,sensor-top,front_top,top,inlet,22.37,normalized-temperature,good,t3019
2025-12-28T11:50:00Z,cab-a01,sensor-middle,front_middle,middle,inlet,21.27,normalized-temperature,good,t3020
2025-12-28T11:50:00Z,cab-a01,sensor-bottom,front_bottom,bottom,inlet,20.37,normalized-temperature,good,t3021
2025-12-28T11:55:00Z,cab-a01,sensor-top,front_top,top,inlet,22.371,normalized-temperature,good,t3022
2025-12-28T11:55:00Z,cab-a01,sensor-middle,front_middle,middle,inlet,21.271,normalized-temperature,good,t3023
2025-12-28T11:55:00Z,cab-a01,sensor-bottom,front_bottom,bottom,inlet,20.371,normalized-temperature,good,t3024
2025-12-28T12:00:00Z,cab-a01,sensor-top,front_top,top,inlet,22.372,normalized-temperature,good,t3025
2025-12-28T12:00:00Z,cab-a01,sensor-middle,front_middle,middle,inlet,21.272,normalized-temperature,good,t3026
2025-12-28T12:00:00Z,cab-a01,sensor-bottom,front_bottom,bottom,inlet,20.372,normalized-temperature,good,t3027
2025-12-28T12:05:00Z,cab-a01,sensor-top,front_top,top,inlet,22.373,normalized-temperature,good,t3028
2025-12-28T12:05:00Z,cab-a01,sensor-middle,front_middle,middle,inlet,21.273,normalized-temperature,good,t3029
2025-12-28T12:05:00Z,cab-a01,sensor-bottom,front_bottom,bottom,inlet,20.373,normalized-temperature,good,t3030
2025-12-28T12:10:00Z,cab-a01,sensor-top,front_top,top,inlet,22.374,normalized-temperature,good,t3031
2025-12-28T12:10:00Z,cab-a01,sensor-middle,front_middle,middle,inlet,21.274,normalized-temperature,good,t3032
2025-12-28T12:10:00Z,cab-a01,sensor-bottom,front_bottom,bottom,inlet,20.374,normalized-temperature,good,t3033
2025-12-28T12:15:00Z,cab-a01,sensor-top,front_top,top,inlet,22.376,normalized-temperature,good,t3034
2025-12-28T12:15:00Z,cab-a01,sensor-middle,front_middle,middle,inlet,21.276,normalized-temperature,good,t3035
2025-12-28T12:15:00Z,cab-a01,sensor-bottom,front_bottom,bottom,inlet,20.376,normalized-temperature,good,t3036
2025-12-28T12:20:00Z,cab-a01,sensor-top,front_top,top,inlet,22.376,normalized-temperature,good,t3037
2025-12-28T12:20:00Z,cab-a01,sensor-middle,front_middle,middle,inlet,21.276,normalized-temperature,good,t3038
2025-12-28T12:20:00Z,cab-a01,sensor-bottom,front_bottom,bottom,inlet,20.376,normalized-temperature,good,t3039
2025-12-28T12:25:00Z,cab-a01,sensor-top,front_top,top,inlet,22.377,normalized-temperature,good,t3040
2025-12-28T12:25:00Z,cab-a01,sensor-middle,front_middle,middle,inlet,21.277,normalized-temperature,good,t3041
2025-12-28T12:25:00Z,cab-a01,sensor-bottom,front_bottom,bottom,inlet,20.377,normalized-temperature,good,t3042
2025-12-28T12:30:00Z,cab-a01,sensor-top,front_top,top,inlet,22.378,normalized-temperature,good,t3043
2025-12-28T12:30:00Z,cab-a01,sensor-middle,front_middle,middle,inlet,21.278,normalized-temperature,good,t3044
2025-12-28T12:30:00Z,cab-a01,sensor-bottom,front_bottom,bottom,inlet,20.378,normalized-temperature,good,t3045
2025-12-28T12:35:00Z,cab-a01,sensor-top,front_top,top,inlet,22.378,normalized-temperature,good,t3046
2025-12-28T12:35:00Z,cab-a01,sensor-middle,front_middle,middle,inlet,21.278,normalized-temperature,good,t3047
2025-12-28T12:35:00Z,cab-a01,sensor-bottom,front_bottom,bottom,inlet,20.378,normalized-temperature,good,t3048
2025-12-28T12:40:00Z,cab-a01,sensor-top,front_top,top,inlet,22.377,normalized-temperature,good,t3049
2025-12-28T12:40:00Z,cab-a01,sensor-middle,front_middle,middle,inlet,21.277,normalized-temperature,good,t3050
2025-12-28T12:40:00Z,cab-a01,sensor-bottom,front_bottom,bottom,inlet,20.377,normalized-temperature,good,t3051
2025-12-28T12:45:00Z,cab-a01,sensor-top,front_top,top,inlet,22.376,normalized-temperature,good,t3052
2025-12-28T12:45:00Z,cab-a01,sensor-middle,front_middle,middle,inlet,21.276,normalized-temperature,good,t3053
2025-12-28T12:45:00Z,cab-a01,sensor-bottom,front_bottom,bottom,inlet,20.376,normalized-temperature,good,t3054
2025-12-28T12:50:00Z,cab-a01,sensor-top,front_top,top,inlet,22.375,normalized-temperature,good,t3055
2025-12-28T12:50:00Z,cab-a01,sensor-middle,front_middle,middle,inlet,21.275,normalized-temperature,good,t3056
2025-12-28T12:50:00Z,cab-a01,sensor-bottom,front_bottom,bottom,inlet,20.375,normalized-temperature,good,t3057
2025-12-28T12:55:00Z,cab-a01,sensor-top,front_top,top,inlet,22.373,normalized-temperature,good,t3058
2025-12-28T12:55:00Z,cab-a01,sensor-middle,front_middle,middle,inlet,21.273,normalized-temperature,good,t3059
2025-12-28T12:55:00Z,cab-a01,sensor-bottom,front_bottom,bottom,inlet,20.373,normalized-temperature,good,t3060
2025-12-28T13:00:00Z,cab-a01,sensor-top,front_top,top,inlet,22.371,normalized-temperature,good,t3061
2025-12-28T13:00:00Z,cab-a01,sensor-middle,front_middle,middle,inlet,21.271,normalized-temperature,good,t3062
2025-12-28T13:00:00Z,cab-a01,sensor-bottom,front_bottom,bottom,inlet,20.371,normalized-temperature,good,t3063
2025-12-28T13:05:00Z,cab-a01,sensor-top,front_top,top,inlet,22.368,normalized-temperature,good,t3064
2025-12-28T13:05:00Z,cab-a01,sensor-middle,front_middle,middle,inlet,21.268,normalized-temperature,good,t3065
2025-12-28T13:05:00Z,cab-a01,sensor-bottom,front_bottom,bottom,inlet,20.368,normalized-temperature,good,t3066
2025-12-28T13:10:00Z,cab-a01,sensor-top,front_top,top,inlet,22.364,normalized-temperature,good,t3067
2025-12-28T13:10:00Z,cab-a01,sensor-middle,front_middle,middle,inlet,21.264,normalized-temperature,good,t3068
2025-12-28T13:10:00Z,cab-a01,sensor-bottom,front_bottom,bottom,inlet,20.364,normalized-temperature,good,t3069
2025-12-28T13:15:00Z,cab-a01,sensor-top,front_top,top,inlet,22.359,normalized-temperature,good,t3070
2025-12-28T13:15:00Z,cab-a01,sensor-middle,front_middle,middle,inlet,21.259,normalized-temperature,good,t3071
2025-12-28T13:15:00Z,cab-a01,sensor-bottom,front_bottom,bottom,inlet,20.359,normalized-temperature,good,t3072
2025-12-28T13:20:00Z,cab-a01,sensor-top,front_top,top,inlet,22.354,normalized-temperature,good,t3073
2025-12-28T13:20:00Z,cab-a01,sensor-middle,front_middle,middle,inlet,21.254,normalized-temperature,good,t3074
2025-12-28T13:20:00Z,cab-a01,sensor-bottom,front_bottom,bottom,inlet,20.354,normalized-temperature,good,t3075
2025-12-28T13:25:00Z,cab-a01,sensor-top,front_top,top,inlet,22.348,normalized-temperature,good,t3076
2025-12-28T13:25:00Z,cab-a01,sensor-middle,front_middle,middle,inlet,21.248,normalized-temperature,good,t3077
2025-12-28T13:25:00Z,cab-a01,sensor-bottom,front_bottom,bottom,inlet,20.348,normalized-temperature,good,t3078
2025-12-28T13:30:00Z,cab-a01,sensor-top,front_top,top,inlet,22.342,normalized-temperature,good,t3079
2025-12-28T13:30:00Z,cab-a01,sensor-middle,front_middle,middle,inlet,21.242,normalized-temperature,good,t3080
2025-12-28T13:30:00Z,cab-a01,sensor-bottom,front_bottom,bottom,inlet,20.342,normalized-temperature,good,t3081
2025-12-28T13:35:00Z,cab-a01,sensor-top,front_top,top,inlet,22.334,normalized-temperature,good,t3082
2025-12-28T13:35:00Z,cab-a01,sensor-middle,front_middle,middle,inlet,21.234,normalized-temperature,good,t3083
2025-12-28T13:35:00Z,cab-a01,sensor-bottom,front_bottom,bottom,inlet,20.334,normalized-temperature,good,t3084
2025-12-28T13:40:00Z,cab-a01,sensor-top,front_top,top,inlet,22.326,normalized-temperature,good,t3085
2025-12-28T13:40:00Z,cab-a01,sensor-middle,front_middle,middle,inlet,21.226,normalized-temperature,good,t3086
2025-12-28T13:40:00Z,cab-a01,sensor-bottom,front_bottom,bottom,inlet,20.326,normalized-temperature,good,t3087
2025-12-28T13:45:00Z,cab-a01,sensor-top,front_top,top,inlet,22.317,normalized-temperature,good,t3088
2025-12-28T13:45:00Z,cab-a01,sensor-middle,front_middle,middle,inlet,21.217,normalized-temperature,good,t3089
2025-12-28T13:45:00Z,cab-a01,sensor-bottom,front_bottom,bottom,inlet,20.317,normalized-temperature,good,t3090
2025-12-28T13:50:00Z,cab-a01,sensor-top,front_top,top,inlet,22.308,normalized-temperature,good,t3091
2025-12-28T13:50:00Z,cab-a01,sensor-middle,front_middle,middle,inlet,21.208,normalized-temperature,good,t3092
2025-12-28T13:50:00Z,cab-a01,sensor-bottom,front_bottom,bottom,inlet,20.308,normalized-temperature,good,t3093
2025-12-28T13:55:00Z,cab-a01,sensor-top,front_top,top,inlet,22.298,normalized-temperature,good,t3094
2025-12-28T13:55:00Z,cab-a01,sensor-middle,front_middle,middle,inlet,21.198,normalized-temperature,good,t3095
2025-12-28T13:55:00Z,cab-a01,sensor-bottom,front_bottom,bottom,inlet,20.298,normalized-temperature,good,t3096
2025-12-28T14:00:00Z,cab-a01,sensor-top,front_top,top,inlet,22.287,normalized-temperature,good,t3097
2025-12-28T14:00:00Z,cab-a01,sensor-middle,front_middle,middle,inlet,21.187,normalized-temperature,good,t3098
2025-12-28T14:00:00Z,cab-a01,sensor-bottom,front_bottom,bottom,inlet,20.287,normalized-temperature,good,t3099
2025-12-28T14:05:00Z,cab-a01,sensor-top,front_top,top,inlet,22.276,normalized-temperature,good,t3100
2025-12-28T14:05:00Z,cab-a01,sensor-middle,front_middle,middle,inlet,21.176,normalized-temperature,good,t3101
2025-12-28T14:05:00Z,cab-a01,sensor-bottom,front_bottom,bottom,inlet,20.276,normalized-temperature,good,t3102
2025-12-28T14:10:00Z,cab-a01,sensor-top,front_top,top,inlet,22.264,normalized-temperature,good,t3103
2025-12-28T14:10:00Z,cab-a01,sensor-middle,front_middle,middle,inlet,21.164,normalized-temperature,good,t3104
2025-12-28T14:10:00Z,cab-a01,sensor-bottom,front_bottom,bottom,inlet,20.264,normalized-temperature,good,t3105
2025-12-28T14:15:00Z,cab-a01,sensor-top,front_top,top,inlet,22.251,normalized-temperature,good,t3106
2025-12-28T14:15:00Z,cab-a01,sensor-middle,front_middle,middle,inlet,21.151,normalized-temperature,good,t3107
2025-12-28T14:15:00Z,cab-a01,sensor-bottom,front_bottom,bottom,inlet,20.251,normalized-temperature,good,t3108
2025-12-28T14:20:00Z,cab-a01,sensor-top,front_top,top,inlet,22.239,normalized-temperature,good,t3109
2025-12-28T14:20:00Z,cab-a01,sensor-middle,front_middle,middle,inlet,21.139,normalized-temperature,good,t3110
2025-12-28T14:20:00Z,cab-a01,sensor-bottom,front_bottom,bottom,inlet,20.239,normalized-temperature,good,t3111
2025-12-28T14:25:00Z,cab-a01,sensor-top,front_top,top,inlet,22.225,normalized-temperature,good,t3112
2025-12-28T14:25:00Z,cab-a01,sensor-middle,front_middle,middle,inlet,21.125,normalized-temperature,good,t3113
2025-12-28T14:25:00Z,cab-a01,sensor-bottom,front_bottom,bottom,inlet,20.225,normalized-temperature,good,t3114
2025-12-28T14:30:00Z,cab-a01,sensor-top,front_top,top,inlet,22.212,normalized-temperature,good,t3115
2025-12-28T14:30:00Z,cab-a01,sensor-middle,front_middle,middle,inlet,21.112,normalized-temperature,good,t3116
2025-12-28T14:30:00Z,cab-a01,sensor-bottom,front_bottom,bottom,inlet,20.212,normalized-temperature,good,t3117
2025-12-28T14:35:00Z,cab-a01,sensor-top,front_top,top,inlet,22.198,normalized-temperature,good,t3118
2025-12-28T14:35:00Z,cab-a01,sensor-middle,front_middle,middle,inlet,21.098,normalized-temperature,good,t3119
2025-12-28T14:35:00Z,cab-a01,sensor-bottom,front_bottom,bottom,inlet,20.198,normalized-temperature,good,t3120
2025-12-28T14:40:00Z,cab-a01,sensor-top,front_top,top,inlet,22.184,normalized-temperature,good,t3121
2025-12-28T14:40:00Z,cab-a01,sensor-middle,front_middle,middle,inlet,21.084,normalized-temperature,good,t3122
2025-12-28T14:40:00Z,cab-a01,sensor-bottom,front_bottom,bottom,inlet,20.184,normalized-temperature,good,t3123
2025-12-28T14:45:00Z,cab-a01,sensor-top,front_top,top,inlet,22.169,normalized-temperature,good,t3124
2025-12-28T14:45:00Z,cab-a01,sensor-middle,front_middle,middle,inlet,21.069,normalized-temperature,good,t3125
2025-12-28T14:45:00Z,cab-a01,sensor-bottom,front_bottom,bottom,inlet,20.169,normalized-temperature,good,t3126
2025-12-28T14:50:00Z,cab-a01,sensor-top,front_top,top,inlet,22.155,normalized-temperature,good,t3127
2025-12-28T14:50:00Z,cab-a01,sensor-middle,front_middle,middle,inlet,21.055,normalized-temperature,good,t3128
2025-12-28T14:50:00Z,cab-a01,sensor-bottom,front_bottom,bottom,inlet,20.155,normalized-temperature,good,t3129
2025-12-28T14:55:00Z,cab-a01,sensor-top,front_top,top,inlet,22.141,normalized-temperature,good,t3130
2025-12-28T14:55:00Z,cab-a01,sensor-middle,front_middle,middle,inlet,21.041,normalized-temperature,good,t3131
2025-12-28T14:55:00Z,cab-a01,sensor-bottom,front_bottom,bottom,inlet,20.141,normalized-temperature,good,t3132
2025-12-28T15:00:00Z,cab-a01,sensor-top,front_top,top,inlet,22.127,normalized-temperature,good,t3133
2025-12-28T15:00:00Z,cab-a01,sensor-middle,front_middle,middle,inlet,21.027,normalized-temperature,good,t3134
2025-12-28T15:00:00Z,cab-a01,sensor-bottom,front_bottom,bottom,inlet,20.127,normalized-temperature,good,t3135
2025-12-28T15:05:00Z,cab-a01,sensor-top,front_top,top,inlet,22.113,normalized-temperature,good,t3136
2025-12-28T15:05:00Z,cab-a01,sensor-middle,front_middle,middle,inlet,21.013,normalized-temperature,good,t3137
2025-12-28T15:05:00Z,cab-a01,sensor-bottom,front_bottom,bottom,inlet,20.113,normalized-temperature,good,t3138
2025-12-28T15:10:00Z,cab-a01,sensor-top,front_top,top,inlet,22.099,normalized-temperature,good,t3139
2025-12-28T15:10:00Z,cab-a01,sensor-middle,front_middle,middle,inlet,20.999,normalized-temperature,good,t3140
2025-12-28T15:10:00Z,cab-a01,sensor-bottom,front_bottom,bottom,inlet,20.099,normalized-temperature,good,t3141
2025-12-28T15:15:00Z,cab-a01,sensor-top,front_top,top,inlet,22.085,normalized-temperature,good,t3142
2025-12-28T15:15:00Z,cab-a01,sensor-middle,front_middle,middle,inlet,20.985,normalized-temperature,good,t3143
2025-12-28T15:15:00Z,cab-a01,sensor-bottom,front_bottom,bottom,inlet,20.085,normalized-temperature,good,t3144
2025-12-28T15:20:00Z,cab-a01,sensor-top,front_top,top,inlet,22.072,normalized-temperature,good,t3145
2025-12-28T15:20:00Z,cab-a01,sensor-middle,front_middle,middle,inlet,20.972,normalized-temperature,good,t3146
2025-12-28T15:20:00Z,cab-a01,sensor-bottom,front_bottom,bottom,inlet,20.072,normalized-temperature,good,t3147
2025-12-28T15:25:00Z,cab-a01,sensor-top,front_top,top,inlet,22.06,normalized-temperature,good,t3148
2025-12-28T15:25:00Z,cab-a01,sensor-middle,front_middle,middle,inlet,20.96,normalized-temperature,good,t3149
2025-12-28T15:25:00Z,cab-a01,sensor-bottom,front_bottom,bottom,inlet,20.06,normalized-temperature,good,t3150
2025-12-28T15:30:00Z,cab-a01,sensor-top,front_top,top,inlet,22.047,normalized-temperature,good,t3151
2025-12-28T15:30:00Z,cab-a01,sensor-middle,front_middle,middle,inlet,20.947,normalized-temperature,good,t3152
2025-12-28T15:30:00Z,cab-a01,sensor-bottom,front_bottom,bottom,inlet,20.047,normalized-temperature,good,t3153
2025-12-28T15:35:00Z,cab-a01,sensor-top,front_top,top,inlet,22.036,normalized-temperature,good,t3154
2025-12-28T15:35:00Z,cab-a01,sensor-middle,front_middle,middle,inlet,20.936,normalized-temperature,good,t3155
2025-12-28T15:35:00Z,cab-a01,sensor-bottom,front_bottom,bottom,inlet,20.036,normalized-temperature,good,t3156
2025-12-28T15:40:00Z,cab-a01,sensor-top,front_top,top,inlet,22.025,normalized-temperature,good,t3157
2025-12-28T15:40:00Z,cab-a01,sensor-middle,front_middle,middle,inlet,20.925,normalized-temperature,good,t3158
2025-12-28T15:40:00Z,cab-a01,sensor-bottom,front_bottom,bottom,inlet,20.025,normalized-temperature,good,t3159
2025-12-28T15:45:00Z,cab-a01,sensor-top,front_top,top,inlet,22.015,normalized-temperature,good,t3160
2025-12-28T15:45:00Z,cab-a01,sensor-middle,front_middle,middle,inlet,20.915,normalized-temperature,good,t3161
2025-12-28T15:45:00Z,cab-a01,sensor-bottom,front_bottom,bottom,inlet,20.015,normalized-temperature,good,t3162
2025-12-28T15:50:00Z,cab-a01,sensor-top,front_top,top,inlet,22.006,normalized-temperature,good,t3163
2025-12-28T15:50:00Z,cab-a01,sensor-middle,front_middle,middle,inlet,20.906,normalized-temperature,good,t3164
2025-12-28T15:50:00Z,cab-a01,sensor-bottom,front_bottom,bottom,inlet,20.006,normalized-temperature,good,t3165
2025-12-28T15:55:00Z,cab-a01,sensor-top,front_top,top,inlet,21.997,normalized-temperature,good,t3166
2025-12-28T15:55:00Z,cab-a01,sensor-middle,front_middle,middle,inlet,20.897,normalized-temperature,good,t3167
2025-12-28T15:55:00Z,cab-a01,sensor-bottom,front_bottom,bottom,inlet,19.997,normalized-temperature,good,t3168
2025-12-28T16:00:00Z,cab-a01,sensor-top,front_top,top,inlet,21.989,normalized-temperature,good,t3169
2025-12-28T16:00:00Z,cab-a01,sensor-middle,front_middle,middle,inlet,20.889,normalized-temperature,good,t3170
2025-12-28T16:00:00Z,cab-a01,sensor-bottom,front_bottom,bottom,inlet,19.989,normalized-temperature,good,t3171
2025-12-28T16:05:00Z,cab-a01,sensor-top,front_top,top,inlet,21.982,normalized-temperature,good,t3172
2025-12-28T16:05:00Z,cab-a01,sensor-middle,front_middle,middle,inlet,20.882,normalized-temperature,good,t3173
2025-12-28T16:05:00Z,cab-a01,sensor-bottom,front_bottom,bottom,inlet,19.982,normalized-temperature,good,t3174
2025-12-28T16:10:00Z,cab-a01,sensor-top,front_top,top,inlet,21.977,normalized-temperature,good,t3175
2025-12-28T16:10:00Z,cab-a01,sensor-middle,front_middle,middle,inlet,20.877,normalized-temperature,good,t3176
2025-12-28T16:10:00Z,cab-a01,sensor-bottom,front_bottom,bottom,inlet,19.977,normalized-temperature,good,t3177
2025-12-28T16:15:00Z,cab-a01,sensor-top,front_top,top,inlet,21.972,normalized-temperature,good,t3178
2025-12-28T16:15:00Z,cab-a01,sensor-middle,front_middle,middle,inlet,20.872,normalized-temperature,good,t3179
2025-12-28T16:15:00Z,cab-a01,sensor-bottom,front_bottom,bottom,inlet,19.972,normalized-temperature,good,t3180
2025-12-28T16:20:00Z,cab-a01,sensor-top,front_top,top,inlet,21.968,normalized-temperature,good,t3181
2025-12-28T16:20:00Z,cab-a01,sensor-middle,front_middle,middle,inlet,20.868,normalized-temperature,good,t3182
2025-12-28T16:20:00Z,cab-a01,sensor-bottom,front_bottom,bottom,inlet,19.968,normalized-temperature,good,t3183
2025-12-28T16:25:00Z,cab-a01,sensor-top,front_top,top,inlet,21.965,normalized-temperature,good,t3184
2025-12-28T16:25:00Z,cab-a01,sensor-middle,front_middle,middle,inlet,20.865,normalized-temperature,good,t3185
2025-12-28T16:25:00Z,cab-a01,sensor-bottom,front_bottom,bottom,inlet,19.965,normalized-temperature,good,t3186
2025-12-28T16:30:00Z,cab-a01,sensor-top,front_top,top,inlet,21.963,normalized-temperature,good,t3187
2025-12-28T16:30:00Z,cab-a01,sensor-middle,front_middle,middle,inlet,20.863,normalized-temperature,good,t3188
2025-12-28T16:30:00Z,cab-a01,sensor-bottom,front_bottom,bottom,inlet,19.963,normalized-temperature,good,t3189
2025-12-28T16:35:00Z,cab-a01,sensor-top,front_top,top,inlet,21.962,normalized-temperature,good,t3190
2025-12-28T16:35:00Z,cab-a01,sensor-middle,front_middle,middle,inlet,20.862,normalized-temperature,good,t3191
2025-12-28T16:35:00Z,cab-a01,sensor-bottom,front_bottom,bottom,inlet,19.962,normalized-temperature,good,t3192
2025-12-28T16:40:00Z,cab-a01,sensor-top,front_top,top,inlet,21.962,normalized-temperature,good,t3193
2025-12-28T16:40:00Z,cab-a01,sensor-middle,front_middle,middle,inlet,20.862,normalized-temperature,good,t3194
2025-12-28T16:40:00Z,cab-a01,sensor-bottom,front_bottom,bottom,inlet,19.962,normalized-temperature,good,t3195
2025-12-28T16:45:00Z,cab-a01,sensor-top,front_top,top,inlet,21.964,normalized-temperature,good,t3196
2025-12-28T16:45:00Z,cab-a01,sensor-middle,front_middle,middle,inlet,20.864,normalized-temperature,good,t3197
2025-12-28T16:45:00Z,cab-a01,sensor-bottom,front_bottom,bottom,inlet,19.964,normalized-temperature,good,t3198
2025-12-28T16:50:00Z,cab-a01,sensor-top,front_top,top,inlet,21.966,normalized-temperature,good,t3199
2025-12-28T16:50:00Z,cab-a01,sensor-middle,front_middle,middle,inlet,20.866,normalized-temperature,good,t3200
2025-12-28T16:50:00Z,cab-a01,sensor-bottom,front_bottom,bottom,inlet,19.966,normalized-temperature,good,t3201
2025-12-28T16:55:00Z,cab-a01,sensor-top,front_top,top,inlet,21.969,normalized-temperature,good,t3202
2025-12-28T16:55:00Z,cab-a01,sensor-middle,front_middle,middle,inlet,20.869,normalized-temperature,good,t3203
2025-12-28T16:55:00Z,cab-a01,sensor-bottom,front_bottom,bottom,inlet,19.969,normalized-temperature,good,t3204
2025-12-28T17:00:00Z,cab-a01,sensor-top,front_top,top,inlet,21.973,normalized-temperature,good,t3205
2025-12-28T17:00:00Z,cab-a01,sensor-middle,front_middle,middle,inlet,20.873,normalized-temperature,good,t3206
2025-12-28T17:00:00Z,cab-a01,sensor-bottom,front_bottom,bottom,inlet,19.973,normalized-temperature,good,t3207
2025-12-28T17:05:00Z,cab-a01,sensor-top,front_top,top,inlet,21.978,normalized-temperature,good,t3208
2025-12-28T17:05:00Z,cab-a01,sensor-middle,front_middle,middle,inlet,20.878,normalized-temperature,good,t3209
2025-12-28T17:05:00Z,cab-a01,sensor-bottom,front_bottom,bottom,inlet,19.978,normalized-temperature,good,t3210
2025-12-28T17:10:00Z,cab-a01,sensor-top,front_top,top,inlet,21.984,normalized-temperature,good,t3211
2025-12-28T17:10:00Z,cab-a01,sensor-middle,front_middle,middle,inlet,20.884,normalized-temperature,good,t3212
2025-12-28T17:10:00Z,cab-a01,sensor-bottom,front_bottom,bottom,inlet,19.984,normalized-temperature,good,t3213
2025-12-28T17:15:00Z,cab-a01,sensor-top,front_top,top,inlet,21.991,normalized-temperature,good,t3214
2025-12-28T17:15:00Z,cab-a01,sensor-middle,front_middle,middle,inlet,20.891,normalized-temperature,good,t3215
2025-12-28T17:15:00Z,cab-a01,sensor-bottom,front_bottom,bottom,inlet,19.991,normalized-temperature,good,t3216
2025-12-28T17:20:00Z,cab-a01,sensor-top,front_top,top,inlet,21.998,normalized-temperature,good,t3217
2025-12-28T17:20:00Z,cab-a01,sensor-middle,front_middle,middle,inlet,20.898,normalized-temperature,good,t3218
2025-12-28T17:20:00Z,cab-a01,sensor-bottom,front_bottom,bottom,inlet,19.998,normalized-temperature,good,t3219
2025-12-28T17:25:00Z,cab-a01,sensor-top,front_top,top,inlet,22.006,normalized-temperature,good,t3220
2025-12-28T17:25:00Z,cab-a01,sensor-middle,front_middle,middle,inlet,20.906,normalized-temperature,good,t3221
2025-12-28T17:25:00Z,cab-a01,sensor-bottom,front_bottom,bottom,inlet,20.006,normalized-temperature,good,t3222
2025-12-28T17:30:00Z,cab-a01,sensor-top,front_top,top,inlet,22.015,normalized-temperature,good,t3223
2025-12-28T17:30:00Z,cab-a01,sensor-middle,front_middle,middle,inlet,20.915,normalized-temperature,good,t3224
2025-12-28T17:30:00Z,cab-a01,sensor-bottom,front_bottom,bottom,inlet,20.015,normalized-temperature,good,t3225
2025-12-28T17:35:00Z,cab-a01,sensor-top,front_top,top,inlet,22.025,normalized-temperature,good,t3226
2025-12-28T17:35:00Z,cab-a01,sensor-middle,front_middle,middle,inlet,20.925,normalized-temperature,good,t3227
2025-12-28T17:35:00Z,cab-a01,sensor-bottom,front_bottom,bottom,inlet,20.025,normalized-temperature,good,t3228
2025-12-28T17:40:00Z,cab-a01,sensor-top,front_top,top,inlet,22.035,normalized-temperature,good,t3229
2025-12-28T17:40:00Z,cab-a01,sensor-middle,front_middle,middle,inlet,20.935,normalized-temperature,good,t3230
2025-12-28T17:40:00Z,cab-a01,sensor-bottom,front_bottom,bottom,inlet,20.035,normalized-temperature,good,t3231
2025-12-28T17:45:00Z,cab-a01,sensor-top,front_top,top,inlet,22.045,normalized-temperature,good,t3232
2025-12-28T17:45:00Z,cab-a01,sensor-middle,front_middle,middle,inlet,20.945,normalized-temperature,good,t3233
2025-12-28T17:45:00Z,cab-a01,sensor-bottom,front_bottom,bottom,inlet,20.045,normalized-temperature,good,t3234
2025-12-28T17:50:00Z,cab-a01,sensor-top,front_top,top,inlet,22.056,normalized-temperature,good,t3235
2025-12-28T17:50:00Z,cab-a01,sensor-middle,front_middle,middle,inlet,20.956,normalized-temperature,good,t3236
2025-12-28T17:50:00Z,cab-a01,sensor-bottom,front_bottom,bottom,inlet,20.056,normalized-temperature,good,t3237
2025-12-28T17:55:00Z,cab-a01,sensor-top,front_top,top,inlet,22.067,normalized-temperature,good,t3238
2025-12-28T17:55:00Z,cab-a01,sensor-middle,front_middle,middle,inlet,20.967,normalized-temperature,good,t3239
2025-12-28T17:55:00Z,cab-a01,sensor-bottom,front_bottom,bottom,inlet,20.067,normalized-temperature,good,t3240
2025-12-28T18:00:00Z,cab-a01,sensor-top,front_top,top,inlet,22.079,normalized-temperature,good,t3241
2025-12-28T18:00:00Z,cab-a01,sensor-middle,front_middle,middle,inlet,20.979,normalized-temperature,good,t3242
2025-12-28T18:00:00Z,cab-a01,sensor-bottom,front_bottom,bottom,inlet,20.079,normalized-temperature,good,t3243
2025-12-28T18:05:00Z,cab-a01,sensor-top,front_top,top,inlet,22.091,normalized-temperature,good,t3244
2025-12-28T18:05:00Z,cab-a01,sensor-middle,front_middle,middle,inlet,20.991,normalized-temperature,good,t3245
2025-12-28T18:05:00Z,cab-a01,sensor-bottom,front_bottom,bottom,inlet,20.091,normalized-temperature,good,t3246
2025-12-28T18:10:00Z,cab-a01,sensor-top,front_top,top,inlet,22.102,normalized-temperature,good,t3247
2025-12-28T18:10:00Z,cab-a01,sensor-middle,front_middle,middle,inlet,21.002,normalized-temperature,good,t3248
2025-12-28T18:10:00Z,cab-a01,sensor-bottom,front_bottom,bottom,inlet,20.102,normalized-temperature,good,t3249
2025-12-28T18:15:00Z,cab-a01,sensor-top,front_top,top,inlet,22.114,normalized-temperature,good,t3250
2025-12-28T18:15:00Z,cab-a01,sensor-middle,front_middle,middle,inlet,21.014,normalized-temperature,good,t3251
2025-12-28T18:15:00Z,cab-a01,sensor-bottom,front_bottom,bottom,inlet,20.114,normalized-temperature,good,t3252
2025-12-28T18:20:00Z,cab-a01,sensor-top,front_top,top,inlet,22.126,normalized-temperature,good,t3253
2025-12-28T18:20:00Z,cab-a01,sensor-middle,front_middle,middle,inlet,21.026,normalized-temperature,good,t3254
2025-12-28T18:20:00Z,cab-a01,sensor-bottom,front_bottom,bottom,inlet,20.126,normalized-temperature,good,t3255
2025-12-28T18:25:00Z,cab-a01,sensor-top,front_top,top,inlet,22.138,normalized-temperature,good,t3256
2025-12-28T18:25:00Z,cab-a01,sensor-middle,front_middle,middle,inlet,21.038,normalized-temperature,good,t3257
2025-12-28T18:25:00Z,cab-a01,sensor-bottom,front_bottom,bottom,inlet,20.138,normalized-temperature,good,t3258
2025-12-28T18:30:00Z,cab-a01,sensor-top,front_top,top,inlet,22.149,normalized-temperature,good,t3259
2025-12-28T18:30:00Z,cab-a01,sensor-middle,front_middle,middle,inlet,21.049,normalized-temperature,good,t3260
2025-12-28T18:30:00Z,cab-a01,sensor-bottom,front_bottom,bottom,inlet,20.149,normalized-temperature,good,t3261
2025-12-28T18:35:00Z,cab-a01,sensor-top,front_top,top,inlet,22.16,normalized-temperature,good,t3262
2025-12-28T18:35:00Z,cab-a01,sensor-middle,front_middle,middle,inlet,21.06,normalized-temperature,good,t3263
2025-12-28T18:35:00Z,cab-a01,sensor-bottom,front_bottom,bottom,inlet,20.16,normalized-temperature,good,t3264
2025-12-28T18:40:00Z,cab-a01,sensor-top,front_top,top,inlet,22.171,normalized-temperature,good,t3265
2025-12-28T18:40:00Z,cab-a01,sensor-middle,front_middle,middle,inlet,21.071,normalized-temperature,good,t3266
2025-12-28T18:40:00Z,cab-a01,sensor-bottom,front_bottom,bottom,inlet,20.171,normalized-temperature,good,t3267
2025-12-28T18:45:00Z,cab-a01,sensor-top,front_top,top,inlet,22.182,normalized-temperature,good,t3268
2025-12-28T18:45:00Z,cab-a01,sensor-middle,front_middle,middle,inlet,21.082,normalized-temperature,good,t3269
2025-12-28T18:45:00Z,cab-a01,sensor-bottom,front_bottom,bottom,inlet,20.182,normalized-temperature,good,t3270
2025-12-28T18:50:00Z,cab-a01,sensor-top,front_top,top,inlet,22.192,normalized-temperature,good,t3271
2025-12-28T18:50:00Z,cab-a01,sensor-middle,front_middle,middle,inlet,21.092,normalized-temperature,good,t3272
2025-12-28T18:50:00Z,cab-a01,sensor-bottom,front_bottom,bottom,inlet,20.192,normalized-temperature,good,t3273
2025-12-28T18:55:00Z,cab-a01,sensor-top,front_top,top,inlet,22.202,normalized-temperature,good,t3274
2025-12-28T18:55:00Z,cab-a01,sensor-middle,front_middle,middle,inlet,21.102,normalized-temperature,good,t3275
2025-12-28T18:55:00Z,cab-a01,sensor-bottom,front_bottom,bottom,inlet,20.202,normalized-temperature,good,t3276
2025-12-28T19:00:00Z,cab-a01,sensor-top,front_top,top,inlet,22.211,normalized-temperature,good,t3277
2025-12-28T19:00:00Z,cab-a01,sensor-middle,front_middle,middle,inlet,21.111,normalized-temperature,good,t3278
2025-12-28T19:00:00Z,cab-a01,sensor-bottom,front_bottom,bottom,inlet,20.211,normalized-temperature,good,t3279
2025-12-28T19:05:00Z,cab-a01,sensor-top,front_top,top,inlet,22.22,normalized-temperature,good,t3280
2025-12-28T19:05:00Z,cab-a01,sensor-middle,front_middle,middle,inlet,21.12,normalized-temperature,good,t3281
2025-12-28T19:05:00Z,cab-a01,sensor-bottom,front_bottom,bottom,inlet,20.22,normalized-temperature,good,t3282
2025-12-28T19:10:00Z,cab-a01,sensor-top,front_top,top,inlet,22.228,normalized-temperature,good,t3283
2025-12-28T19:10:00Z,cab-a01,sensor-middle,front_middle,middle,inlet,21.128,normalized-temperature,good,t3284
2025-12-28T19:10:00Z,cab-a01,sensor-bottom,front_bottom,bottom,inlet,20.228,normalized-temperature,good,t3285
2025-12-28T19:15:00Z,cab-a01,sensor-top,front_top,top,inlet,22.235,normalized-temperature,good,t3286
2025-12-28T19:15:00Z,cab-a01,sensor-middle,front_middle,middle,inlet,21.135,normalized-temperature,good,t3287
2025-12-28T19:15:00Z,cab-a01,sensor-bottom,front_bottom,bottom,inlet,20.235,normalized-temperature,good,t3288
2025-12-28T19:20:00Z,cab-a01,sensor-top,front_top,top,inlet,22.242,normalized-temperature,good,t3289
2025-12-28T19:20:00Z,cab-a01,sensor-middle,front_middle,middle,inlet,21.142,normalized-temperature,good,t3290
2025-12-28T19:20:00Z,cab-a01,sensor-bottom,front_bottom,bottom,inlet,20.242,normalized-temperature,good,t3291
2025-12-28T19:25:00Z,cab-a01,sensor-top,front_top,top,inlet,22.248,normalized-temperature,good,t3292
2025-12-28T19:25:00Z,cab-a01,sensor-middle,front_middle,middle,inlet,21.148,normalized-temperature,good,t3293
2025-12-28T19:25:00Z,cab-a01,sensor-bottom,front_bottom,bottom,inlet,20.248,normalized-temperature,good,t3294
2025-12-28T19:30:00Z,cab-a01,sensor-top,front_top,top,inlet,22.253,normalized-temperature,good,t3295
2025-12-28T19:30:00Z,cab-a01,sensor-middle,front_middle,middle,inlet,21.153,normalized-temperature,good,t3296
2025-12-28T19:30:00Z,cab-a01,sensor-bottom,front_bottom,bottom,inlet,20.253,normalized-temperature,good,t3297
2025-12-28T19:35:00Z,cab-a01,sensor-top,front_top,top,inlet,22.258,normalized-temperature,good,t3298
2025-12-28T19:35:00Z,cab-a01,sensor-middle,front_middle,middle,inlet,21.158,normalized-temperature,good,t3299
2025-12-28T19:35:00Z,cab-a01,sensor-bottom,front_bottom,bottom,inlet,20.258,normalized-temperature,good,t3300
2025-12-28T19:40:00Z,cab-a01,sensor-top,front_top,top,inlet,22.262,normalized-temperature,good,t3301
2025-12-28T19:40:00Z,cab-a01,sensor-middle,front_middle,middle,inlet,21.162,normalized-temperature,good,t3302
2025-12-28T19:40:00Z,cab-a01,sensor-bottom,front_bottom,bottom,inlet,20.262,normalized-temperature,good,t3303
2025-12-28T19:45:00Z,cab-a01,sensor-top,front_top,top,inlet,22.265,normalized-temperature,good,t3304
2025-12-28T19:45:00Z,cab-a01,sensor-middle,front_middle,middle,inlet,21.165,normalized-temperature,good,t3305
2025-12-28T19:45:00Z,cab-a01,sensor-bottom,front_bottom,bottom,inlet,20.265,normalized-temperature,good,t3306
2025-12-28T19:50:00Z,cab-a01,sensor-top,front_top,top,inlet,22.268,normalized-temperature,good,t3307
2025-12-28T19:50:00Z,cab-a01,sensor-middle,front_middle,middle,inlet,21.168,normalized-temperature,good,t3308
2025-12-28T19:50:00Z,cab-a01,sensor-bottom,front_bottom,bottom,inlet,20.268,normalized-temperature,good,t3309
2025-12-28T19:55:00Z,cab-a01,sensor-top,front_top,top,inlet,22.27,normalized-temperature,good,t3310
2025-12-28T19:55:00Z,cab-a01,sensor-middle,front_middle,middle,inlet,21.17,normalized-temperature,good,t3311
2025-12-28T19:55:00Z,cab-a01,sensor-bottom,front_bottom,bottom,inlet,20.27,normalized-temperature,good,t3312
2025-12-28T20:00:00Z,cab-a01,sensor-top,front_top,top,inlet,22.272,normalized-temperature,good,t3313
2025-12-28T20:00:00Z,cab-a01,sensor-middle,front_middle,middle,inlet,21.172,normalized-temperature,good,t3314
2025-12-28T20:00:00Z,cab-a01,sensor-bottom,front_bottom,bottom,inlet,20.272,normalized-temperature,good,t3315
2025-12-28T20:05:00Z,cab-a01,sensor-top,front_top,top,inlet,22.273,normalized-temperature,good,t3316
2025-12-28T20:05:00Z,cab-a01,sensor-middle,front_middle,middle,inlet,21.173,normalized-temperature,good,t3317
2025-12-28T20:05:00Z,cab-a01,sensor-bottom,front_bottom,bottom,inlet,20.273,normalized-temperature,good,t3318
2025-12-28T20:10:00Z,cab-a01,sensor-top,front_top,top,inlet,22.273,normalized-temperature,good,t3319
2025-12-28T20:10:00Z,cab-a01,sensor-middle,front_middle,middle,inlet,21.173,normalized-temperature,good,t3320
2025-12-28T20:10:00Z,cab-a01,sensor-bottom,front_bottom,bottom,inlet,20.273,normalized-temperature,good,t3321
2025-12-28T20:15:00Z,cab-a01,sensor-top,front_top,top,inlet,22.273,normalized-temperature,good,t3322
2025-12-28T20:15:00Z,cab-a01,sensor-middle,front_middle,middle,inlet,21.173,normalized-temperature,good,t3323
2025-12-28T20:15:00Z,cab-a01,sensor-bottom,front_bottom,bottom,inlet,20.273,normalized-temperature,good,t3324
2025-12-28T20:20:00Z,cab-a01,sensor-top,front_top,top,inlet,22.272,normalized-temperature,good,t3325
2025-12-28T20:20:00Z,cab-a01,sensor-middle,front_middle,middle,inlet,21.172,normalized-temperature,good,t3326
2025-12-28T20:20:00Z,cab-a01,sensor-bottom,front_bottom,bottom,inlet,20.272,normalized-temperature,good,t3327
2025-12-28T20:25:00Z,cab-a01,sensor-top,front_top,top,inlet,22.271,normalized-temperature,good,t3328
2025-12-28T20:25:00Z,cab-a01,sensor-middle,front_middle,middle,inlet,21.171,normalized-temperature,good,t3329
2025-12-28T20:25:00Z,cab-a01,sensor-bottom,front_bottom,bottom,inlet,20.271,normalized-temperature,good,t3330
2025-12-28T20:30:00Z,cab-a01,sensor-top,front_top,top,inlet,22.269,normalized-temperature,good,t3331
2025-12-28T20:30:00Z,cab-a01,sensor-middle,front_middle,middle,inlet,21.169,normalized-temperature,good,t3332
2025-12-28T20:30:00Z,cab-a01,sensor-bottom,front_bottom,bottom,inlet,20.269,normalized-temperature,good,t3333
2025-12-28T20:35:00Z,cab-a01,sensor-top,front_top,top,inlet,22.268,normalized-temperature,good,t3334
2025-12-28T20:35:00Z,cab-a01,sensor-middle,front_middle,middle,inlet,21.168,normalized-temperature,good,t3335
2025-12-28T20:35:00Z,cab-a01,sensor-bottom,front_bottom,bottom,inlet,20.268,normalized-temperature,good,t3336
2025-12-28T20:40:00Z,cab-a01,sensor-top,front_top,top,inlet,22.266,normalized-temperature,good,t3337
2025-12-28T20:40:00Z,cab-a01,sensor-middle,front_middle,middle,inlet,21.166,normalized-temperature,good,t3338
2025-12-28T20:40:00Z,cab-a01,sensor-bottom,front_bottom,bottom,inlet,20.266,normalized-temperature,good,t3339
2025-12-28T20:45:00Z,cab-a01,sensor-top,front_top,top,inlet,22.264,normalized-temperature,good,t3340
2025-12-28T20:45:00Z,cab-a01,sensor-middle,front_middle,middle,inlet,21.164,normalized-temperature,good,t3341
2025-12-28T20:45:00Z,cab-a01,sensor-bottom,front_bottom,bottom,inlet,20.264,normalized-temperature,good,t3342
2025-12-28T20:50:00Z,cab-a01,sensor-top,front_top,top,inlet,22.261,normalized-temperature,good,t3343
2025-12-28T20:50:00Z,cab-a01,sensor-middle,front_middle,middle,inlet,21.161,normalized-temperature,good,t3344
2025-12-28T20:50:00Z,cab-a01,sensor-bottom,front_bottom,bottom,inlet,20.261,normalized-temperature,good,t3345
2025-12-28T20:55:00Z,cab-a01,sensor-top,front_top,top,inlet,22.259,normalized-temperature,good,t3346
2025-12-28T20:55:00Z,cab-a01,sensor-middle,front_middle,middle,inlet,21.159,normalized-temperature,good,t3347
2025-12-28T20:55:00Z,cab-a01,sensor-bottom,front_bottom,bottom,inlet,20.259,normalized-temperature,good,t3348
2025-12-28T21:00:00Z,cab-a01,sensor-top,front_top,top,inlet,22.257,normalized-temperature,good,t3349
2025-12-28T21:00:00Z,cab-a01,sensor-middle,front_middle,middle,inlet,21.157,normalized-temperature,good,t3350
2025-12-28T21:00:00Z,cab-a01,sensor-bottom,front_bottom,bottom,inlet,20.257,normalized-temperature,good,t3351
2025-12-28T21:05:00Z,cab-a01,sensor-top,front_top,top,inlet,22.254,normalized-temperature,good,t3352
2025-12-28T21:05:00Z,cab-a01,sensor-middle,front_middle,middle,inlet,21.154,normalized-temperature,good,t3353
2025-12-28T21:05:00Z,cab-a01,sensor-bottom,front_bottom,bottom,inlet,20.254,normalized-temperature,good,t3354
2025-12-28T21:10:00Z,cab-a01,sensor-top,front_top,top,inlet,22.252,normalized-temperature,good,t3355
2025-12-28T21:10:00Z,cab-a01,sensor-middle,front_middle,middle,inlet,21.152,normalized-temperature,good,t3356
2025-12-28T21:10:00Z,cab-a01,sensor-bottom,front_bottom,bottom,inlet,20.252,normalized-temperature,good,t3357
2025-12-28T21:15:00Z,cab-a01,sensor-top,front_top,top,inlet,22.251,normalized-temperature,good,t3358
2025-12-28T21:15:00Z,cab-a01,sensor-middle,front_middle,middle,inlet,21.151,normalized-temperature,good,t3359
2025-12-28T21:15:00Z,cab-a01,sensor-bottom,front_bottom,bottom,inlet,20.251,normalized-temperature,good,t3360
2025-12-28T21:20:00Z,cab-a01,sensor-top,front_top,top,inlet,22.249,normalized-temperature,good,t3361
2025-12-28T21:20:00Z,cab-a01,sensor-middle,front_middle,middle,inlet,21.149,normalized-temperature,good,t3362
2025-12-28T21:20:00Z,cab-a01,sensor-bottom,front_bottom,bottom,inlet,20.249,normalized-temperature,good,t3363
2025-12-28T21:25:00Z,cab-a01,sensor-top,front_top,top,inlet,22.248,normalized-temperature,good,t3364
2025-12-28T21:25:00Z,cab-a01,sensor-middle,front_middle,middle,inlet,21.148,normalized-temperature,good,t3365
2025-12-28T21:25:00Z,cab-a01,sensor-bottom,front_bottom,bottom,inlet,20.248,normalized-temperature,good,t3366
2025-12-28T21:30:00Z,cab-a01,sensor-top,front_top,top,inlet,22.247,normalized-temperature,good,t3367
2025-12-28T21:30:00Z,cab-a01,sensor-middle,front_middle,middle,inlet,21.147,normalized-temperature,good,t3368
2025-12-28T21:30:00Z,cab-a01,sensor-bottom,front_bottom,bottom,inlet,20.247,normalized-temperature,good,t3369
2025-12-28T21:35:00Z,cab-a01,sensor-top,front_top,top,inlet,22.247,normalized-temperature,good,t3370
2025-12-28T21:35:00Z,cab-a01,sensor-middle,front_middle,middle,inlet,21.147,normalized-temperature,good,t3371
2025-12-28T21:35:00Z,cab-a01,sensor-bottom,front_bottom,bottom,inlet,20.247,normalized-temperature,good,t3372
2025-12-28T21:40:00Z,cab-a01,sensor-top,front_top,top,inlet,22.248,normalized-temperature,good,t3373
2025-12-28T21:40:00Z,cab-a01,sensor-middle,front_middle,middle,inlet,21.148,normalized-temperature,good,t3374
2025-12-28T21:40:00Z,cab-a01,sensor-bottom,front_bottom,bottom,inlet,20.248,normalized-temperature,good,t3375
2025-12-28T21:45:00Z,cab-a01,sensor-top,front_top,top,inlet,22.249,normalized-temperature,good,t3376
2025-12-28T21:45:00Z,cab-a01,sensor-middle,front_middle,middle,inlet,21.149,normalized-temperature,good,t3377
2025-12-28T21:45:00Z,cab-a01,sensor-bottom,front_bottom,bottom,inlet,20.249,normalized-temperature,good,t3378
2025-12-28T21:50:00Z,cab-a01,sensor-top,front_top,top,inlet,22.25,normalized-temperature,good,t3379
2025-12-28T21:50:00Z,cab-a01,sensor-middle,front_middle,middle,inlet,21.15,normalized-temperature,good,t3380
2025-12-28T21:50:00Z,cab-a01,sensor-bottom,front_bottom,bottom,inlet,20.25,normalized-temperature,good,t3381
2025-12-28T21:55:00Z,cab-a01,sensor-top,front_top,top,inlet,22.253,normalized-temperature,good,t3382
2025-12-28T21:55:00Z,cab-a01,sensor-middle,front_middle,middle,inlet,21.153,normalized-temperature,good,t3383
2025-12-28T21:55:00Z,cab-a01,sensor-bottom,front_bottom,bottom,inlet,20.253,normalized-temperature,good,t3384
2025-12-28T22:00:00Z,cab-a01,sensor-top,front_top,top,inlet,22.256,normalized-temperature,good,t3385
2025-12-28T22:00:00Z,cab-a01,sensor-middle,front_middle,middle,inlet,21.156,normalized-temperature,good,t3386
2025-12-28T22:00:00Z,cab-a01,sensor-bottom,front_bottom,bottom,inlet,20.256,normalized-temperature,good,t3387
2025-12-28T22:05:00Z,cab-a01,sensor-top,front_top,top,inlet,22.26,normalized-temperature,good,t3388
2025-12-28T22:05:00Z,cab-a01,sensor-middle,front_middle,middle,inlet,21.16,normalized-temperature,good,t3389
2025-12-28T22:05:00Z,cab-a01,sensor-bottom,front_bottom,bottom,inlet,20.26,normalized-temperature,good,t3390
2025-12-28T22:10:00Z,cab-a01,sensor-top,front_top,top,inlet,22.264,normalized-temperature,good,t3391
2025-12-28T22:10:00Z,cab-a01,sensor-middle,front_middle,middle,inlet,21.164,normalized-temperature,good,t3392
2025-12-28T22:10:00Z,cab-a01,sensor-bottom,front_bottom,bottom,inlet,20.264,normalized-temperature,good,t3393
2025-12-28T22:15:00Z,cab-a01,sensor-top,front_top,top,inlet,22.27,normalized-temperature,good,t3394
2025-12-28T22:15:00Z,cab-a01,sensor-middle,front_middle,middle,inlet,21.17,normalized-temperature,good,t3395
2025-12-28T22:15:00Z,cab-a01,sensor-bottom,front_bottom,bottom,inlet,20.27,normalized-temperature,good,t3396
2025-12-28T22:20:00Z,cab-a01,sensor-top,front_top,top,inlet,22.276,normalized-temperature,good,t3397
2025-12-28T22:20:00Z,cab-a01,sensor-middle,front_middle,middle,inlet,21.176,normalized-temperature,good,t3398
2025-12-28T22:20:00Z,cab-a01,sensor-bottom,front_bottom,bottom,inlet,20.276,normalized-temperature,good,t3399
2025-12-28T22:25:00Z,cab-a01,sensor-top,front_top,top,inlet,22.283,normalized-temperature,good,t3400
2025-12-28T22:25:00Z,cab-a01,sensor-middle,front_middle,middle,inlet,21.183,normalized-temperature,good,t3401
2025-12-28T22:25:00Z,cab-a01,sensor-bottom,front_bottom,bottom,inlet,20.283,normalized-temperature,good,t3402
2025-12-28T22:30:00Z,cab-a01,sensor-top,front_top,top,inlet,22.292,normalized-temperature,good,t3403
2025-12-28T22:30:00Z,cab-a01,sensor-middle,front_middle,middle,inlet,21.192,normalized-temperature,good,t3404
2025-12-28T22:30:00Z,cab-a01,sensor-bottom,front_bottom,bottom,inlet,20.292,normalized-temperature,good,t3405
2025-12-28T22:35:00Z,cab-a01,sensor-top,front_top,top,inlet,22.301,normalized-temperature,good,t3406
2025-12-28T22:35:00Z,cab-a01,sensor-middle,front_middle,middle,inlet,21.201,normalized-temperature,good,t3407
2025-12-28T22:35:00Z,cab-a01,sensor-bottom,front_bottom,bottom,inlet,20.301,normalized-temperature,good,t3408
2025-12-28T22:40:00Z,cab-a01,sensor-top,front_top,top,inlet,22.31,normalized-temperature,good,t3409
2025-12-28T22:40:00Z,cab-a01,sensor-middle,front_middle,middle,inlet,21.21,normalized-temperature,good,t3410
2025-12-28T22:40:00Z,cab-a01,sensor-bottom,front_bottom,bottom,inlet,20.31,normalized-temperature,good,t3411
2025-12-28T22:45:00Z,cab-a01,sensor-top,front_top,top,inlet,22.321,normalized-temperature,good,t3412
2025-12-28T22:45:00Z,cab-a01,sensor-middle,front_middle,middle,inlet,21.221,normalized-temperature,good,t3413
2025-12-28T22:45:00Z,cab-a01,sensor-bottom,front_bottom,bottom,inlet,20.321,normalized-temperature,good,t3414
2025-12-28T22:50:00Z,cab-a01,sensor-top,front_top,top,inlet,22.332,normalized-temperature,good,t3415
2025-12-28T22:50:00Z,cab-a01,sensor-middle,front_middle,middle,inlet,21.232,normalized-temperature,good,t3416
2025-12-28T22:50:00Z,cab-a01,sensor-bottom,front_bottom,bottom,inlet,20.332,normalized-temperature,good,t3417
2025-12-28T22:55:00Z,cab-a01,sensor-top,front_top,top,inlet,22.345,normalized-temperature,good,t3418
2025-12-28T22:55:00Z,cab-a01,sensor-middle,front_middle,middle,inlet,21.245,normalized-temperature,good,t3419
2025-12-28T22:55:00Z,cab-a01,sensor-bottom,front_bottom,bottom,inlet,20.345,normalized-temperature,good,t3420
2025-12-28T23:00:00Z,cab-a01,sensor-top,front_top,top,inlet,22.358,normalized-temperature,good,t3421
2025-12-28T23:00:00Z,cab-a01,sensor-middle,front_middle,middle,inlet,21.258,normalized-temperature,good,t3422
2025-12-28T23:00:00Z,cab-a01,sensor-bottom,front_bottom,bottom,inlet,20.358,normalized-temperature,good,t3423
2025-12-28T23:05:00Z,cab-a01,sensor-top,front_top,top,inlet,22.372,normalized-temperature,good,t3424
2025-12-28T23:05:00Z,cab-a01,sensor-middle,front_middle,middle,inlet,21.272,normalized-temperature,good,t3425
2025-12-28T23:05:00Z,cab-a01,sensor-bottom,front_bottom,bottom,inlet,20.372,normalized-temperature,good,t3426
2025-12-28T23:10:00Z,cab-a01,sensor-top,front_top,top,inlet,22.386,normalized-temperature,good,t3427
2025-12-28T23:10:00Z,cab-a01,sensor-middle,front_middle,middle,inlet,21.286,normalized-temperature,good,t3428
2025-12-28T23:10:00Z,cab-a01,sensor-bottom,front_bottom,bottom,inlet,20.386,normalized-temperature,good,t3429
2025-12-28T23:15:00Z,cab-a01,sensor-top,front_top,top,inlet,22.401,normalized-temperature,good,t3430
2025-12-28T23:15:00Z,cab-a01,sensor-middle,front_middle,middle,inlet,21.301,normalized-temperature,good,t3431
2025-12-28T23:15:00Z,cab-a01,sensor-bottom,front_bottom,bottom,inlet,20.401,normalized-temperature,good,t3432
2025-12-28T23:20:00Z,cab-a01,sensor-top,front_top,top,inlet,22.417,normalized-temperature,good,t3433
2025-12-28T23:20:00Z,cab-a01,sensor-middle,front_middle,middle,inlet,21.317,normalized-temperature,good,t3434
2025-12-28T23:20:00Z,cab-a01,sensor-bottom,front_bottom,bottom,inlet,20.417,normalized-temperature,good,t3435
2025-12-28T23:25:00Z,cab-a01,sensor-top,front_top,top,inlet,22.433,normalized-temperature,good,t3436
2025-12-28T23:25:00Z,cab-a01,sensor-middle,front_middle,middle,inlet,21.333,normalized-temperature,good,t3437
2025-12-28T23:25:00Z,cab-a01,sensor-bottom,front_bottom,bottom,inlet,20.433,normalized-temperature,good,t3438
2025-12-28T23:30:00Z,cab-a01,sensor-top,front_top,top,inlet,22.45,normalized-temperature,good,t3439
2025-12-28T23:30:00Z,cab-a01,sensor-middle,front_middle,middle,inlet,21.35,normalized-temperature,good,t3440
2025-12-28T23:30:00Z,cab-a01,sensor-bottom,front_bottom,bottom,inlet,20.45,normalized-temperature,good,t3441
2025-12-28T23:35:00Z,cab-a01,sensor-top,front_top,top,inlet,22.467,normalized-temperature,good,t3442
2025-12-28T23:35:00Z,cab-a01,sensor-middle,front_middle,middle,inlet,21.367,normalized-temperature,good,t3443
2025-12-28T23:35:00Z,cab-a01,sensor-bottom,front_bottom,bottom,inlet,20.467,normalized-temperature,good,t3444
2025-12-28T23:40:00Z,cab-a01,sensor-top,front_top,top,inlet,22.484,normalized-temperature,good,t3445
2025-12-28T23:40:00Z,cab-a01,sensor-middle,front_middle,middle,inlet,21.384,normalized-temperature,good,t3446
2025-12-28T23:40:00Z,cab-a01,sensor-bottom,front_bottom,bottom,inlet,20.484,normalized-temperature,good,t3447
2025-12-28T23:45:00Z,cab-a01,sensor-top,front_top,top,inlet,22.502,normalized-temperature,good,t3448
2025-12-28T23:45:00Z,cab-a01,sensor-middle,front_middle,middle,inlet,21.402,normalized-temperature,good,t3449
2025-12-28T23:45:00Z,cab-a01,sensor-bottom,front_bottom,bottom,inlet,20.502,normalized-temperature,good,t3450
2025-12-28T23:50:00Z,cab-a01,sensor-top,front_top,top,inlet,22.52,normalized-temperature,good,t3451
2025-12-28T23:50:00Z,cab-a01,sensor-middle,front_middle,middle,inlet,21.42,normalized-temperature,good,t3452
2025-12-28T23:50:00Z,cab-a01,sensor-bottom,front_bottom,bottom,inlet,20.52,normalized-temperature,good,t3453
2025-12-28T23:55:00Z,cab-a01,sensor-top,front_top,top,inlet,22.538,normalized-temperature,good,t3454
2025-12-28T23:55:00Z,cab-a01,sensor-middle,front_middle,middle,inlet,21.438,normalized-temperature,good,t3455
2025-12-28T23:55:00Z,cab-a01,sensor-bottom,front_bottom,bottom,inlet,20.538,normalized-temperature,good,t3456
2025-12-29T00:00:00Z,cab-a01,sensor-top,front_top,top,inlet,22.556,normalized-temperature,good,t3457
2025-12-29T00:00:00Z,cab-a01,sensor-middle,front_middle,middle,inlet,21.456,normalized-temperature,good,t3458
2025-12-29T00:00:00Z,cab-a01,sensor-bottom,front_bottom,bottom,inlet,20.556,normalized-temperature,good,t3459
2025-12-29T00:05:00Z,cab-a01,sensor-top,front_top,top,inlet,22.574,normalized-temperature,good,t3460
2025-12-29T00:05:00Z,cab-a01,sensor-middle,front_middle,middle,inlet,21.474,normalized-temperature,good,t3461
2025-12-29T00:05:00Z,cab-a01,sensor-bottom,front_bottom,bottom,inlet,20.574,normalized-temperature,good,t3462
2025-12-29T00:10:00Z,cab-a01,sensor-top,front_top,top,inlet,22.592,normalized-temperature,good,t3463
2025-12-29T00:10:00Z,cab-a01,sensor-middle,front_middle,middle,inlet,21.492,normalized-temperature,good,t3464
2025-12-29T00:10:00Z,cab-a01,sensor-bottom,front_bottom,bottom,inlet,20.592,normalized-temperature,good,t3465
2025-12-29T00:15:00Z,cab-a01,sensor-top,front_top,top,inlet,22.609,normalized-temperature,good,t3466
2025-12-29T00:15:00Z,cab-a01,sensor-middle,front_middle,middle,inlet,21.509,normalized-temperature,good,t3467
2025-12-29T00:15:00Z,cab-a01,sensor-bottom,front_bottom,bottom,inlet,20.609,normalized-temperature,good,t3468
2025-12-29T00:20:00Z,cab-a01,sensor-top,front_top,top,inlet,22.627,normalized-temperature,good,t3469
2025-12-29T00:20:00Z,cab-a01,sensor-middle,front_middle,middle,inlet,21.527,normalized-temperature,good,t3470
2025-12-29T00:20:00Z,cab-a01,sensor-bottom,front_bottom,bottom,inlet,20.627,normalized-temperature,good,t3471
2025-12-29T00:25:00Z,cab-a01,sensor-top,front_top,top,inlet,22.644,normalized-temperature,good,t3472
2025-12-29T00:25:00Z,cab-a01,sensor-middle,front_middle,middle,inlet,21.544,normalized-temperature,good,t3473
2025-12-29T00:25:00Z,cab-a01,sensor-bottom,front_bottom,bottom,inlet,20.644,normalized-temperature,good,t3474
2025-12-29T00:30:00Z,cab-a01,sensor-top,front_top,top,inlet,22.66,normalized-temperature,good,t3475
2025-12-29T00:30:00Z,cab-a01,sensor-middle,front_middle,middle,inlet,21.56,normalized-temperature,good,t3476
2025-12-29T00:30:00Z,cab-a01,sensor-bottom,front_bottom,bottom,inlet,20.66,normalized-temperature,good,t3477
2025-12-29T00:35:00Z,cab-a01,sensor-top,front_top,top,inlet,22.677,normalized-temperature,good,t3478
2025-12-29T00:35:00Z,cab-a01,sensor-middle,front_middle,middle,inlet,21.577,normalized-temperature,good,t3479
2025-12-29T00:35:00Z,cab-a01,sensor-bottom,front_bottom,bottom,inlet,20.677,normalized-temperature,good,t3480
2025-12-29T00:40:00Z,cab-a01,sensor-top,front_top,top,inlet,22.692,normalized-temperature,good,t3481
2025-12-29T00:40:00Z,cab-a01,sensor-middle,front_middle,middle,inlet,21.592,normalized-temperature,good,t3482
2025-12-29T00:40:00Z,cab-a01,sensor-bottom,front_bottom,bottom,inlet,20.692,normalized-temperature,good,t3483
2025-12-29T00:45:00Z,cab-a01,sensor-top,front_top,top,inlet,22.707,normalized-temperature,good,t3484
2025-12-29T00:45:00Z,cab-a01,sensor-middle,front_middle,middle,inlet,21.607,normalized-temperature,good,t3485
2025-12-29T00:45:00Z,cab-a01,sensor-bottom,front_bottom,bottom,inlet,20.707,normalized-temperature,good,t3486
2025-12-29T00:50:00Z,cab-a01,sensor-top,front_top,top,inlet,22.721,normalized-temperature,good,t3487
2025-12-29T00:50:00Z,cab-a01,sensor-middle,front_middle,middle,inlet,21.621,normalized-temperature,good,t3488
2025-12-29T00:50:00Z,cab-a01,sensor-bottom,front_bottom,bottom,inlet,20.721,normalized-temperature,good,t3489
2025-12-29T00:55:00Z,cab-a01,sensor-top,front_top,top,inlet,22.735,normalized-temperature,good,t3490
2025-12-29T00:55:00Z,cab-a01,sensor-middle,front_middle,middle,inlet,21.635,normalized-temperature,good,t3491
2025-12-29T00:55:00Z,cab-a01,sensor-bottom,front_bottom,bottom,inlet,20.735,normalized-temperature,good,t3492
2025-12-29T01:00:00Z,cab-a01,sensor-top,front_top,top,inlet,22.748,normalized-temperature,good,t3493
2025-12-29T01:00:00Z,cab-a01,sensor-middle,front_middle,middle,inlet,21.648,normalized-temperature,good,t3494
2025-12-29T01:00:00Z,cab-a01,sensor-bottom,front_bottom,bottom,inlet,20.748,normalized-temperature,good,t3495
2025-12-29T01:05:00Z,cab-a01,sensor-top,front_top,top,inlet,22.76,normalized-temperature,good,t3496
2025-12-29T01:05:00Z,cab-a01,sensor-middle,front_middle,middle,inlet,21.66,normalized-temperature,good,t3497
2025-12-29T01:05:00Z,cab-a01,sensor-bottom,front_bottom,bottom,inlet,20.76,normalized-temperature,good,t3498
2025-12-29T01:10:00Z,cab-a01,sensor-top,front_top,top,inlet,22.771,normalized-temperature,good,t3499
2025-12-29T01:10:00Z,cab-a01,sensor-middle,front_middle,middle,inlet,21.671,normalized-temperature,good,t3500
2025-12-29T01:10:00Z,cab-a01,sensor-bottom,front_bottom,bottom,inlet,20.771,normalized-temperature,good,t3501
2025-12-29T01:15:00Z,cab-a01,sensor-top,front_top,top,inlet,22.781,normalized-temperature,good,t3502
2025-12-29T01:15:00Z,cab-a01,sensor-middle,front_middle,middle,inlet,21.681,normalized-temperature,good,t3503
2025-12-29T01:15:00Z,cab-a01,sensor-bottom,front_bottom,bottom,inlet,20.781,normalized-temperature,good,t3504
2025-12-29T01:20:00Z,cab-a01,sensor-top,front_top,top,inlet,22.79,normalized-temperature,good,t3505
2025-12-29T01:20:00Z,cab-a01,sensor-middle,front_middle,middle,inlet,21.69,normalized-temperature,good,t3506
2025-12-29T01:20:00Z,cab-a01,sensor-bottom,front_bottom,bottom,inlet,20.79,normalized-temperature,good,t3507
2025-12-29T01:25:00Z,cab-a01,sensor-top,front_top,top,inlet,22.799,normalized-temperature,good,t3508
2025-12-29T01:25:00Z,cab-a01,sensor-middle,front_middle,middle,inlet,21.699,normalized-temperature,good,t3509
2025-12-29T01:25:00Z,cab-a01,sensor-bottom,front_bottom,bottom,inlet,20.799,normalized-temperature,good,t3510
2025-12-29T01:30:00Z,cab-a01,sensor-top,front_top,top,inlet,22.806,normalized-temperature,good,t3511
2025-12-29T01:30:00Z,cab-a01,sensor-middle,front_middle,middle,inlet,21.706,normalized-temperature,good,t3512
2025-12-29T01:30:00Z,cab-a01,sensor-bottom,front_bottom,bottom,inlet,20.806,normalized-temperature,good,t3513
2025-12-29T01:35:00Z,cab-a01,sensor-top,front_top,top,inlet,22.813,normalized-temperature,good,t3514
2025-12-29T01:35:00Z,cab-a01,sensor-middle,front_middle,middle,inlet,21.713,normalized-temperature,good,t3515
2025-12-29T01:35:00Z,cab-a01,sensor-bottom,front_bottom,bottom,inlet,20.813,normalized-temperature,good,t3516
2025-12-29T01:40:00Z,cab-a01,sensor-top,front_top,top,inlet,22.818,normalized-temperature,good,t3517
2025-12-29T01:40:00Z,cab-a01,sensor-middle,front_middle,middle,inlet,21.718,normalized-temperature,good,t3518
2025-12-29T01:40:00Z,cab-a01,sensor-bottom,front_bottom,bottom,inlet,20.818,normalized-temperature,good,t3519
2025-12-29T01:45:00Z,cab-a01,sensor-top,front_top,top,inlet,22.823,normalized-temperature,good,t3520
2025-12-29T01:45:00Z,cab-a01,sensor-middle,front_middle,middle,inlet,21.723,normalized-temperature,good,t3521
2025-12-29T01:45:00Z,cab-a01,sensor-bottom,front_bottom,bottom,inlet,20.823,normalized-temperature,good,t3522
2025-12-29T01:50:00Z,cab-a01,sensor-top,front_top,top,inlet,22.827,normalized-temperature,good,t3523
2025-12-29T01:50:00Z,cab-a01,sensor-middle,front_middle,middle,inlet,21.727,normalized-temperature,good,t3524
2025-12-29T01:50:00Z,cab-a01,sensor-bottom,front_bottom,bottom,inlet,20.827,normalized-temperature,good,t3525
2025-12-29T01:55:00Z,cab-a01,sensor-top,front_top,top,inlet,22.83,normalized-temperature,good,t3526
2025-12-29T01:55:00Z,cab-a01,sensor-middle,front_middle,middle,inlet,21.73,normalized-temperature,good,t3527
2025-12-29T01:55:00Z,cab-a01,sensor-bottom,front_bottom,bottom,inlet,20.83,normalized-temperature,good,t3528
2025-12-29T02:00:00Z,cab-a01,sensor-top,front_top,top,inlet,22.831,normalized-temperature,good,t3529
2025-12-29T02:00:00Z,cab-a01,sensor-middle,front_middle,middle,inlet,21.731,normalized-temperature,good,t3530
2025-12-29T02:00:00Z,cab-a01,sensor-bottom,front_bottom,bottom,inlet,20.831,normalized-temperature,good,t3531
2025-12-29T02:05:00Z,cab-a01,sensor-top,front_top,top,inlet,22.832,normalized-temperature,good,t3532
2025-12-29T02:05:00Z,cab-a01,sensor-middle,front_middle,middle,inlet,21.732,normalized-temperature,good,t3533
2025-12-29T02:05:00Z,cab-a01,sensor-bottom,front_bottom,bottom,inlet,20.832,normalized-temperature,good,t3534
2025-12-29T02:10:00Z,cab-a01,sensor-top,front_top,top,inlet,22.833,normalized-temperature,good,t3535
2025-12-29T02:10:00Z,cab-a01,sensor-middle,front_middle,middle,inlet,21.733,normalized-temperature,good,t3536
2025-12-29T02:10:00Z,cab-a01,sensor-bottom,front_bottom,bottom,inlet,20.833,normalized-temperature,good,t3537
2025-12-29T02:15:00Z,cab-a01,sensor-top,front_top,top,inlet,22.832,normalized-temperature,good,t3538
2025-12-29T02:15:00Z,cab-a01,sensor-middle,front_middle,middle,inlet,21.732,normalized-temperature,good,t3539
2025-12-29T02:15:00Z,cab-a01,sensor-bottom,front_bottom,bottom,inlet,20.832,normalized-temperature,good,t3540
2025-12-29T02:20:00Z,cab-a01,sensor-top,front_top,top,inlet,22.831,normalized-temperature,good,t3541
2025-12-29T02:20:00Z,cab-a01,sensor-middle,front_middle,middle,inlet,21.731,normalized-temperature,good,t3542
2025-12-29T02:20:00Z,cab-a01,sensor-bottom,front_bottom,bottom,inlet,20.831,normalized-temperature,good,t3543
2025-12-29T02:25:00Z,cab-a01,sensor-top,front_top,top,inlet,22.829,normalized-temperature,good,t3544
2025-12-29T02:25:00Z,cab-a01,sensor-middle,front_middle,middle,inlet,21.729,normalized-temperature,good,t3545
2025-12-29T02:25:00Z,cab-a01,sensor-bottom,front_bottom,bottom,inlet,20.829,normalized-temperature,good,t3546
2025-12-29T02:30:00Z,cab-a01,sensor-top,front_top,top,inlet,22.826,normalized-temperature,good,t3547
2025-12-29T02:30:00Z,cab-a01,sensor-middle,front_middle,middle,inlet,21.726,normalized-temperature,good,t3548
2025-12-29T02:30:00Z,cab-a01,sensor-bottom,front_bottom,bottom,inlet,20.826,normalized-temperature,good,t3549
2025-12-29T02:35:00Z,cab-a01,sensor-top,front_top,top,inlet,22.823,normalized-temperature,good,t3550
2025-12-29T02:35:00Z,cab-a01,sensor-middle,front_middle,middle,inlet,21.723,normalized-temperature,good,t3551
2025-12-29T02:35:00Z,cab-a01,sensor-bottom,front_bottom,bottom,inlet,20.823,normalized-temperature,good,t3552
2025-12-29T02:40:00Z,cab-a01,sensor-top,front_top,top,inlet,22.82,normalized-temperature,good,t3553
2025-12-29T02:40:00Z,cab-a01,sensor-middle,front_middle,middle,inlet,21.72,normalized-temperature,good,t3554
2025-12-29T02:40:00Z,cab-a01,sensor-bottom,front_bottom,bottom,inlet,20.82,normalized-temperature,good,t3555
2025-12-29T02:45:00Z,cab-a01,sensor-top,front_top,top,inlet,22.816,normalized-temperature,good,t3556
2025-12-29T02:45:00Z,cab-a01,sensor-middle,front_middle,middle,inlet,21.716,normalized-temperature,good,t3557
2025-12-29T02:45:00Z,cab-a01,sensor-bottom,front_bottom,bottom,inlet,20.816,normalized-temperature,good,t3558
2025-12-29T02:50:00Z,cab-a01,sensor-top,front_top,top,inlet,22.811,normalized-temperature,good,t3559
2025-12-29T02:50:00Z,cab-a01,sensor-middle,front_middle,middle,inlet,21.711,normalized-temperature,good,t3560
2025-12-29T02:50:00Z,cab-a01,sensor-bottom,front_bottom,bottom,inlet,20.811,normalized-temperature,good,t3561
2025-12-29T02:55:00Z,cab-a01,sensor-top,front_top,top,inlet,22.806,normalized-temperature,good,t3562
2025-12-29T02:55:00Z,cab-a01,sensor-middle,front_middle,middle,inlet,21.706,normalized-temperature,good,t3563
2025-12-29T02:55:00Z,cab-a01,sensor-bottom,front_bottom,bottom,inlet,20.806,normalized-temperature,good,t3564
2025-12-29T03:00:00Z,cab-a01,sensor-top,front_top,top,inlet,22.801,normalized-temperature,good,t3565
2025-12-29T03:00:00Z,cab-a01,sensor-middle,front_middle,middle,inlet,21.701,normalized-temperature,good,t3566
2025-12-29T03:00:00Z,cab-a01,sensor-bottom,front_bottom,bottom,inlet,20.801,normalized-temperature,good,t3567
2025-12-29T03:05:00Z,cab-a01,sensor-top,front_top,top,inlet,22.796,normalized-temperature,good,t3568
2025-12-29T03:05:00Z,cab-a01,sensor-middle,front_middle,middle,inlet,21.696,normalized-temperature,good,t3569
2025-12-29T03:05:00Z,cab-a01,sensor-bottom,front_bottom,bottom,inlet,20.796,normalized-temperature,good,t3570
2025-12-29T03:10:00Z,cab-a01,sensor-top,front_top,top,inlet,22.791,normalized-temperature,good,t3571
2025-12-29T03:10:00Z,cab-a01,sensor-middle,front_middle,middle,inlet,21.691,normalized-temperature,good,t3572
2025-12-29T03:10:00Z,cab-a01,sensor-bottom,front_bottom,bottom,inlet,20.791,normalized-temperature,good,t3573
2025-12-29T03:15:00Z,cab-a01,sensor-top,front_top,top,inlet,22.786,normalized-temperature,good,t3574
2025-12-29T03:15:00Z,cab-a01,sensor-middle,front_middle,middle,inlet,21.686,normalized-temperature,good,t3575
2025-12-29T03:15:00Z,cab-a01,sensor-bottom,front_bottom,bottom,inlet,20.786,normalized-temperature,good,t3576
2025-12-29T03:20:00Z,cab-a01,sensor-top,front_top,top,inlet,22.78,normalized-temperature,good,t3577
2025-12-29T03:20:00Z,cab-a01,sensor-middle,front_middle,middle,inlet,21.68,normalized-temperature,good,t3578
2025-12-29T03:20:00Z,cab-a01,sensor-bottom,front_bottom,bottom,inlet,20.78,normalized-temperature,good,t3579
2025-12-29T03:25:00Z,cab-a01,sensor-top,front_top,top,inlet,22.775,normalized-temperature,good,t3580
2025-12-29T03:25:00Z,cab-a01,sensor-middle,front_middle,middle,inlet,21.675,normalized-temperature,good,t3581
2025-12-29T03:25:00Z,cab-a01,sensor-bottom,front_bottom,bottom,inlet,20.775,normalized-temperature,good,t3582
2025-12-29T03:30:00Z,cab-a01,sensor-top,front_top,top,inlet,22.771,normalized-temperature,good,t3583
2025-12-29T03:30:00Z,cab-a01,sensor-middle,front_middle,middle,inlet,21.671,normalized-temperature,good,t3584
2025-12-29T03:30:00Z,cab-a01,sensor-bottom,front_bottom,bottom,inlet,20.771,normalized-temperature,good,t3585
2025-12-29T03:35:00Z,cab-a01,sensor-top,front_top,top,inlet,22.766,normalized-temperature,good,t3586
2025-12-29T03:35:00Z,cab-a01,sensor-middle,front_middle,middle,inlet,21.666,normalized-temperature,good,t3587
2025-12-29T03:35:00Z,cab-a01,sensor-bottom,front_bottom,bottom,inlet,20.766,normalized-temperature,good,t3588
2025-12-29T03:40:00Z,cab-a01,sensor-top,front_top,top,inlet,22.762,normalized-temperature,good,t3589
2025-12-29T03:40:00Z,cab-a01,sensor-middle,front_middle,middle,inlet,21.662,normalized-temperature,good,t3590
2025-12-29T03:40:00Z,cab-a01,sensor-bottom,front_bottom,bottom,inlet,20.762,normalized-temperature,good,t3591
2025-12-29T03:45:00Z,cab-a01,sensor-top,front_top,top,inlet,22.758,normalized-temperature,good,t3592
2025-12-29T03:45:00Z,cab-a01,sensor-middle,front_middle,middle,inlet,21.658,normalized-temperature,good,t3593
2025-12-29T03:45:00Z,cab-a01,sensor-bottom,front_bottom,bottom,inlet,20.758,normalized-temperature,good,t3594
2025-12-29T03:50:00Z,cab-a01,sensor-top,front_top,top,inlet,22.754,normalized-temperature,good,t3595
2025-12-29T03:50:00Z,cab-a01,sensor-middle,front_middle,middle,inlet,21.654,normalized-temperature,good,t3596
2025-12-29T03:50:00Z,cab-a01,sensor-bottom,front_bottom,bottom,inlet,20.754,normalized-temperature,good,t3597
2025-12-29T03:55:00Z,cab-a01,sensor-top,front_top,top,inlet,22.751,normalized-temperature,good,t3598
2025-12-29T03:55:00Z,cab-a01,sensor-middle,front_middle,middle,inlet,21.651,normalized-temperature,good,t3599
2025-12-29T03:55:00Z,cab-a01,sensor-bottom,front_bottom,bottom,inlet,20.751,normalized-temperature,good,t3600
2025-12-29T04:00:00Z,cab-a01,sensor-top,front_top,top,inlet,22.748,normalized-temperature,good,t3601
2025-12-29T04:00:00Z,cab-a01,sensor-middle,front_middle,middle,inlet,21.648,normalized-temperature,good,t3602
2025-12-29T04:00:00Z,cab-a01,sensor-bottom,front_bottom,bottom,inlet,20.748,normalized-temperature,good,t3603
2025-12-29T04:05:00Z,cab-a01,sensor-top,front_top,top,inlet,22.746,normalized-temperature,good,t3604
2025-12-29T04:05:00Z,cab-a01,sensor-middle,front_middle,middle,inlet,21.646,normalized-temperature,good,t3605
2025-12-29T04:05:00Z,cab-a01,sensor-bottom,front_bottom,bottom,inlet,20.746,normalized-temperature,good,t3606
2025-12-29T04:10:00Z,cab-a01,sensor-top,front_top,top,inlet,22.745,normalized-temperature,good,t3607
2025-12-29T04:10:00Z,cab-a01,sensor-middle,front_middle,middle,inlet,21.645,normalized-temperature,good,t3608
2025-12-29T04:10:00Z,cab-a01,sensor-bottom,front_bottom,bottom,inlet,20.745,normalized-temperature,good,t3609
2025-12-29T04:15:00Z,cab-a01,sensor-top,front_top,top,inlet,22.744,normalized-temperature,good,t3610
2025-12-29T04:15:00Z,cab-a01,sensor-middle,front_middle,middle,inlet,21.644,normalized-temperature,good,t3611
2025-12-29T04:15:00Z,cab-a01,sensor-bottom,front_bottom,bottom,inlet,20.744,normalized-temperature,good,t3612
2025-12-29T04:20:00Z,cab-a01,sensor-top,front_top,top,inlet,22.744,normalized-temperature,good,t3613
2025-12-29T04:20:00Z,cab-a01,sensor-middle,front_middle,middle,inlet,21.644,normalized-temperature,good,t3614
2025-12-29T04:20:00Z,cab-a01,sensor-bottom,front_bottom,bottom,inlet,20.744,normalized-temperature,good,t3615
2025-12-29T04:25:00Z,cab-a01,sensor-top,front_top,top,inlet,22.744,normalized-temperature,good,t3616
2025-12-29T04:25:00Z,cab-a01,sensor-middle,front_middle,middle,inlet,21.644,normalized-temperature,good,t3617
2025-12-29T04:25:00Z,cab-a01,sensor-bottom,front_bottom,bottom,inlet,20.744,normalized-temperature,good,t3618
2025-12-29T04:30:00Z,cab-a01,sensor-top,front_top,top,inlet,22.745,normalized-temperature,good,t3619
2025-12-29T04:30:00Z,cab-a01,sensor-middle,front_middle,middle,inlet,21.645,normalized-temperature,good,t3620
2025-12-29T04:30:00Z,cab-a01,sensor-bottom,front_bottom,bottom,inlet,20.745,normalized-temperature,good,t3621
2025-12-29T04:35:00Z,cab-a01,sensor-top,front_top,top,inlet,22.747,normalized-temperature,good,t3622
2025-12-29T04:35:00Z,cab-a01,sensor-middle,front_middle,middle,inlet,21.647,normalized-temperature,good,t3623
2025-12-29T04:35:00Z,cab-a01,sensor-bottom,front_bottom,bottom,inlet,20.747,normalized-temperature,good,t3624
2025-12-29T04:40:00Z,cab-a01,sensor-top,front_top,top,inlet,22.749,normalized-temperature,good,t3625
2025-12-29T04:40:00Z,cab-a01,sensor-middle,front_middle,middle,inlet,21.649,normalized-temperature,good,t3626
2025-12-29T04:40:00Z,cab-a01,sensor-bottom,front_bottom,bottom,inlet,20.749,normalized-temperature,good,t3627
2025-12-29T04:45:00Z,cab-a01,sensor-top,front_top,top,inlet,22.752,normalized-temperature,good,t3628
2025-12-29T04:45:00Z,cab-a01,sensor-middle,front_middle,middle,inlet,21.652,normalized-temperature,good,t3629
2025-12-29T04:45:00Z,cab-a01,sensor-bottom,front_bottom,bottom,inlet,20.752,normalized-temperature,good,t3630
2025-12-29T04:50:00Z,cab-a01,sensor-top,front_top,top,inlet,22.756,normalized-temperature,good,t3631
2025-12-29T04:50:00Z,cab-a01,sensor-middle,front_middle,middle,inlet,21.656,normalized-temperature,good,t3632
2025-12-29T04:50:00Z,cab-a01,sensor-bottom,front_bottom,bottom,inlet,20.756,normalized-temperature,good,t3633
2025-12-29T04:55:00Z,cab-a01,sensor-top,front_top,top,inlet,22.76,normalized-temperature,good,t3634
2025-12-29T04:55:00Z,cab-a01,sensor-middle,front_middle,middle,inlet,21.66,normalized-temperature,good,t3635
2025-12-29T04:55:00Z,cab-a01,sensor-bottom,front_bottom,bottom,inlet,20.76,normalized-temperature,good,t3636
2025-12-29T05:00:00Z,cab-a01,sensor-top,front_top,top,inlet,22.765,normalized-temperature,good,t3637
2025-12-29T05:00:00Z,cab-a01,sensor-middle,front_middle,middle,inlet,21.665,normalized-temperature,good,t3638
2025-12-29T05:00:00Z,cab-a01,sensor-bottom,front_bottom,bottom,inlet,20.765,normalized-temperature,good,t3639
2025-12-29T05:05:00Z,cab-a01,sensor-top,front_top,top,inlet,22.77,normalized-temperature,good,t3640
2025-12-29T05:05:00Z,cab-a01,sensor-middle,front_middle,middle,inlet,21.67,normalized-temperature,good,t3641
2025-12-29T05:05:00Z,cab-a01,sensor-bottom,front_bottom,bottom,inlet,20.77,normalized-temperature,good,t3642
2025-12-29T05:10:00Z,cab-a01,sensor-top,front_top,top,inlet,22.776,normalized-temperature,good,t3643
2025-12-29T05:10:00Z,cab-a01,sensor-middle,front_middle,middle,inlet,21.676,normalized-temperature,good,t3644
2025-12-29T05:10:00Z,cab-a01,sensor-bottom,front_bottom,bottom,inlet,20.776,normalized-temperature,good,t3645
2025-12-29T05:15:00Z,cab-a01,sensor-top,front_top,top,inlet,22.782,normalized-temperature,good,t3646
2025-12-29T05:15:00Z,cab-a01,sensor-middle,front_middle,middle,inlet,21.682,normalized-temperature,good,t3647
2025-12-29T05:15:00Z,cab-a01,sensor-bottom,front_bottom,bottom,inlet,20.782,normalized-temperature,good,t3648
2025-12-29T05:20:00Z,cab-a01,sensor-top,front_top,top,inlet,22.789,normalized-temperature,good,t3649
2025-12-29T05:20:00Z,cab-a01,sensor-middle,front_middle,middle,inlet,21.689,normalized-temperature,good,t3650
2025-12-29T05:20:00Z,cab-a01,sensor-bottom,front_bottom,bottom,inlet,20.789,normalized-temperature,good,t3651
2025-12-29T05:25:00Z,cab-a01,sensor-top,front_top,top,inlet,22.796,normalized-temperature,good,t3652
2025-12-29T05:25:00Z,cab-a01,sensor-middle,front_middle,middle,inlet,21.696,normalized-temperature,good,t3653
2025-12-29T05:25:00Z,cab-a01,sensor-bottom,front_bottom,bottom,inlet,20.796,normalized-temperature,good,t3654
2025-12-29T05:30:00Z,cab-a01,sensor-top,front_top,top,inlet,22.803,normalized-temperature,good,t3655
2025-12-29T05:30:00Z,cab-a01,sensor-middle,front_middle,middle,inlet,21.703,normalized-temperature,good,t3656
2025-12-29T05:30:00Z,cab-a01,sensor-bottom,front_bottom,bottom,inlet,20.803,normalized-temperature,good,t3657
2025-12-29T05:35:00Z,cab-a01,sensor-top,front_top,top,inlet,22.81,normalized-temperature,good,t3658
2025-12-29T05:35:00Z,cab-a01,sensor-middle,front_middle,middle,inlet,21.71,normalized-temperature,good,t3659
2025-12-29T05:35:00Z,cab-a01,sensor-bottom,front_bottom,bottom,inlet,20.81,normalized-temperature,good,t3660
2025-12-29T05:40:00Z,cab-a01,sensor-top,front_top,top,inlet,22.818,normalized-temperature,good,t3661
2025-12-29T05:40:00Z,cab-a01,sensor-middle,front_middle,middle,inlet,21.718,normalized-temperature,good,t3662
2025-12-29T05:40:00Z,cab-a01,sensor-bottom,front_bottom,bottom,inlet,20.818,normalized-temperature,good,t3663
2025-12-29T05:45:00Z,cab-a01,sensor-top,front_top,top,inlet,22.826,normalized-temperature,good,t3664
2025-12-29T05:45:00Z,cab-a01,sensor-middle,front_middle,middle,inlet,21.726,normalized-temperature,good,t3665
2025-12-29T05:45:00Z,cab-a01,sensor-bottom,front_bottom,bottom,inlet,20.826,normalized-temperature,good,t3666
2025-12-29T05:50:00Z,cab-a01,sensor-top,front_top,top,inlet,22.834,normalized-temperature,good,t3667
2025-12-29T05:50:00Z,cab-a01,sensor-middle,front_middle,middle,inlet,21.734,normalized-temperature,good,t3668
2025-12-29T05:50:00Z,cab-a01,sensor-bottom,front_bottom,bottom,inlet,20.834,normalized-temperature,good,t3669
2025-12-29T05:55:00Z,cab-a01,sensor-top,front_top,top,inlet,22.841,normalized-temperature,good,t3670
2025-12-29T05:55:00Z,cab-a01,sensor-middle,front_middle,middle,inlet,21.741,normalized-temperature,good,t3671
2025-12-29T05:55:00Z,cab-a01,sensor-bottom,front_bottom,bottom,inlet,20.841,normalized-temperature,good,t3672
2025-12-29T06:00:00Z,cab-a01,sensor-top,front_top,top,inlet,22.849,normalized-temperature,good,t3673
2025-12-29T06:00:00Z,cab-a01,sensor-middle,front_middle,middle,inlet,21.749,normalized-temperature,good,t3674
2025-12-29T06:00:00Z,cab-a01,sensor-bottom,front_bottom,bottom,inlet,20.849,normalized-temperature,good,t3675
2025-12-29T06:05:00Z,cab-a01,sensor-top,front_top,top,inlet,22.857,normalized-temperature,good,t3676
2025-12-29T06:05:00Z,cab-a01,sensor-middle,front_middle,middle,inlet,21.757,normalized-temperature,good,t3677
2025-12-29T06:05:00Z,cab-a01,sensor-bottom,front_bottom,bottom,inlet,20.857,normalized-temperature,good,t3678
2025-12-29T06:10:00Z,cab-a01,sensor-top,front_top,top,inlet,22.864,normalized-temperature,good,t3679
2025-12-29T06:10:00Z,cab-a01,sensor-middle,front_middle,middle,inlet,21.764,normalized-temperature,good,t3680
2025-12-29T06:10:00Z,cab-a01,sensor-bottom,front_bottom,bottom,inlet,20.864,normalized-temperature,good,t3681
2025-12-29T06:15:00Z,cab-a01,sensor-top,front_top,top,inlet,22.871,normalized-temperature,good,t3682
2025-12-29T06:15:00Z,cab-a01,sensor-middle,front_middle,middle,inlet,21.771,normalized-temperature,good,t3683
2025-12-29T06:15:00Z,cab-a01,sensor-bottom,front_bottom,bottom,inlet,20.871,normalized-temperature,good,t3684
2025-12-29T06:20:00Z,cab-a01,sensor-top,front_top,top,inlet,22.877,normalized-temperature,good,t3685
2025-12-29T06:20:00Z,cab-a01,sensor-middle,front_middle,middle,inlet,21.777,normalized-temperature,good,t3686
2025-12-29T06:20:00Z,cab-a01,sensor-bottom,front_bottom,bottom,inlet,20.877,normalized-temperature,good,t3687
2025-12-29T06:25:00Z,cab-a01,sensor-top,front_top,top,inlet,22.883,normalized-temperature,good,t3688
2025-12-29T06:25:00Z,cab-a01,sensor-middle,front_middle,middle,inlet,21.783,normalized-temperature,good,t3689
2025-12-29T06:25:00Z,cab-a01,sensor-bottom,front_bottom,bottom,inlet,20.883,normalized-temperature,good,t3690
2025-12-29T06:30:00Z,cab-a01,sensor-top,front_top,top,inlet,22.889,normalized-temperature,good,t3691
2025-12-29T06:30:00Z,cab-a01,sensor-middle,front_middle,middle,inlet,21.789,normalized-temperature,good,t3692
2025-12-29T06:30:00Z,cab-a01,sensor-bottom,front_bottom,bottom,inlet,20.889,normalized-temperature,good,t3693
2025-12-29T06:35:00Z,cab-a01,sensor-top,front_top,top,inlet,22.894,normalized-temperature,good,t3694
2025-12-29T06:35:00Z,cab-a01,sensor-middle,front_middle,middle,inlet,21.794,normalized-temperature,good,t3695
2025-12-29T06:35:00Z,cab-a01,sensor-bottom,front_bottom,bottom,inlet,20.894,normalized-temperature,good,t3696
2025-12-29T06:40:00Z,cab-a01,sensor-top,front_top,top,inlet,22.898,normalized-temperature,good,t3697
2025-12-29T06:40:00Z,cab-a01,sensor-middle,front_middle,middle,inlet,21.798,normalized-temperature,good,t3698
2025-12-29T06:40:00Z,cab-a01,sensor-bottom,front_bottom,bottom,inlet,20.898,normalized-temperature,good,t3699
2025-12-29T06:45:00Z,cab-a01,sensor-top,front_top,top,inlet,22.902,normalized-temperature,good,t3700
2025-12-29T06:45:00Z,cab-a01,sensor-middle,front_middle,middle,inlet,21.802,normalized-temperature,good,t3701
2025-12-29T06:45:00Z,cab-a01,sensor-bottom,front_bottom,bottom,inlet,20.902,normalized-temperature,good,t3702
2025-12-29T06:50:00Z,cab-a01,sensor-top,front_top,top,inlet,22.904,normalized-temperature,good,t3703
2025-12-29T06:50:00Z,cab-a01,sensor-middle,front_middle,middle,inlet,21.804,normalized-temperature,good,t3704
2025-12-29T06:50:00Z,cab-a01,sensor-bottom,front_bottom,bottom,inlet,20.904,normalized-temperature,good,t3705
2025-12-29T06:55:00Z,cab-a01,sensor-top,front_top,top,inlet,22.906,normalized-temperature,good,t3706
2025-12-29T06:55:00Z,cab-a01,sensor-middle,front_middle,middle,inlet,21.806,normalized-temperature,good,t3707
2025-12-29T06:55:00Z,cab-a01,sensor-bottom,front_bottom,bottom,inlet,20.906,normalized-temperature,good,t3708
2025-12-29T07:00:00Z,cab-a01,sensor-top,front_top,top,inlet,22.907,normalized-temperature,good,t3709
2025-12-29T07:00:00Z,cab-a01,sensor-middle,front_middle,middle,inlet,21.807,normalized-temperature,good,t3710
2025-12-29T07:00:00Z,cab-a01,sensor-bottom,front_bottom,bottom,inlet,20.907,normalized-temperature,good,t3711
2025-12-29T07:05:00Z,cab-a01,sensor-top,front_top,top,inlet,22.908,normalized-temperature,good,t3712
2025-12-29T07:05:00Z,cab-a01,sensor-middle,front_middle,middle,inlet,21.808,normalized-temperature,good,t3713
2025-12-29T07:05:00Z,cab-a01,sensor-bottom,front_bottom,bottom,inlet,20.908,normalized-temperature,good,t3714
2025-12-29T07:10:00Z,cab-a01,sensor-top,front_top,top,inlet,22.907,normalized-temperature,good,t3715
2025-12-29T07:10:00Z,cab-a01,sensor-middle,front_middle,middle,inlet,21.807,normalized-temperature,good,t3716
2025-12-29T07:10:00Z,cab-a01,sensor-bottom,front_bottom,bottom,inlet,20.907,normalized-temperature,good,t3717
2025-12-29T07:15:00Z,cab-a01,sensor-top,front_top,top,inlet,22.905,normalized-temperature,good,t3718
2025-12-29T07:15:00Z,cab-a01,sensor-middle,front_middle,middle,inlet,21.805,normalized-temperature,good,t3719
2025-12-29T07:15:00Z,cab-a01,sensor-bottom,front_bottom,bottom,inlet,20.905,normalized-temperature,good,t3720
2025-12-29T07:20:00Z,cab-a01,sensor-top,front_top,top,inlet,22.903,normalized-temperature,good,t3721
2025-12-29T07:20:00Z,cab-a01,sensor-middle,front_middle,middle,inlet,21.803,normalized-temperature,good,t3722
2025-12-29T07:20:00Z,cab-a01,sensor-bottom,front_bottom,bottom,inlet,20.903,normalized-temperature,good,t3723
2025-12-29T07:25:00Z,cab-a01,sensor-top,front_top,top,inlet,22.899,normalized-temperature,good,t3724
2025-12-29T07:25:00Z,cab-a01,sensor-middle,front_middle,middle,inlet,21.799,normalized-temperature,good,t3725
2025-12-29T07:25:00Z,cab-a01,sensor-bottom,front_bottom,bottom,inlet,20.899,normalized-temperature,good,t3726
2025-12-29T07:30:00Z,cab-a01,sensor-top,front_top,top,inlet,22.895,normalized-temperature,good,t3727
2025-12-29T07:30:00Z,cab-a01,sensor-middle,front_middle,middle,inlet,21.795,normalized-temperature,good,t3728
2025-12-29T07:30:00Z,cab-a01,sensor-bottom,front_bottom,bottom,inlet,20.895,normalized-temperature,good,t3729
2025-12-29T07:35:00Z,cab-a01,sensor-top,front_top,top,inlet,22.889,normalized-temperature,good,t3730
2025-12-29T07:35:00Z,cab-a01,sensor-middle,front_middle,middle,inlet,21.789,normalized-temperature,good,t3731
2025-12-29T07:35:00Z,cab-a01,sensor-bottom,front_bottom,bottom,inlet,20.889,normalized-temperature,good,t3732
2025-12-29T07:40:00Z,cab-a01,sensor-top,front_top,top,inlet,22.883,normalized-temperature,good,t3733
2025-12-29T07:40:00Z,cab-a01,sensor-middle,front_middle,middle,inlet,21.783,normalized-temperature,good,t3734
2025-12-29T07:40:00Z,cab-a01,sensor-bottom,front_bottom,bottom,inlet,20.883,normalized-temperature,good,t3735
2025-12-29T07:45:00Z,cab-a01,sensor-top,front_top,top,inlet,22.875,normalized-temperature,good,t3736
2025-12-29T07:45:00Z,cab-a01,sensor-middle,front_middle,middle,inlet,21.775,normalized-temperature,good,t3737
2025-12-29T07:45:00Z,cab-a01,sensor-bottom,front_bottom,bottom,inlet,20.875,normalized-temperature,good,t3738
2025-12-29T07:50:00Z,cab-a01,sensor-top,front_top,top,inlet,22.867,normalized-temperature,good,t3739
2025-12-29T07:50:00Z,cab-a01,sensor-middle,front_middle,middle,inlet,21.767,normalized-temperature,good,t3740
2025-12-29T07:50:00Z,cab-a01,sensor-bottom,front_bottom,bottom,inlet,20.867,normalized-temperature,good,t3741
2025-12-29T07:55:00Z,cab-a01,sensor-top,front_top,top,inlet,22.857,normalized-temperature,good,t3742
2025-12-29T07:55:00Z,cab-a01,sensor-middle,front_middle,middle,inlet,21.757,normalized-temperature,good,t3743
2025-12-29T07:55:00Z,cab-a01,sensor-bottom,front_bottom,bottom,inlet,20.857,normalized-temperature,good,t3744
2025-12-29T08:00:00Z,cab-a01,sensor-top,front_top,top,inlet,22.847,normalized-temperature,good,t3745
2025-12-29T08:00:00Z,cab-a01,sensor-middle,front_middle,middle,inlet,21.747,normalized-temperature,good,t3746
2025-12-29T08:00:00Z,cab-a01,sensor-bottom,front_bottom,bottom,inlet,20.847,normalized-temperature,good,t3747
2025-12-29T08:05:00Z,cab-a01,sensor-top,front_top,top,inlet,22.836,normalized-temperature,good,t3748
2025-12-29T08:05:00Z,cab-a01,sensor-middle,front_middle,middle,inlet,21.736,normalized-temperature,good,t3749
2025-12-29T08:05:00Z,cab-a01,sensor-bottom,front_bottom,bottom,inlet,20.836,normalized-temperature,good,t3750
2025-12-29T08:10:00Z,cab-a01,sensor-top,front_top,top,inlet,22.824,normalized-temperature,good,t3751
2025-12-29T08:10:00Z,cab-a01,sensor-middle,front_middle,middle,inlet,21.724,normalized-temperature,good,t3752
2025-12-29T08:10:00Z,cab-a01,sensor-bottom,front_bottom,bottom,inlet,20.824,normalized-temperature,good,t3753
2025-12-29T08:15:00Z,cab-a01,sensor-top,front_top,top,inlet,22.811,normalized-temperature,good,t3754
2025-12-29T08:15:00Z,cab-a01,sensor-middle,front_middle,middle,inlet,21.711,normalized-temperature,good,t3755
2025-12-29T08:15:00Z,cab-a01,sensor-bottom,front_bottom,bottom,inlet,20.811,normalized-temperature,good,t3756
2025-12-29T08:20:00Z,cab-a01,sensor-top,front_top,top,inlet,22.797,normalized-temperature,good,t3757
2025-12-29T08:20:00Z,cab-a01,sensor-middle,front_middle,middle,inlet,21.697,normalized-temperature,good,t3758
2025-12-29T08:20:00Z,cab-a01,sensor-bottom,front_bottom,bottom,inlet,20.797,normalized-temperature,good,t3759
2025-12-29T08:25:00Z,cab-a01,sensor-top,front_top,top,inlet,22.783,normalized-temperature,good,t3760
2025-12-29T08:25:00Z,cab-a01,sensor-middle,front_middle,middle,inlet,21.683,normalized-temperature,good,t3761
2025-12-29T08:25:00Z,cab-a01,sensor-bottom,front_bottom,bottom,inlet,20.783,normalized-temperature,good,t3762
2025-12-29T08:30:00Z,cab-a01,sensor-top,front_top,top,inlet,22.769,normalized-temperature,good,t3763
2025-12-29T08:30:00Z,cab-a01,sensor-middle,front_middle,middle,inlet,21.669,normalized-temperature,good,t3764
2025-12-29T08:30:00Z,cab-a01,sensor-bottom,front_bottom,bottom,inlet,20.769,normalized-temperature,good,t3765
2025-12-29T08:35:00Z,cab-a01,sensor-top,front_top,top,inlet,22.753,normalized-temperature,good,t3766
2025-12-29T08:35:00Z,cab-a01,sensor-middle,front_middle,middle,inlet,21.653,normalized-temperature,good,t3767
2025-12-29T08:35:00Z,cab-a01,sensor-bottom,front_bottom,bottom,inlet,20.753,normalized-temperature,good,t3768
2025-12-29T08:40:00Z,cab-a01,sensor-top,front_top,top,inlet,22.738,normalized-temperature,good,t3769
2025-12-29T08:40:00Z,cab-a01,sensor-middle,front_middle,middle,inlet,21.638,normalized-temperature,good,t3770
2025-12-29T08:40:00Z,cab-a01,sensor-bottom,front_bottom,bottom,inlet,20.738,normalized-temperature,good,t3771
2025-12-29T08:45:00Z,cab-a01,sensor-top,front_top,top,inlet,22.721,normalized-temperature,good,t3772
2025-12-29T08:45:00Z,cab-a01,sensor-middle,front_middle,middle,inlet,21.621,normalized-temperature,good,t3773
2025-12-29T08:45:00Z,cab-a01,sensor-bottom,front_bottom,bottom,inlet,20.721,normalized-temperature,good,t3774
2025-12-29T08:50:00Z,cab-a01,sensor-top,front_top,top,inlet,22.705,normalized-temperature,good,t3775
2025-12-29T08:50:00Z,cab-a01,sensor-middle,front_middle,middle,inlet,21.605,normalized-temperature,good,t3776
2025-12-29T08:50:00Z,cab-a01,sensor-bottom,front_bottom,bottom,inlet,20.705,normalized-temperature,good,t3777
2025-12-29T08:55:00Z,cab-a01,sensor-top,front_top,top,inlet,22.688,normalized-temperature,good,t3778
2025-12-29T08:55:00Z,cab-a01,sensor-middle,front_middle,middle,inlet,21.588,normalized-temperature,good,t3779
2025-12-29T08:55:00Z,cab-a01,sensor-bottom,front_bottom,bottom,inlet,20.688,normalized-temperature,good,t3780
2025-12-29T09:00:00Z,cab-a01,sensor-top,front_top,top,inlet,22.671,normalized-temperature,good,t3781
2025-12-29T09:00:00Z,cab-a01,sensor-middle,front_middle,middle,inlet,21.571,normalized-temperature,good,t3782
2025-12-29T09:00:00Z,cab-a01,sensor-bottom,front_bottom,bottom,inlet,20.671,normalized-temperature,good,t3783
2025-12-29T09:05:00Z,cab-a01,sensor-top,front_top,top,inlet,22.654,normalized-temperature,good,t3784
2025-12-29T09:05:00Z,cab-a01,sensor-middle,front_middle,middle,inlet,21.554,normalized-temperature,good,t3785
2025-12-29T09:05:00Z,cab-a01,sensor-bottom,front_bottom,bottom,inlet,20.654,normalized-temperature,good,t3786
2025-12-29T09:10:00Z,cab-a01,sensor-top,front_top,top,inlet,22.637,normalized-temperature,good,t3787
2025-12-29T09:10:00Z,cab-a01,sensor-middle,front_middle,middle,inlet,21.537,normalized-temperature,good,t3788
2025-12-29T09:10:00Z,cab-a01,sensor-bottom,front_bottom,bottom,inlet,20.637,normalized-temperature,good,t3789
2025-12-29T09:15:00Z,cab-a01,sensor-top,front_top,top,inlet,22.62,normalized-temperature,good,t3790
2025-12-29T09:15:00Z,cab-a01,sensor-middle,front_middle,middle,inlet,21.52,normalized-temperature,good,t3791
2025-12-29T09:15:00Z,cab-a01,sensor-bottom,front_bottom,bottom,inlet,20.62,normalized-temperature,good,t3792
2025-12-29T09:20:00Z,cab-a01,sensor-top,front_top,top,inlet,22.604,normalized-temperature,good,t3793
2025-12-29T09:20:00Z,cab-a01,sensor-middle,front_middle,middle,inlet,21.504,normalized-temperature,good,t3794
2025-12-29T09:20:00Z,cab-a01,sensor-bottom,front_bottom,bottom,inlet,20.604,normalized-temperature,good,t3795
2025-12-29T09:25:00Z,cab-a01,sensor-top,front_top,top,inlet,22.587,normalized-temperature,good,t3796
2025-12-29T09:25:00Z,cab-a01,sensor-middle,front_middle,middle,inlet,21.487,normalized-temperature,good,t3797
2025-12-29T09:25:00Z,cab-a01,sensor-bottom,front_bottom,bottom,inlet,20.587,normalized-temperature,good,t3798
2025-12-29T09:30:00Z,cab-a01,sensor-top,front_top,top,inlet,22.571,normalized-temperature,good,t3799
2025-12-29T09:30:00Z,cab-a01,sensor-middle,front_middle,middle,inlet,21.471,normalized-temperature,good,t3800
2025-12-29T09:30:00Z,cab-a01,sensor-bottom,front_bottom,bottom,inlet,20.571,normalized-temperature,good,t3801
2025-12-29T09:35:00Z,cab-a01,sensor-top,front_top,top,inlet,22.555,normalized-temperature,good,t3802
2025-12-29T09:35:00Z,cab-a01,sensor-middle,front_middle,middle,inlet,21.455,normalized-temperature,good,t3803
2025-12-29T09:35:00Z,cab-a01,sensor-bottom,front_bottom,bottom,inlet,20.555,normalized-temperature,good,t3804
2025-12-29T09:40:00Z,cab-a01,sensor-top,front_top,top,inlet,22.539,normalized-temperature,good,t3805
2025-12-29T09:40:00Z,cab-a01,sensor-middle,front_middle,middle,inlet,21.439,normalized-temperature,good,t3806
2025-12-29T09:40:00Z,cab-a01,sensor-bottom,front_bottom,bottom,inlet,20.539,normalized-temperature,good,t3807
2025-12-29T09:45:00Z,cab-a01,sensor-top,front_top,top,inlet,22.524,normalized-temperature,good,t3808
2025-12-29T09:45:00Z,cab-a01,sensor-middle,front_middle,middle,inlet,21.424,normalized-temperature,good,t3809
2025-12-29T09:45:00Z,cab-a01,sensor-bottom,front_bottom,bottom,inlet,20.524,normalized-temperature,good,t3810
2025-12-29T09:50:00Z,cab-a01,sensor-top,front_top,top,inlet,22.509,normalized-temperature,good,t3811
2025-12-29T09:50:00Z,cab-a01,sensor-middle,front_middle,middle,inlet,21.409,normalized-temperature,good,t3812
2025-12-29T09:50:00Z,cab-a01,sensor-bottom,front_bottom,bottom,inlet,20.509,normalized-temperature,good,t3813
2025-12-29T09:55:00Z,cab-a01,sensor-top,front_top,top,inlet,22.495,normalized-temperature,good,t3814
2025-12-29T09:55:00Z,cab-a01,sensor-middle,front_middle,middle,inlet,21.395,normalized-temperature,good,t3815
2025-12-29T09:55:00Z,cab-a01,sensor-bottom,front_bottom,bottom,inlet,20.495,normalized-temperature,good,t3816
2025-12-29T10:00:00Z,cab-a01,sensor-top,front_top,top,inlet,22.482,normalized-temperature,good,t3817
2025-12-29T10:00:00Z,cab-a01,sensor-middle,front_middle,middle,inlet,21.382,normalized-temperature,good,t3818
2025-12-29T10:00:00Z,cab-a01,sensor-bottom,front_bottom,bottom,inlet,20.482,normalized-temperature,good,t3819
2025-12-29T10:05:00Z,cab-a01,sensor-top,front_top,top,inlet,22.469,normalized-temperature,good,t3820
2025-12-29T10:05:00Z,cab-a01,sensor-middle,front_middle,middle,inlet,21.369,normalized-temperature,good,t3821
2025-12-29T10:05:00Z,cab-a01,sensor-bottom,front_bottom,bottom,inlet,20.469,normalized-temperature,good,t3822
2025-12-29T10:10:00Z,cab-a01,sensor-top,front_top,top,inlet,22.457,normalized-temperature,good,t3823
2025-12-29T10:10:00Z,cab-a01,sensor-middle,front_middle,middle,inlet,21.357,normalized-temperature,good,t3824
2025-12-29T10:10:00Z,cab-a01,sensor-bottom,front_bottom,bottom,inlet,20.457,normalized-temperature,good,t3825
2025-12-29T10:15:00Z,cab-a01,sensor-top,front_top,top,inlet,22.446,normalized-temperature,good,t3826
2025-12-29T10:15:00Z,cab-a01,sensor-middle,front_middle,middle,inlet,21.346,normalized-temperature,good,t3827
2025-12-29T10:15:00Z,cab-a01,sensor-bottom,front_bottom,bottom,inlet,20.446,normalized-temperature,good,t3828
2025-12-29T10:20:00Z,cab-a01,sensor-top,front_top,top,inlet,22.435,normalized-temperature,good,t3829
2025-12-29T10:20:00Z,cab-a01,sensor-middle,front_middle,middle,inlet,21.335,normalized-temperature,good,t3830
2025-12-29T10:20:00Z,cab-a01,sensor-bottom,front_bottom,bottom,inlet,20.435,normalized-temperature,good,t3831
2025-12-29T10:25:00Z,cab-a01,sensor-top,front_top,top,inlet,22.425,normalized-temperature,good,t3832
2025-12-29T10:25:00Z,cab-a01,sensor-middle,front_middle,middle,inlet,21.325,normalized-temperature,good,t3833
2025-12-29T10:25:00Z,cab-a01,sensor-bottom,front_bottom,bottom,inlet,20.425,normalized-temperature,good,t3834
2025-12-29T10:30:00Z,cab-a01,sensor-top,front_top,top,inlet,22.416,normalized-temperature,good,t3835
2025-12-29T10:30:00Z,cab-a01,sensor-middle,front_middle,middle,inlet,21.316,normalized-temperature,good,t3836
2025-12-29T10:30:00Z,cab-a01,sensor-bottom,front_bottom,bottom,inlet,20.416,normalized-temperature,good,t3837
2025-12-29T10:35:00Z,cab-a01,sensor-top,front_top,top,inlet,22.408,normalized-temperature,good,t3838
2025-12-29T10:35:00Z,cab-a01,sensor-middle,front_middle,middle,inlet,21.308,normalized-temperature,good,t3839
2025-12-29T10:35:00Z,cab-a01,sensor-bottom,front_bottom,bottom,inlet,20.408,normalized-temperature,good,t3840
2025-12-29T10:40:00Z,cab-a01,sensor-top,front_top,top,inlet,22.401,normalized-temperature,good,t3841
2025-12-29T10:40:00Z,cab-a01,sensor-middle,front_middle,middle,inlet,21.301,normalized-temperature,good,t3842
2025-12-29T10:40:00Z,cab-a01,sensor-bottom,front_bottom,bottom,inlet,20.401,normalized-temperature,good,t3843
2025-12-29T10:45:00Z,cab-a01,sensor-top,front_top,top,inlet,22.394,normalized-temperature,good,t3844
2025-12-29T10:45:00Z,cab-a01,sensor-middle,front_middle,middle,inlet,21.294,normalized-temperature,good,t3845
2025-12-29T10:45:00Z,cab-a01,sensor-bottom,front_bottom,bottom,inlet,20.394,normalized-temperature,good,t3846
2025-12-29T10:50:00Z,cab-a01,sensor-top,front_top,top,inlet,22.389,normalized-temperature,good,t3847
2025-12-29T10:50:00Z,cab-a01,sensor-middle,front_middle,middle,inlet,21.289,normalized-temperature,good,t3848
2025-12-29T10:50:00Z,cab-a01,sensor-bottom,front_bottom,bottom,inlet,20.389,normalized-temperature,good,t3849
2025-12-29T10:55:00Z,cab-a01,sensor-top,front_top,top,inlet,22.384,normalized-temperature,good,t3850
2025-12-29T10:55:00Z,cab-a01,sensor-middle,front_middle,middle,inlet,21.284,normalized-temperature,good,t3851
2025-12-29T10:55:00Z,cab-a01,sensor-bottom,front_bottom,bottom,inlet,20.384,normalized-temperature,good,t3852
2025-12-29T11:00:00Z,cab-a01,sensor-top,front_top,top,inlet,22.38,normalized-temperature,good,t3853
2025-12-29T11:00:00Z,cab-a01,sensor-middle,front_middle,middle,inlet,21.28,normalized-temperature,good,t3854
2025-12-29T11:00:00Z,cab-a01,sensor-bottom,front_bottom,bottom,inlet,20.38,normalized-temperature,good,t3855
2025-12-29T11:05:00Z,cab-a01,sensor-top,front_top,top,inlet,22.376,normalized-temperature,good,t3856
2025-12-29T11:05:00Z,cab-a01,sensor-middle,front_middle,middle,inlet,21.276,normalized-temperature,good,t3857
2025-12-29T11:05:00Z,cab-a01,sensor-bottom,front_bottom,bottom,inlet,20.376,normalized-temperature,good,t3858
2025-12-29T11:10:00Z,cab-a01,sensor-top,front_top,top,inlet,22.373,normalized-temperature,good,t3859
2025-12-29T11:10:00Z,cab-a01,sensor-middle,front_middle,middle,inlet,21.273,normalized-temperature,good,t3860
2025-12-29T11:10:00Z,cab-a01,sensor-bottom,front_bottom,bottom,inlet,20.373,normalized-temperature,good,t3861
2025-12-29T11:15:00Z,cab-a01,sensor-top,front_top,top,inlet,22.371,normalized-temperature,good,t3862
2025-12-29T11:15:00Z,cab-a01,sensor-middle,front_middle,middle,inlet,21.271,normalized-temperature,good,t3863
2025-12-29T11:15:00Z,cab-a01,sensor-bottom,front_bottom,bottom,inlet,20.371,normalized-temperature,good,t3864
2025-12-29T11:20:00Z,cab-a01,sensor-top,front_top,top,inlet,22.37,normalized-temperature,good,t3865
2025-12-29T11:20:00Z,cab-a01,sensor-middle,front_middle,middle,inlet,21.27,normalized-temperature,good,t3866
2025-12-29T11:20:00Z,cab-a01,sensor-bottom,front_bottom,bottom,inlet,20.37,normalized-temperature,good,t3867
2025-12-29T11:25:00Z,cab-a01,sensor-top,front_top,top,inlet,22.369,normalized-temperature,good,t3868
2025-12-29T11:25:00Z,cab-a01,sensor-middle,front_middle,middle,inlet,21.269,normalized-temperature,good,t3869
2025-12-29T11:25:00Z,cab-a01,sensor-bottom,front_bottom,bottom,inlet,20.369,normalized-temperature,good,t3870
2025-12-29T11:30:00Z,cab-a01,sensor-top,front_top,top,inlet,22.368,normalized-temperature,good,t3871
2025-12-29T11:30:00Z,cab-a01,sensor-middle,front_middle,middle,inlet,21.268,normalized-temperature,good,t3872
2025-12-29T11:30:00Z,cab-a01,sensor-bottom,front_bottom,bottom,inlet,20.368,normalized-temperature,good,t3873
2025-12-29T11:35:00Z,cab-a01,sensor-top,front_top,top,inlet,22.368,normalized-temperature,good,t3874
2025-12-29T11:35:00Z,cab-a01,sensor-middle,front_middle,middle,inlet,21.268,normalized-temperature,good,t3875
2025-12-29T11:35:00Z,cab-a01,sensor-bottom,front_bottom,bottom,inlet,20.368,normalized-temperature,good,t3876
2025-12-29T11:40:00Z,cab-a01,sensor-top,front_top,top,inlet,22.368,normalized-temperature,good,t3877
2025-12-29T11:40:00Z,cab-a01,sensor-middle,front_middle,middle,inlet,21.268,normalized-temperature,good,t3878
2025-12-29T11:40:00Z,cab-a01,sensor-bottom,front_bottom,bottom,inlet,20.368,normalized-temperature,good,t3879
2025-12-29T11:45:00Z,cab-a01,sensor-top,front_top,top,inlet,23.029,normalized-temperature,good,t3880
2025-12-29T11:45:00Z,cab-a01,sensor-middle,front_middle,middle,inlet,21.929,normalized-temperature,good,t3881
2025-12-29T11:45:00Z,cab-a01,sensor-bottom,front_bottom,bottom,inlet,21.029,normalized-temperature,good,t3882
2025-12-29T11:50:00Z,cab-a01,sensor-top,front_top,top,inlet,23.03,normalized-temperature,good,t3883
2025-12-29T11:50:00Z,cab-a01,sensor-middle,front_middle,middle,inlet,21.93,normalized-temperature,good,t3884
2025-12-29T11:50:00Z,cab-a01,sensor-bottom,front_bottom,bottom,inlet,21.03,normalized-temperature,good,t3885
2025-12-29T11:55:00Z,cab-a01,sensor-top,front_top,top,inlet,23.031,normalized-temperature,good,t3886
2025-12-29T11:55:00Z,cab-a01,sensor-middle,front_middle,middle,inlet,21.931,normalized-temperature,good,t3887
2025-12-29T11:55:00Z,cab-a01,sensor-bottom,front_bottom,bottom,inlet,21.031,normalized-temperature,good,t3888
2025-12-29T12:00:00Z,cab-a01,sensor-top,front_top,top,inlet,22.372,normalized-temperature,good,t3889
2025-12-29T12:00:00Z,cab-a01,sensor-middle,front_middle,middle,inlet,21.272,normalized-temperature,good,t3890
2025-12-29T12:00:00Z,cab-a01,sensor-bottom,front_bottom,bottom,inlet,20.372,normalized-temperature,good,t3891
2025-12-29T12:05:00Z,cab-a01,sensor-top,front_top,top,inlet,22.373,normalized-temperature,good,t3892
2025-12-29T12:05:00Z,cab-a01,sensor-middle,front_middle,middle,inlet,21.273,normalized-temperature,good,t3893
2025-12-29T12:05:00Z,cab-a01,sensor-bottom,front_bottom,bottom,inlet,20.373,normalized-temperature,good,t3894
2025-12-29T12:10:00Z,cab-a01,sensor-top,front_top,top,inlet,22.374,normalized-temperature,good,t3895
2025-12-29T12:10:00Z,cab-a01,sensor-middle,front_middle,middle,inlet,21.274,normalized-temperature,good,t3896
2025-12-29T12:10:00Z,cab-a01,sensor-bottom,front_bottom,bottom,inlet,20.374,normalized-temperature,good,t3897
2025-12-29T12:15:00Z,cab-a01,sensor-top,front_top,top,inlet,22.376,normalized-temperature,good,t3898
2025-12-29T12:15:00Z,cab-a01,sensor-middle,front_middle,middle,inlet,21.276,normalized-temperature,good,t3899
2025-12-29T12:15:00Z,cab-a01,sensor-bottom,front_bottom,bottom,inlet,20.376,normalized-temperature,good,t3900
2025-12-29T12:20:00Z,cab-a01,sensor-top,front_top,top,inlet,22.376,normalized-temperature,good,t3901
2025-12-29T12:20:00Z,cab-a01,sensor-middle,front_middle,middle,inlet,21.276,normalized-temperature,good,t3902
2025-12-29T12:20:00Z,cab-a01,sensor-bottom,front_bottom,bottom,inlet,20.376,normalized-temperature,good,t3903
2025-12-29T12:25:00Z,cab-a01,sensor-top,front_top,top,inlet,22.377,normalized-temperature,good,t3904
2025-12-29T12:25:00Z,cab-a01,sensor-middle,front_middle,middle,inlet,21.277,normalized-temperature,good,t3905
2025-12-29T12:25:00Z,cab-a01,sensor-bottom,front_bottom,bottom,inlet,20.377,normalized-temperature,good,t3906
2025-12-29T12:30:00Z,cab-a01,sensor-top,front_top,top,inlet,22.378,normalized-temperature,good,t3907
2025-12-29T12:30:00Z,cab-a01,sensor-middle,front_middle,middle,inlet,21.278,normalized-temperature,good,t3908
2025-12-29T12:30:00Z,cab-a01,sensor-bottom,front_bottom,bottom,inlet,20.378,normalized-temperature,good,t3909
2025-12-29T12:35:00Z,cab-a01,sensor-top,front_top,top,inlet,22.378,normalized-temperature,good,t3910
2025-12-29T12:35:00Z,cab-a01,sensor-middle,front_middle,middle,inlet,21.278,normalized-temperature,good,t3911
2025-12-29T12:35:00Z,cab-a01,sensor-bottom,front_bottom,bottom,inlet,20.378,normalized-temperature,good,t3912
2025-12-29T12:40:00Z,cab-a01,sensor-top,front_top,top,inlet,22.377,normalized-temperature,good,t3913
2025-12-29T12:40:00Z,cab-a01,sensor-middle,front_middle,middle,inlet,21.277,normalized-temperature,good,t3914
2025-12-29T12:40:00Z,cab-a01,sensor-bottom,front_bottom,bottom,inlet,20.377,normalized-temperature,good,t3915
2025-12-29T12:45:00Z,cab-a01,sensor-top,front_top,top,inlet,22.376,normalized-temperature,good,t3916
2025-12-29T12:45:00Z,cab-a01,sensor-middle,front_middle,middle,inlet,21.276,normalized-temperature,good,t3917
2025-12-29T12:45:00Z,cab-a01,sensor-bottom,front_bottom,bottom,inlet,20.376,normalized-temperature,good,t3918
2025-12-29T12:50:00Z,cab-a01,sensor-top,front_top,top,inlet,22.375,normalized-temperature,good,t3919
2025-12-29T12:50:00Z,cab-a01,sensor-middle,front_middle,middle,inlet,21.275,normalized-temperature,good,t3920
2025-12-29T12:50:00Z,cab-a01,sensor-bottom,front_bottom,bottom,inlet,20.375,normalized-temperature,good,t3921
2025-12-29T12:55:00Z,cab-a01,sensor-top,front_top,top,inlet,22.373,normalized-temperature,good,t3922
2025-12-29T12:55:00Z,cab-a01,sensor-middle,front_middle,middle,inlet,21.273,normalized-temperature,good,t3923
2025-12-29T12:55:00Z,cab-a01,sensor-bottom,front_bottom,bottom,inlet,20.373,normalized-temperature,good,t3924
2025-12-29T13:00:00Z,cab-a01,sensor-top,front_top,top,inlet,22.371,normalized-temperature,good,t3925
2025-12-29T13:00:00Z,cab-a01,sensor-middle,front_middle,middle,inlet,21.271,normalized-temperature,good,t3926
2025-12-29T13:00:00Z,cab-a01,sensor-bottom,front_bottom,bottom,inlet,20.371,normalized-temperature,good,t3927
2025-12-29T13:05:00Z,cab-a01,sensor-top,front_top,top,inlet,22.368,normalized-temperature,good,t3928
2025-12-29T13:05:00Z,cab-a01,sensor-middle,front_middle,middle,inlet,21.268,normalized-temperature,good,t3929
2025-12-29T13:05:00Z,cab-a01,sensor-bottom,front_bottom,bottom,inlet,20.368,normalized-temperature,good,t3930
2025-12-29T13:10:00Z,cab-a01,sensor-top,front_top,top,inlet,22.364,normalized-temperature,good,t3931
2025-12-29T13:10:00Z,cab-a01,sensor-middle,front_middle,middle,inlet,21.264,normalized-temperature,good,t3932
2025-12-29T13:10:00Z,cab-a01,sensor-bottom,front_bottom,bottom,inlet,20.364,normalized-temperature,good,t3933
2025-12-29T13:15:00Z,cab-a01,sensor-top,front_top,top,inlet,22.359,normalized-temperature,good,t3934
2025-12-29T13:15:00Z,cab-a01,sensor-middle,front_middle,middle,inlet,21.259,normalized-temperature,good,t3935
2025-12-29T13:15:00Z,cab-a01,sensor-bottom,front_bottom,bottom,inlet,20.359,normalized-temperature,good,t3936
2025-12-29T13:20:00Z,cab-a01,sensor-top,front_top,top,inlet,22.354,normalized-temperature,good,t3937
2025-12-29T13:20:00Z,cab-a01,sensor-middle,front_middle,middle,inlet,21.254,normalized-temperature,good,t3938
2025-12-29T13:20:00Z,cab-a01,sensor-bottom,front_bottom,bottom,inlet,20.354,normalized-temperature,good,t3939
2025-12-29T13:25:00Z,cab-a01,sensor-top,front_top,top,inlet,22.348,normalized-temperature,good,t3940
2025-12-29T13:25:00Z,cab-a01,sensor-middle,front_middle,middle,inlet,21.248,normalized-temperature,good,t3941
2025-12-29T13:25:00Z,cab-a01,sensor-bottom,front_bottom,bottom,inlet,20.348,normalized-temperature,good,t3942
2025-12-29T13:30:00Z,cab-a01,sensor-top,front_top,top,inlet,22.342,normalized-temperature,good,t3943
2025-12-29T13:30:00Z,cab-a01,sensor-middle,front_middle,middle,inlet,21.242,normalized-temperature,good,t3944
2025-12-29T13:30:00Z,cab-a01,sensor-bottom,front_bottom,bottom,inlet,20.342,normalized-temperature,good,t3945
2025-12-29T13:35:00Z,cab-a01,sensor-top,front_top,top,inlet,22.334,normalized-temperature,good,t3946
2025-12-29T13:35:00Z,cab-a01,sensor-middle,front_middle,middle,inlet,21.234,normalized-temperature,good,t3947
2025-12-29T13:35:00Z,cab-a01,sensor-bottom,front_bottom,bottom,inlet,20.334,normalized-temperature,good,t3948
2025-12-29T13:40:00Z,cab-a01,sensor-top,front_top,top,inlet,22.326,normalized-temperature,good,t3949
2025-12-29T13:40:00Z,cab-a01,sensor-middle,front_middle,middle,inlet,21.226,normalized-temperature,good,t3950
2025-12-29T13:40:00Z,cab-a01,sensor-bottom,front_bottom,bottom,inlet,20.326,normalized-temperature,good,t3951
2025-12-29T13:45:00Z,cab-a01,sensor-top,front_top,top,inlet,22.317,normalized-temperature,good,t3952
2025-12-29T13:45:00Z,cab-a01,sensor-middle,front_middle,middle,inlet,21.217,normalized-temperature,good,t3953
2025-12-29T13:45:00Z,cab-a01,sensor-bottom,front_bottom,bottom,inlet,20.317,normalized-temperature,good,t3954
2025-12-29T13:50:00Z,cab-a01,sensor-top,front_top,top,inlet,22.308,normalized-temperature,good,t3955
2025-12-29T13:50:00Z,cab-a01,sensor-middle,front_middle,middle,inlet,21.208,normalized-temperature,good,t3956
2025-12-29T13:50:00Z,cab-a01,sensor-bottom,front_bottom,bottom,inlet,20.308,normalized-temperature,good,t3957
2025-12-29T13:55:00Z,cab-a01,sensor-top,front_top,top,inlet,22.298,normalized-temperature,good,t3958
2025-12-29T13:55:00Z,cab-a01,sensor-middle,front_middle,middle,inlet,21.198,normalized-temperature,good,t3959
2025-12-29T13:55:00Z,cab-a01,sensor-bottom,front_bottom,bottom,inlet,20.298,normalized-temperature,good,t3960
2025-12-29T14:00:00Z,cab-a01,sensor-top,front_top,top,inlet,22.287,normalized-temperature,good,t3961
2025-12-29T14:00:00Z,cab-a01,sensor-middle,front_middle,middle,inlet,21.187,normalized-temperature,good,t3962
2025-12-29T14:00:00Z,cab-a01,sensor-bottom,front_bottom,bottom,inlet,20.287,normalized-temperature,good,t3963
2025-12-29T14:05:00Z,cab-a01,sensor-top,front_top,top,inlet,22.276,normalized-temperature,good,t3964
2025-12-29T14:05:00Z,cab-a01,sensor-middle,front_middle,middle,inlet,21.176,normalized-temperature,good,t3965
2025-12-29T14:05:00Z,cab-a01,sensor-bottom,front_bottom,bottom,inlet,20.276,normalized-temperature,good,t3966
2025-12-29T14:10:00Z,cab-a01,sensor-top,front_top,top,inlet,22.264,normalized-temperature,good,t3967
2025-12-29T14:10:00Z,cab-a01,sensor-middle,front_middle,middle,inlet,21.164,normalized-temperature,good,t3968
2025-12-29T14:10:00Z,cab-a01,sensor-bottom,front_bottom,bottom,inlet,20.264,normalized-temperature,good,t3969
2025-12-29T14:15:00Z,cab-a01,sensor-top,front_top,top,inlet,22.251,normalized-temperature,good,t3970
2025-12-29T14:15:00Z,cab-a01,sensor-middle,front_middle,middle,inlet,21.151,normalized-temperature,good,t3971
2025-12-29T14:15:00Z,cab-a01,sensor-bottom,front_bottom,bottom,inlet,20.251,normalized-temperature,good,t3972
2025-12-29T14:20:00Z,cab-a01,sensor-top,front_top,top,inlet,22.239,normalized-temperature,good,t3973
2025-12-29T14:20:00Z,cab-a01,sensor-middle,front_middle,middle,inlet,21.139,normalized-temperature,good,t3974
2025-12-29T14:20:00Z,cab-a01,sensor-bottom,front_bottom,bottom,inlet,20.239,normalized-temperature,good,t3975
2025-12-29T14:25:00Z,cab-a01,sensor-top,front_top,top,inlet,22.225,normalized-temperature,good,t3976
2025-12-29T14:25:00Z,cab-a01,sensor-middle,front_middle,middle,inlet,21.125,normalized-temperature,good,t3977
2025-12-29T14:25:00Z,cab-a01,sensor-bottom,front_bottom,bottom,inlet,20.225,normalized-temperature,good,t3978
2025-12-29T14:30:00Z,cab-a01,sensor-top,front_top,top,inlet,22.212,normalized-temperature,good,t3979
2025-12-29T14:30:00Z,cab-a01,sensor-middle,front_middle,middle,inlet,21.112,normalized-temperature,good,t3980
2025-12-29T14:30:00Z,cab-a01,sensor-bottom,front_bottom,bottom,inlet,20.212,normalized-temperature,good,t3981
2025-12-29T14:35:00Z,cab-a01,sensor-top,front_top,top,inlet,22.198,normalized-temperature,good,t3982
2025-12-29T14:35:00Z,cab-a01,sensor-middle,front_middle,middle,inlet,21.098,normalized-temperature,good,t3983
2025-12-29T14:35:00Z,cab-a01,sensor-bottom,front_bottom,bottom,inlet,20.198,normalized-temperature,good,t3984
2025-12-29T14:40:00Z,cab-a01,sensor-top,front_top,top,inlet,22.184,normalized-temperature,good,t3985
2025-12-29T14:40:00Z,cab-a01,sensor-middle,front_middle,middle,inlet,21.084,normalized-temperature,good,t3986
2025-12-29T14:40:00Z,cab-a01,sensor-bottom,front_bottom,bottom,inlet,20.184,normalized-temperature,good,t3987
2025-12-29T14:45:00Z,cab-a01,sensor-top,front_top,top,inlet,22.169,normalized-temperature,good,t3988
2025-12-29T14:45:00Z,cab-a01,sensor-middle,front_middle,middle,inlet,21.069,normalized-temperature,good,t3989
2025-12-29T14:45:00Z,cab-a01,sensor-bottom,front_bottom,bottom,inlet,20.169,normalized-temperature,good,t3990
2025-12-29T14:50:00Z,cab-a01,sensor-top,front_top,top,inlet,22.155,normalized-temperature,good,t3991
2025-12-29T14:50:00Z,cab-a01,sensor-middle,front_middle,middle,inlet,21.055,normalized-temperature,good,t3992
2025-12-29T14:50:00Z,cab-a01,sensor-bottom,front_bottom,bottom,inlet,20.155,normalized-temperature,good,t3993
2025-12-29T14:55:00Z,cab-a01,sensor-top,front_top,top,inlet,22.141,normalized-temperature,good,t3994
2025-12-29T14:55:00Z,cab-a01,sensor-middle,front_middle,middle,inlet,21.041,normalized-temperature,good,t3995
2025-12-29T14:55:00Z,cab-a01,sensor-bottom,front_bottom,bottom,inlet,20.141,normalized-temperature,good,t3996
2025-12-29T15:00:00Z,cab-a01,sensor-top,front_top,top,inlet,22.127,normalized-temperature,good,t3997
2025-12-29T15:00:00Z,cab-a01,sensor-middle,front_middle,middle,inlet,21.027,normalized-temperature,good,t3998
2025-12-29T15:00:00Z,cab-a01,sensor-bottom,front_bottom,bottom,inlet,20.127,normalized-temperature,good,t3999
2025-12-29T15:05:00Z,cab-a01,sensor-top,front_top,top,inlet,22.113,normalized-temperature,good,t4000
2025-12-29T15:05:00Z,cab-a01,sensor-middle,front_middle,middle,inlet,21.013,normalized-temperature,good,t4001
2025-12-29T15:05:00Z,cab-a01,sensor-bottom,front_bottom,bottom,inlet,20.113,normalized-temperature,good,t4002
2025-12-29T15:10:00Z,cab-a01,sensor-top,front_top,top,inlet,22.099,normalized-temperature,good,t4003
2025-12-29T15:10:00Z,cab-a01,sensor-middle,front_middle,middle,inlet,20.999,normalized-temperature,good,t4004
2025-12-29T15:10:00Z,cab-a01,sensor-bottom,front_bottom,bottom,inlet,20.099,normalized-temperature,good,t4005
2025-12-29T15:15:00Z,cab-a01,sensor-top,front_top,top,inlet,22.085,normalized-temperature,good,t4006
2025-12-29T15:15:00Z,cab-a01,sensor-middle,front_middle,middle,inlet,20.985,normalized-temperature,good,t4007
2025-12-29T15:15:00Z,cab-a01,sensor-bottom,front_bottom,bottom,inlet,20.085,normalized-temperature,good,t4008
2025-12-29T15:20:00Z,cab-a01,sensor-top,front_top,top,inlet,22.072,normalized-temperature,good,t4009
2025-12-29T15:20:00Z,cab-a01,sensor-middle,front_middle,middle,inlet,20.972,normalized-temperature,good,t4010
2025-12-29T15:20:00Z,cab-a01,sensor-bottom,front_bottom,bottom,inlet,20.072,normalized-temperature,good,t4011
2025-12-29T15:25:00Z,cab-a01,sensor-top,front_top,top,inlet,22.06,normalized-temperature,good,t4012
2025-12-29T15:25:00Z,cab-a01,sensor-middle,front_middle,middle,inlet,20.96,normalized-temperature,good,t4013
2025-12-29T15:25:00Z,cab-a01,sensor-bottom,front_bottom,bottom,inlet,20.06,normalized-temperature,good,t4014
2025-12-29T15:30:00Z,cab-a01,sensor-top,front_top,top,inlet,22.047,normalized-temperature,good,t4015
2025-12-29T15:30:00Z,cab-a01,sensor-middle,front_middle,middle,inlet,20.947,normalized-temperature,good,t4016
2025-12-29T15:30:00Z,cab-a01,sensor-bottom,front_bottom,bottom,inlet,20.047,normalized-temperature,good,t4017
2025-12-29T15:35:00Z,cab-a01,sensor-top,front_top,top,inlet,22.036,normalized-temperature,good,t4018
2025-12-29T15:35:00Z,cab-a01,sensor-middle,front_middle,middle,inlet,20.936,normalized-temperature,good,t4019
2025-12-29T15:35:00Z,cab-a01,sensor-bottom,front_bottom,bottom,inlet,20.036,normalized-temperature,good,t4020
2025-12-29T15:40:00Z,cab-a01,sensor-top,front_top,top,inlet,22.025,normalized-temperature,good,t4021
2025-12-29T15:40:00Z,cab-a01,sensor-middle,front_middle,middle,inlet,20.925,normalized-temperature,good,t4022
2025-12-29T15:40:00Z,cab-a01,sensor-bottom,front_bottom,bottom,inlet,20.025,normalized-temperature,good,t4023
2025-12-29T15:45:00Z,cab-a01,sensor-top,front_top,top,inlet,22.015,normalized-temperature,good,t4024
2025-12-29T15:45:00Z,cab-a01,sensor-middle,front_middle,middle,inlet,20.915,normalized-temperature,good,t4025
2025-12-29T15:45:00Z,cab-a01,sensor-bottom,front_bottom,bottom,inlet,20.015,normalized-temperature,good,t4026
2025-12-29T15:50:00Z,cab-a01,sensor-top,front_top,top,inlet,22.006,normalized-temperature,good,t4027
2025-12-29T15:50:00Z,cab-a01,sensor-middle,front_middle,middle,inlet,20.906,normalized-temperature,good,t4028
2025-12-29T15:50:00Z,cab-a01,sensor-bottom,front_bottom,bottom,inlet,20.006,normalized-temperature,good,t4029
2025-12-29T15:55:00Z,cab-a01,sensor-top,front_top,top,inlet,21.997,normalized-temperature,good,t4030
2025-12-29T15:55:00Z,cab-a01,sensor-middle,front_middle,middle,inlet,20.897,normalized-temperature,good,t4031
2025-12-29T15:55:00Z,cab-a01,sensor-bottom,front_bottom,bottom,inlet,19.997,normalized-temperature,good,t4032
2025-12-29T16:00:00Z,cab-a01,sensor-top,front_top,top,inlet,21.989,normalized-temperature,good,t4033
2025-12-29T16:00:00Z,cab-a01,sensor-middle,front_middle,middle,inlet,20.889,normalized-temperature,good,t4034
2025-12-29T16:00:00Z,cab-a01,sensor-bottom,front_bottom,bottom,inlet,19.989,normalized-temperature,good,t4035
2025-12-29T16:05:00Z,cab-a01,sensor-top,front_top,top,inlet,21.982,normalized-temperature,good,t4036
2025-12-29T16:05:00Z,cab-a01,sensor-middle,front_middle,middle,inlet,20.882,normalized-temperature,good,t4037
2025-12-29T16:05:00Z,cab-a01,sensor-bottom,front_bottom,bottom,inlet,19.982,normalized-temperature,good,t4038
2025-12-29T16:10:00Z,cab-a01,sensor-top,front_top,top,inlet,21.977,normalized-temperature,good,t4039
2025-12-29T16:10:00Z,cab-a01,sensor-middle,front_middle,middle,inlet,20.877,normalized-temperature,good,t4040
2025-12-29T16:10:00Z,cab-a01,sensor-bottom,front_bottom,bottom,inlet,19.977,normalized-temperature,good,t4041
2025-12-29T16:15:00Z,cab-a01,sensor-top,front_top,top,inlet,21.972,normalized-temperature,good,t4042
2025-12-29T16:15:00Z,cab-a01,sensor-middle,front_middle,middle,inlet,20.872,normalized-temperature,good,t4043
2025-12-29T16:15:00Z,cab-a01,sensor-bottom,front_bottom,bottom,inlet,19.972,normalized-temperature,good,t4044
2025-12-29T16:20:00Z,cab-a01,sensor-top,front_top,top,inlet,21.968,normalized-temperature,good,t4045
2025-12-29T16:20:00Z,cab-a01,sensor-middle,front_middle,middle,inlet,20.868,normalized-temperature,good,t4046
2025-12-29T16:20:00Z,cab-a01,sensor-bottom,front_bottom,bottom,inlet,19.968,normalized-temperature,good,t4047
2025-12-29T16:25:00Z,cab-a01,sensor-top,front_top,top,inlet,21.965,normalized-temperature,good,t4048
2025-12-29T16:25:00Z,cab-a01,sensor-middle,front_middle,middle,inlet,20.865,normalized-temperature,good,t4049
2025-12-29T16:25:00Z,cab-a01,sensor-bottom,front_bottom,bottom,inlet,19.965,normalized-temperature,good,t4050
2025-12-29T16:30:00Z,cab-a01,sensor-top,front_top,top,inlet,21.963,normalized-temperature,good,t4051
2025-12-29T16:30:00Z,cab-a01,sensor-middle,front_middle,middle,inlet,20.863,normalized-temperature,good,t4052
2025-12-29T16:30:00Z,cab-a01,sensor-bottom,front_bottom,bottom,inlet,19.963,normalized-temperature,good,t4053
2025-12-29T16:35:00Z,cab-a01,sensor-top,front_top,top,inlet,21.962,normalized-temperature,good,t4054
2025-12-29T16:35:00Z,cab-a01,sensor-middle,front_middle,middle,inlet,20.862,normalized-temperature,good,t4055
2025-12-29T16:35:00Z,cab-a01,sensor-bottom,front_bottom,bottom,inlet,19.962,normalized-temperature,good,t4056
2025-12-29T16:40:00Z,cab-a01,sensor-top,front_top,top,inlet,21.962,normalized-temperature,good,t4057
2025-12-29T16:40:00Z,cab-a01,sensor-middle,front_middle,middle,inlet,20.862,normalized-temperature,good,t4058
2025-12-29T16:40:00Z,cab-a01,sensor-bottom,front_bottom,bottom,inlet,19.962,normalized-temperature,good,t4059
2025-12-29T16:45:00Z,cab-a01,sensor-top,front_top,top,inlet,21.964,normalized-temperature,good,t4060
2025-12-29T16:45:00Z,cab-a01,sensor-middle,front_middle,middle,inlet,20.864,normalized-temperature,good,t4061
2025-12-29T16:45:00Z,cab-a01,sensor-bottom,front_bottom,bottom,inlet,19.964,normalized-temperature,good,t4062
2025-12-29T16:50:00Z,cab-a01,sensor-top,front_top,top,inlet,21.966,normalized-temperature,good,t4063
2025-12-29T16:50:00Z,cab-a01,sensor-middle,front_middle,middle,inlet,20.866,normalized-temperature,good,t4064
2025-12-29T16:50:00Z,cab-a01,sensor-bottom,front_bottom,bottom,inlet,19.966,normalized-temperature,good,t4065
2025-12-29T16:55:00Z,cab-a01,sensor-top,front_top,top,inlet,21.969,normalized-temperature,good,t4066
2025-12-29T16:55:00Z,cab-a01,sensor-middle,front_middle,middle,inlet,20.869,normalized-temperature,good,t4067
2025-12-29T16:55:00Z,cab-a01,sensor-bottom,front_bottom,bottom,inlet,19.969,normalized-temperature,good,t4068
2025-12-29T17:00:00Z,cab-a01,sensor-top,front_top,top,inlet,21.973,normalized-temperature,good,t4069
2025-12-29T17:00:00Z,cab-a01,sensor-middle,front_middle,middle,inlet,20.873,normalized-temperature,good,t4070
2025-12-29T17:00:00Z,cab-a01,sensor-bottom,front_bottom,bottom,inlet,19.973,normalized-temperature,good,t4071
2025-12-29T17:05:00Z,cab-a01,sensor-top,front_top,top,inlet,21.978,normalized-temperature,good,t4072
2025-12-29T17:05:00Z,cab-a01,sensor-middle,front_middle,middle,inlet,20.878,normalized-temperature,good,t4073
2025-12-29T17:05:00Z,cab-a01,sensor-bottom,front_bottom,bottom,inlet,19.978,normalized-temperature,good,t4074
2025-12-29T17:10:00Z,cab-a01,sensor-top,front_top,top,inlet,21.984,normalized-temperature,good,t4075
2025-12-29T17:10:00Z,cab-a01,sensor-middle,front_middle,middle,inlet,20.884,normalized-temperature,good,t4076
2025-12-29T17:10:00Z,cab-a01,sensor-bottom,front_bottom,bottom,inlet,19.984,normalized-temperature,good,t4077
2025-12-29T17:15:00Z,cab-a01,sensor-top,front_top,top,inlet,21.991,normalized-temperature,good,t4078
2025-12-29T17:15:00Z,cab-a01,sensor-middle,front_middle,middle,inlet,20.891,normalized-temperature,good,t4079
2025-12-29T17:15:00Z,cab-a01,sensor-bottom,front_bottom,bottom,inlet,19.991,normalized-temperature,good,t4080
2025-12-29T17:20:00Z,cab-a01,sensor-top,front_top,top,inlet,21.998,normalized-temperature,good,t4081
2025-12-29T17:20:00Z,cab-a01,sensor-middle,front_middle,middle,inlet,20.898,normalized-temperature,good,t4082
2025-12-29T17:20:00Z,cab-a01,sensor-bottom,front_bottom,bottom,inlet,19.998,normalized-temperature,good,t4083
2025-12-29T17:25:00Z,cab-a01,sensor-top,front_top,top,inlet,22.006,normalized-temperature,good,t4084
2025-12-29T17:25:00Z,cab-a01,sensor-middle,front_middle,middle,inlet,20.906,normalized-temperature,good,t4085
2025-12-29T17:25:00Z,cab-a01,sensor-bottom,front_bottom,bottom,inlet,20.006,normalized-temperature,good,t4086
2025-12-29T17:30:00Z,cab-a01,sensor-top,front_top,top,inlet,22.015,normalized-temperature,good,t4087
2025-12-29T17:30:00Z,cab-a01,sensor-middle,front_middle,middle,inlet,20.915,normalized-temperature,good,t4088
2025-12-29T17:30:00Z,cab-a01,sensor-bottom,front_bottom,bottom,inlet,20.015,normalized-temperature,good,t4089
2025-12-29T17:35:00Z,cab-a01,sensor-top,front_top,top,inlet,22.025,normalized-temperature,good,t4090
2025-12-29T17:35:00Z,cab-a01,sensor-middle,front_middle,middle,inlet,20.925,normalized-temperature,good,t4091
2025-12-29T17:35:00Z,cab-a01,sensor-bottom,front_bottom,bottom,inlet,20.025,normalized-temperature,good,t4092
2025-12-29T17:40:00Z,cab-a01,sensor-top,front_top,top,inlet,22.035,normalized-temperature,good,t4093
2025-12-29T17:40:00Z,cab-a01,sensor-middle,front_middle,middle,inlet,20.935,normalized-temperature,good,t4094
2025-12-29T17:40:00Z,cab-a01,sensor-bottom,front_bottom,bottom,inlet,20.035,normalized-temperature,good,t4095
2025-12-29T17:45:00Z,cab-a01,sensor-top,front_top,top,inlet,22.045,normalized-temperature,good,t4096
2025-12-29T17:45:00Z,cab-a01,sensor-middle,front_middle,middle,inlet,20.945,normalized-temperature,good,t4097
2025-12-29T17:45:00Z,cab-a01,sensor-bottom,front_bottom,bottom,inlet,20.045,normalized-temperature,good,t4098
2025-12-29T17:50:00Z,cab-a01,sensor-top,front_top,top,inlet,22.056,normalized-temperature,good,t4099
2025-12-29T17:50:00Z,cab-a01,sensor-middle,front_middle,middle,inlet,20.956,normalized-temperature,good,t4100
2025-12-29T17:50:00Z,cab-a01,sensor-bottom,front_bottom,bottom,inlet,20.056,normalized-temperature,good,t4101
2025-12-29T17:55:00Z,cab-a01,sensor-top,front_top,top,inlet,22.067,normalized-temperature,good,t4102
2025-12-29T17:55:00Z,cab-a01,sensor-middle,front_middle,middle,inlet,20.967,normalized-temperature,good,t4103
2025-12-29T17:55:00Z,cab-a01,sensor-bottom,front_bottom,bottom,inlet,20.067,normalized-temperature,good,t4104
2025-12-29T18:00:00Z,cab-a01,sensor-top,front_top,top,inlet,22.079,normalized-temperature,good,t4105
2025-12-29T18:00:00Z,cab-a01,sensor-middle,front_middle,middle,inlet,20.979,normalized-temperature,good,t4106
2025-12-29T18:00:00Z,cab-a01,sensor-bottom,front_bottom,bottom,inlet,20.079,normalized-temperature,good,t4107
2025-12-29T18:05:00Z,cab-a01,sensor-top,front_top,top,inlet,22.091,normalized-temperature,good,t4108
2025-12-29T18:05:00Z,cab-a01,sensor-middle,front_middle,middle,inlet,20.991,normalized-temperature,good,t4109
2025-12-29T18:05:00Z,cab-a01,sensor-bottom,front_bottom,bottom,inlet,20.091,normalized-temperature,good,t4110
2025-12-29T18:10:00Z,cab-a01,sensor-top,front_top,top,inlet,22.102,normalized-temperature,good,t4111
2025-12-29T18:10:00Z,cab-a01,sensor-middle,front_middle,middle,inlet,21.002,normalized-temperature,good,t4112
2025-12-29T18:10:00Z,cab-a01,sensor-bottom,front_bottom,bottom,inlet,20.102,normalized-temperature,good,t4113
2025-12-29T18:15:00Z,cab-a01,sensor-top,front_top,top,inlet,22.114,normalized-temperature,good,t4114
2025-12-29T18:15:00Z,cab-a01,sensor-middle,front_middle,middle,inlet,21.014,normalized-temperature,good,t4115
2025-12-29T18:15:00Z,cab-a01,sensor-bottom,front_bottom,bottom,inlet,20.114,normalized-temperature,good,t4116
2025-12-29T18:20:00Z,cab-a01,sensor-top,front_top,top,inlet,22.126,normalized-temperature,good,t4117
2025-12-29T18:20:00Z,cab-a01,sensor-middle,front_middle,middle,inlet,21.026,normalized-temperature,good,t4118
2025-12-29T18:20:00Z,cab-a01,sensor-bottom,front_bottom,bottom,inlet,20.126,normalized-temperature,good,t4119
2025-12-29T18:25:00Z,cab-a01,sensor-top,front_top,top,inlet,22.138,normalized-temperature,good,t4120
2025-12-29T18:25:00Z,cab-a01,sensor-middle,front_middle,middle,inlet,21.038,normalized-temperature,good,t4121
2025-12-29T18:25:00Z,cab-a01,sensor-bottom,front_bottom,bottom,inlet,20.138,normalized-temperature,good,t4122
2025-12-29T18:30:00Z,cab-a01,sensor-top,front_top,top,inlet,22.149,normalized-temperature,good,t4123
2025-12-29T18:30:00Z,cab-a01,sensor-middle,front_middle,middle,inlet,21.049,normalized-temperature,good,t4124
2025-12-29T18:30:00Z,cab-a01,sensor-bottom,front_bottom,bottom,inlet,20.149,normalized-temperature,good,t4125
2025-12-29T18:35:00Z,cab-a01,sensor-top,front_top,top,inlet,22.16,normalized-temperature,good,t4126
2025-12-29T18:35:00Z,cab-a01,sensor-middle,front_middle,middle,inlet,21.06,normalized-temperature,good,t4127
2025-12-29T18:35:00Z,cab-a01,sensor-bottom,front_bottom,bottom,inlet,20.16,normalized-temperature,good,t4128
2025-12-29T18:40:00Z,cab-a01,sensor-top,front_top,top,inlet,22.171,normalized-temperature,good,t4129
2025-12-29T18:40:00Z,cab-a01,sensor-middle,front_middle,middle,inlet,21.071,normalized-temperature,good,t4130
2025-12-29T18:40:00Z,cab-a01,sensor-bottom,front_bottom,bottom,inlet,20.171,normalized-temperature,good,t4131
2025-12-29T18:45:00Z,cab-a01,sensor-top,front_top,top,inlet,22.182,normalized-temperature,good,t4132
2025-12-29T18:45:00Z,cab-a01,sensor-middle,front_middle,middle,inlet,21.082,normalized-temperature,good,t4133
2025-12-29T18:45:00Z,cab-a01,sensor-bottom,front_bottom,bottom,inlet,20.182,normalized-temperature,good,t4134
2025-12-29T18:50:00Z,cab-a01,sensor-top,front_top,top,inlet,22.192,normalized-temperature,good,t4135
2025-12-29T18:50:00Z,cab-a01,sensor-middle,front_middle,middle,inlet,21.092,normalized-temperature,good,t4136
2025-12-29T18:50:00Z,cab-a01,sensor-bottom,front_bottom,bottom,inlet,20.192,normalized-temperature,good,t4137
2025-12-29T18:55:00Z,cab-a01,sensor-top,front_top,top,inlet,22.202,normalized-temperature,good,t4138
2025-12-29T18:55:00Z,cab-a01,sensor-middle,front_middle,middle,inlet,21.102,normalized-temperature,good,t4139
2025-12-29T18:55:00Z,cab-a01,sensor-bottom,front_bottom,bottom,inlet,20.202,normalized-temperature,good,t4140
2025-12-29T19:00:00Z,cab-a01,sensor-top,front_top,top,inlet,22.211,normalized-temperature,good,t4141
2025-12-29T19:00:00Z,cab-a01,sensor-middle,front_middle,middle,inlet,21.111,normalized-temperature,good,t4142
2025-12-29T19:00:00Z,cab-a01,sensor-bottom,front_bottom,bottom,inlet,20.211,normalized-temperature,good,t4143
2025-12-29T19:05:00Z,cab-a01,sensor-top,front_top,top,inlet,22.22,normalized-temperature,good,t4144
2025-12-29T19:05:00Z,cab-a01,sensor-middle,front_middle,middle,inlet,21.12,normalized-temperature,good,t4145
2025-12-29T19:05:00Z,cab-a01,sensor-bottom,front_bottom,bottom,inlet,20.22,normalized-temperature,good,t4146
2025-12-29T19:10:00Z,cab-a01,sensor-top,front_top,top,inlet,22.228,normalized-temperature,good,t4147
2025-12-29T19:10:00Z,cab-a01,sensor-middle,front_middle,middle,inlet,21.128,normalized-temperature,good,t4148
2025-12-29T19:10:00Z,cab-a01,sensor-bottom,front_bottom,bottom,inlet,20.228,normalized-temperature,good,t4149
2025-12-29T19:15:00Z,cab-a01,sensor-top,front_top,top,inlet,22.235,normalized-temperature,good,t4150
2025-12-29T19:15:00Z,cab-a01,sensor-middle,front_middle,middle,inlet,21.135,normalized-temperature,good,t4151
2025-12-29T19:15:00Z,cab-a01,sensor-bottom,front_bottom,bottom,inlet,20.235,normalized-temperature,good,t4152
2025-12-29T19:20:00Z,cab-a01,sensor-top,front_top,top,inlet,22.242,normalized-temperature,good,t4153
2025-12-29T19:20:00Z,cab-a01,sensor-middle,front_middle,middle,inlet,21.142,normalized-temperature,good,t4154
2025-12-29T19:20:00Z,cab-a01,sensor-bottom,front_bottom,bottom,inlet,20.242,normalized-temperature,good,t4155
2025-12-29T19:25:00Z,cab-a01,sensor-top,front_top,top,inlet,22.248,normalized-temperature,good,t4156
2025-12-29T19:25:00Z,cab-a01,sensor-middle,front_middle,middle,inlet,21.148,normalized-temperature,good,t4157
2025-12-29T19:25:00Z,cab-a01,sensor-bottom,front_bottom,bottom,inlet,20.248,normalized-temperature,good,t4158
2025-12-29T19:30:00Z,cab-a01,sensor-top,front_top,top,inlet,22.253,normalized-temperature,good,t4159
2025-12-29T19:30:00Z,cab-a01,sensor-middle,front_middle,middle,inlet,21.153,normalized-temperature,good,t4160
2025-12-29T19:30:00Z,cab-a01,sensor-bottom,front_bottom,bottom,inlet,20.253,normalized-temperature,good,t4161
2025-12-29T19:35:00Z,cab-a01,sensor-top,front_top,top,inlet,22.258,normalized-temperature,good,t4162
2025-12-29T19:35:00Z,cab-a01,sensor-middle,front_middle,middle,inlet,21.158,normalized-temperature,good,t4163
2025-12-29T19:35:00Z,cab-a01,sensor-bottom,front_bottom,bottom,inlet,20.258,normalized-temperature,good,t4164
2025-12-29T19:40:00Z,cab-a01,sensor-top,front_top,top,inlet,22.262,normalized-temperature,good,t4165
2025-12-29T19:40:00Z,cab-a01,sensor-middle,front_middle,middle,inlet,21.162,normalized-temperature,good,t4166
2025-12-29T19:40:00Z,cab-a01,sensor-bottom,front_bottom,bottom,inlet,20.262,normalized-temperature,good,t4167
2025-12-29T19:45:00Z,cab-a01,sensor-top,front_top,top,inlet,22.265,normalized-temperature,good,t4168
2025-12-29T19:45:00Z,cab-a01,sensor-middle,front_middle,middle,inlet,21.165,normalized-temperature,good,t4169
2025-12-29T19:45:00Z,cab-a01,sensor-bottom,front_bottom,bottom,inlet,20.265,normalized-temperature,good,t4170
2025-12-29T19:50:00Z,cab-a01,sensor-top,front_top,top,inlet,22.268,normalized-temperature,good,t4171
2025-12-29T19:50:00Z,cab-a01,sensor-middle,front_middle,middle,inlet,21.168,normalized-temperature,good,t4172
2025-12-29T19:50:00Z,cab-a01,sensor-bottom,front_bottom,bottom,inlet,20.268,normalized-temperature,good,t4173
2025-12-29T19:55:00Z,cab-a01,sensor-top,front_top,top,inlet,22.27,normalized-temperature,good,t4174
2025-12-29T19:55:00Z,cab-a01,sensor-middle,front_middle,middle,inlet,21.17,normalized-temperature,good,t4175
2025-12-29T19:55:00Z,cab-a01,sensor-bottom,front_bottom,bottom,inlet,20.27,normalized-temperature,good,t4176
2025-12-29T20:00:00Z,cab-a01,sensor-top,front_top,top,inlet,22.272,normalized-temperature,good,t4177
2025-12-29T20:00:00Z,cab-a01,sensor-middle,front_middle,middle,inlet,21.172,normalized-temperature,good,t4178
2025-12-29T20:00:00Z,cab-a01,sensor-bottom,front_bottom,bottom,inlet,20.272,normalized-temperature,good,t4179
2025-12-29T20:05:00Z,cab-a01,sensor-top,front_top,top,inlet,22.273,normalized-temperature,good,t4180
2025-12-29T20:05:00Z,cab-a01,sensor-middle,front_middle,middle,inlet,21.173,normalized-temperature,good,t4181
2025-12-29T20:05:00Z,cab-a01,sensor-bottom,front_bottom,bottom,inlet,20.273,normalized-temperature,good,t4182
2025-12-29T20:10:00Z,cab-a01,sensor-top,front_top,top,inlet,22.273,normalized-temperature,good,t4183
2025-12-29T20:10:00Z,cab-a01,sensor-middle,front_middle,middle,inlet,21.173,normalized-temperature,good,t4184
2025-12-29T20:10:00Z,cab-a01,sensor-bottom,front_bottom,bottom,inlet,20.273,normalized-temperature,good,t4185
2025-12-29T20:15:00Z,cab-a01,sensor-top,front_top,top,inlet,22.273,normalized-temperature,good,t4186
2025-12-29T20:15:00Z,cab-a01,sensor-middle,front_middle,middle,inlet,21.173,normalized-temperature,good,t4187
2025-12-29T20:15:00Z,cab-a01,sensor-bottom,front_bottom,bottom,inlet,20.273,normalized-temperature,good,t4188
2025-12-29T20:20:00Z,cab-a01,sensor-top,front_top,top,inlet,22.272,normalized-temperature,good,t4189
2025-12-29T20:20:00Z,cab-a01,sensor-middle,front_middle,middle,inlet,21.172,normalized-temperature,good,t4190
2025-12-29T20:20:00Z,cab-a01,sensor-bottom,front_bottom,bottom,inlet,20.272,normalized-temperature,good,t4191
2025-12-29T20:25:00Z,cab-a01,sensor-top,front_top,top,inlet,22.271,normalized-temperature,good,t4192
2025-12-29T20:25:00Z,cab-a01,sensor-middle,front_middle,middle,inlet,21.171,normalized-temperature,good,t4193
2025-12-29T20:25:00Z,cab-a01,sensor-bottom,front_bottom,bottom,inlet,20.271,normalized-temperature,good,t4194
2025-12-29T20:30:00Z,cab-a01,sensor-top,front_top,top,inlet,22.269,normalized-temperature,good,t4195
2025-12-29T20:30:00Z,cab-a01,sensor-middle,front_middle,middle,inlet,21.169,normalized-temperature,good,t4196
2025-12-29T20:30:00Z,cab-a01,sensor-bottom,front_bottom,bottom,inlet,20.269,normalized-temperature,good,t4197
2025-12-29T20:35:00Z,cab-a01,sensor-top,front_top,top,inlet,22.268,normalized-temperature,good,t4198
2025-12-29T20:35:00Z,cab-a01,sensor-middle,front_middle,middle,inlet,21.168,normalized-temperature,good,t4199
2025-12-29T20:35:00Z,cab-a01,sensor-bottom,front_bottom,bottom,inlet,20.268,normalized-temperature,good,t4200
2025-12-29T20:40:00Z,cab-a01,sensor-top,front_top,top,inlet,22.266,normalized-temperature,good,t4201
2025-12-29T20:40:00Z,cab-a01,sensor-middle,front_middle,middle,inlet,21.166,normalized-temperature,good,t4202
2025-12-29T20:40:00Z,cab-a01,sensor-bottom,front_bottom,bottom,inlet,20.266,normalized-temperature,good,t4203
2025-12-29T20:45:00Z,cab-a01,sensor-top,front_top,top,inlet,22.264,normalized-temperature,good,t4204
2025-12-29T20:45:00Z,cab-a01,sensor-middle,front_middle,middle,inlet,21.164,normalized-temperature,good,t4205
2025-12-29T20:45:00Z,cab-a01,sensor-bottom,front_bottom,bottom,inlet,20.264,normalized-temperature,good,t4206
2025-12-29T20:50:00Z,cab-a01,sensor-top,front_top,top,inlet,22.261,normalized-temperature,good,t4207
2025-12-29T20:50:00Z,cab-a01,sensor-middle,front_middle,middle,inlet,21.161,normalized-temperature,good,t4208
2025-12-29T20:50:00Z,cab-a01,sensor-bottom,front_bottom,bottom,inlet,20.261,normalized-temperature,good,t4209
2025-12-29T20:55:00Z,cab-a01,sensor-top,front_top,top,inlet,22.259,normalized-temperature,good,t4210
2025-12-29T20:55:00Z,cab-a01,sensor-middle,front_middle,middle,inlet,21.159,normalized-temperature,good,t4211
2025-12-29T20:55:00Z,cab-a01,sensor-bottom,front_bottom,bottom,inlet,20.259,normalized-temperature,good,t4212
2025-12-29T21:00:00Z,cab-a01,sensor-top,front_top,top,inlet,22.257,normalized-temperature,good,t4213
2025-12-29T21:00:00Z,cab-a01,sensor-middle,front_middle,middle,inlet,21.157,normalized-temperature,good,t4214
2025-12-29T21:00:00Z,cab-a01,sensor-bottom,front_bottom,bottom,inlet,20.257,normalized-temperature,good,t4215
2025-12-29T21:05:00Z,cab-a01,sensor-top,front_top,top,inlet,22.254,normalized-temperature,good,t4216
2025-12-29T21:05:00Z,cab-a01,sensor-middle,front_middle,middle,inlet,21.154,normalized-temperature,good,t4217
2025-12-29T21:05:00Z,cab-a01,sensor-bottom,front_bottom,bottom,inlet,20.254,normalized-temperature,good,t4218
2025-12-29T21:10:00Z,cab-a01,sensor-top,front_top,top,inlet,22.252,normalized-temperature,good,t4219
2025-12-29T21:10:00Z,cab-a01,sensor-middle,front_middle,middle,inlet,21.152,normalized-temperature,good,t4220
2025-12-29T21:10:00Z,cab-a01,sensor-bottom,front_bottom,bottom,inlet,20.252,normalized-temperature,good,t4221
2025-12-29T21:15:00Z,cab-a01,sensor-top,front_top,top,inlet,22.251,normalized-temperature,good,t4222
2025-12-29T21:15:00Z,cab-a01,sensor-middle,front_middle,middle,inlet,21.151,normalized-temperature,good,t4223
2025-12-29T21:15:00Z,cab-a01,sensor-bottom,front_bottom,bottom,inlet,20.251,normalized-temperature,good,t4224
2025-12-29T21:20:00Z,cab-a01,sensor-top,front_top,top,inlet,22.249,normalized-temperature,good,t4225
2025-12-29T21:20:00Z,cab-a01,sensor-middle,front_middle,middle,inlet,21.149,normalized-temperature,good,t4226
2025-12-29T21:20:00Z,cab-a01,sensor-bottom,front_bottom,bottom,inlet,20.249,normalized-temperature,good,t4227
2025-12-29T21:25:00Z,cab-a01,sensor-top,front_top,top,inlet,22.248,normalized-temperature,good,t4228
2025-12-29T21:25:00Z,cab-a01,sensor-middle,front_middle,middle,inlet,21.148,normalized-temperature,good,t4229
2025-12-29T21:25:00Z,cab-a01,sensor-bottom,front_bottom,bottom,inlet,20.248,normalized-temperature,good,t4230
2025-12-29T21:30:00Z,cab-a01,sensor-top,front_top,top,inlet,22.247,normalized-temperature,good,t4231
2025-12-29T21:30:00Z,cab-a01,sensor-middle,front_middle,middle,inlet,21.147,normalized-temperature,good,t4232
2025-12-29T21:30:00Z,cab-a01,sensor-bottom,front_bottom,bottom,inlet,20.247,normalized-temperature,good,t4233
2025-12-29T21:35:00Z,cab-a01,sensor-top,front_top,top,inlet,22.247,normalized-temperature,good,t4234
2025-12-29T21:35:00Z,cab-a01,sensor-middle,front_middle,middle,inlet,21.147,normalized-temperature,good,t4235
2025-12-29T21:35:00Z,cab-a01,sensor-bottom,front_bottom,bottom,inlet,20.247,normalized-temperature,good,t4236
2025-12-29T21:40:00Z,cab-a01,sensor-top,front_top,top,inlet,22.248,normalized-temperature,good,t4237
2025-12-29T21:40:00Z,cab-a01,sensor-middle,front_middle,middle,inlet,21.148,normalized-temperature,good,t4238
2025-12-29T21:40:00Z,cab-a01,sensor-bottom,front_bottom,bottom,inlet,20.248,normalized-temperature,good,t4239
2025-12-29T21:45:00Z,cab-a01,sensor-top,front_top,top,inlet,22.249,normalized-temperature,good,t4240
2025-12-29T21:45:00Z,cab-a01,sensor-middle,front_middle,middle,inlet,21.149,normalized-temperature,good,t4241
2025-12-29T21:45:00Z,cab-a01,sensor-bottom,front_bottom,bottom,inlet,20.249,normalized-temperature,good,t4242
2025-12-29T21:50:00Z,cab-a01,sensor-top,front_top,top,inlet,22.25,normalized-temperature,good,t4243
2025-12-29T21:50:00Z,cab-a01,sensor-middle,front_middle,middle,inlet,21.15,normalized-temperature,good,t4244
2025-12-29T21:50:00Z,cab-a01,sensor-bottom,front_bottom,bottom,inlet,20.25,normalized-temperature,good,t4245
2025-12-29T21:55:00Z,cab-a01,sensor-top,front_top,top,inlet,22.253,normalized-temperature,good,t4246
2025-12-29T21:55:00Z,cab-a01,sensor-middle,front_middle,middle,inlet,21.153,normalized-temperature,good,t4247
2025-12-29T21:55:00Z,cab-a01,sensor-bottom,front_bottom,bottom,inlet,20.253,normalized-temperature,good,t4248
2025-12-29T22:00:00Z,cab-a01,sensor-top,front_top,top,inlet,22.256,normalized-temperature,good,t4249
2025-12-29T22:00:00Z,cab-a01,sensor-middle,front_middle,middle,inlet,21.156,normalized-temperature,good,t4250
2025-12-29T22:00:00Z,cab-a01,sensor-bottom,front_bottom,bottom,inlet,20.256,normalized-temperature,good,t4251
2025-12-29T22:05:00Z,cab-a01,sensor-top,front_top,top,inlet,22.26,normalized-temperature,good,t4252
2025-12-29T22:05:00Z,cab-a01,sensor-middle,front_middle,middle,inlet,21.16,normalized-temperature,good,t4253
2025-12-29T22:05:00Z,cab-a01,sensor-bottom,front_bottom,bottom,inlet,20.26,normalized-temperature,good,t4254
2025-12-29T22:10:00Z,cab-a01,sensor-top,front_top,top,inlet,22.264,normalized-temperature,good,t4255
2025-12-29T22:10:00Z,cab-a01,sensor-middle,front_middle,middle,inlet,21.164,normalized-temperature,good,t4256
2025-12-29T22:10:00Z,cab-a01,sensor-bottom,front_bottom,bottom,inlet,20.264,normalized-temperature,good,t4257
2025-12-29T22:15:00Z,cab-a01,sensor-top,front_top,top,inlet,22.27,normalized-temperature,good,t4258
2025-12-29T22:15:00Z,cab-a01,sensor-middle,front_middle,middle,inlet,21.17,normalized-temperature,good,t4259
2025-12-29T22:15:00Z,cab-a01,sensor-bottom,front_bottom,bottom,inlet,20.27,normalized-temperature,good,t4260
2025-12-29T22:20:00Z,cab-a01,sensor-top,front_top,top,inlet,22.276,normalized-temperature,good,t4261
2025-12-29T22:20:00Z,cab-a01,sensor-middle,front_middle,middle,inlet,21.176,normalized-temperature,good,t4262
2025-12-29T22:20:00Z,cab-a01,sensor-bottom,front_bottom,bottom,inlet,20.276,normalized-temperature,good,t4263
2025-12-29T22:25:00Z,cab-a01,sensor-top,front_top,top,inlet,22.283,normalized-temperature,good,t4264
2025-12-29T22:25:00Z,cab-a01,sensor-middle,front_middle,middle,inlet,21.183,normalized-temperature,good,t4265
2025-12-29T22:25:00Z,cab-a01,sensor-bottom,front_bottom,bottom,inlet,20.283,normalized-temperature,good,t4266
2025-12-29T22:30:00Z,cab-a01,sensor-top,front_top,top,inlet,22.292,normalized-temperature,good,t4267
2025-12-29T22:30:00Z,cab-a01,sensor-middle,front_middle,middle,inlet,21.192,normalized-temperature,good,t4268
2025-12-29T22:30:00Z,cab-a01,sensor-bottom,front_bottom,bottom,inlet,20.292,normalized-temperature,good,t4269
2025-12-29T22:35:00Z,cab-a01,sensor-top,front_top,top,inlet,22.301,normalized-temperature,good,t4270
2025-12-29T22:35:00Z,cab-a01,sensor-middle,front_middle,middle,inlet,21.201,normalized-temperature,good,t4271
2025-12-29T22:35:00Z,cab-a01,sensor-bottom,front_bottom,bottom,inlet,20.301,normalized-temperature,good,t4272
2025-12-29T22:40:00Z,cab-a01,sensor-top,front_top,top,inlet,22.31,normalized-temperature,good,t4273
2025-12-29T22:40:00Z,cab-a01,sensor-middle,front_middle,middle,inlet,21.21,normalized-temperature,good,t4274
2025-12-29T22:40:00Z,cab-a01,sensor-bottom,front_bottom,bottom,inlet,20.31,normalized-temperature,good,t4275
2025-12-29T22:45:00Z,cab-a01,sensor-top,front_top,top,inlet,22.321,normalized-temperature,good,t4276
2025-12-29T22:45:00Z,cab-a01,sensor-middle,front_middle,middle,inlet,21.221,normalized-temperature,good,t4277
2025-12-29T22:45:00Z,cab-a01,sensor-bottom,front_bottom,bottom,inlet,20.321,normalized-temperature,good,t4278
2025-12-29T22:50:00Z,cab-a01,sensor-top,front_top,top,inlet,22.332,normalized-temperature,good,t4279
2025-12-29T22:50:00Z,cab-a01,sensor-middle,front_middle,middle,inlet,21.232,normalized-temperature,good,t4280
2025-12-29T22:50:00Z,cab-a01,sensor-bottom,front_bottom,bottom,inlet,20.332,normalized-temperature,good,t4281
2025-12-29T22:55:00Z,cab-a01,sensor-top,front_top,top,inlet,22.345,normalized-temperature,good,t4282
2025-12-29T22:55:00Z,cab-a01,sensor-middle,front_middle,middle,inlet,21.245,normalized-temperature,good,t4283
2025-12-29T22:55:00Z,cab-a01,sensor-bottom,front_bottom,bottom,inlet,20.345,normalized-temperature,good,t4284
2025-12-29T23:00:00Z,cab-a01,sensor-top,front_top,top,inlet,22.358,normalized-temperature,good,t4285
2025-12-29T23:00:00Z,cab-a01,sensor-middle,front_middle,middle,inlet,21.258,normalized-temperature,good,t4286
2025-12-29T23:00:00Z,cab-a01,sensor-bottom,front_bottom,bottom,inlet,20.358,normalized-temperature,good,t4287
2025-12-29T23:05:00Z,cab-a01,sensor-top,front_top,top,inlet,22.372,normalized-temperature,good,t4288
2025-12-29T23:05:00Z,cab-a01,sensor-middle,front_middle,middle,inlet,21.272,normalized-temperature,good,t4289
2025-12-29T23:05:00Z,cab-a01,sensor-bottom,front_bottom,bottom,inlet,20.372,normalized-temperature,good,t4290
2025-12-29T23:10:00Z,cab-a01,sensor-top,front_top,top,inlet,22.386,normalized-temperature,good,t4291
2025-12-29T23:10:00Z,cab-a01,sensor-middle,front_middle,middle,inlet,21.286,normalized-temperature,good,t4292
2025-12-29T23:10:00Z,cab-a01,sensor-bottom,front_bottom,bottom,inlet,20.386,normalized-temperature,good,t4293
2025-12-29T23:15:00Z,cab-a01,sensor-top,front_top,top,inlet,22.401,normalized-temperature,good,t4294
2025-12-29T23:15:00Z,cab-a01,sensor-middle,front_middle,middle,inlet,21.301,normalized-temperature,good,t4295
2025-12-29T23:15:00Z,cab-a01,sensor-bottom,front_bottom,bottom,inlet,20.401,normalized-temperature,good,t4296
2025-12-29T23:20:00Z,cab-a01,sensor-top,front_top,top,inlet,22.417,normalized-temperature,good,t4297
2025-12-29T23:20:00Z,cab-a01,sensor-middle,front_middle,middle,inlet,21.317,normalized-temperature,good,t4298
2025-12-29T23:20:00Z,cab-a01,sensor-bottom,front_bottom,bottom,inlet,20.417,normalized-temperature,good,t4299
2025-12-29T23:25:00Z,cab-a01,sensor-top,front_top,top,inlet,22.433,normalized-temperature,good,t4300
2025-12-29T23:25:00Z,cab-a01,sensor-middle,front_middle,middle,inlet,21.333,normalized-temperature,good,t4301
2025-12-29T23:25:00Z,cab-a01,sensor-bottom,front_bottom,bottom,inlet,20.433,normalized-temperature,good,t4302
2025-12-29T23:30:00Z,cab-a01,sensor-top,front_top,top,inlet,22.45,normalized-temperature,good,t4303
2025-12-29T23:30:00Z,cab-a01,sensor-middle,front_middle,middle,inlet,21.35,normalized-temperature,good,t4304
2025-12-29T23:30:00Z,cab-a01,sensor-bottom,front_bottom,bottom,inlet,20.45,normalized-temperature,good,t4305
2025-12-29T23:35:00Z,cab-a01,sensor-top,front_top,top,inlet,22.467,normalized-temperature,good,t4306
2025-12-29T23:35:00Z,cab-a01,sensor-middle,front_middle,middle,inlet,21.367,normalized-temperature,good,t4307
2025-12-29T23:35:00Z,cab-a01,sensor-bottom,front_bottom,bottom,inlet,20.467,normalized-temperature,good,t4308
2025-12-29T23:40:00Z,cab-a01,sensor-top,front_top,top,inlet,22.484,normalized-temperature,good,t4309
2025-12-29T23:40:00Z,cab-a01,sensor-middle,front_middle,middle,inlet,21.384,normalized-temperature,good,t4310
2025-12-29T23:40:00Z,cab-a01,sensor-bottom,front_bottom,bottom,inlet,20.484,normalized-temperature,good,t4311
2025-12-29T23:45:00Z,cab-a01,sensor-top,front_top,top,inlet,22.502,normalized-temperature,good,t4312
2025-12-29T23:45:00Z,cab-a01,sensor-middle,front_middle,middle,inlet,21.402,normalized-temperature,good,t4313
2025-12-29T23:45:00Z,cab-a01,sensor-bottom,front_bottom,bottom,inlet,20.502,normalized-temperature,good,t4314
2025-12-29T23:50:00Z,cab-a01,sensor-top,front_top,top,inlet,22.52,normalized-temperature,good,t4315
2025-12-29T23:50:00Z,cab-a01,sensor-middle,front_middle,middle,inlet,21.42,normalized-temperature,good,t4316
2025-12-29T23:50:00Z,cab-a01,sensor-bottom,front_bottom,bottom,inlet,20.52,normalized-temperature,good,t4317
2025-12-29T23:55:00Z,cab-a01,sensor-top,front_top,top,inlet,22.538,normalized-temperature,good,t4318
2025-12-29T23:55:00Z,cab-a01,sensor-middle,front_middle,middle,inlet,21.438,normalized-temperature,good,t4319
2025-12-29T23:55:00Z,cab-a01,sensor-bottom,front_bottom,bottom,inlet,20.538,normalized-temperature,good,t4320
2025-12-30T00:00:00Z,cab-a01,sensor-top,front_top,top,inlet,22.556,normalized-temperature,good,t4321
2025-12-30T00:00:00Z,cab-a01,sensor-middle,front_middle,middle,inlet,21.456,normalized-temperature,good,t4322
2025-12-30T00:00:00Z,cab-a01,sensor-bottom,front_bottom,bottom,inlet,20.556,normalized-temperature,good,t4323
2025-12-30T00:05:00Z,cab-a01,sensor-top,front_top,top,inlet,22.574,normalized-temperature,good,t4324
2025-12-30T00:05:00Z,cab-a01,sensor-middle,front_middle,middle,inlet,21.474,normalized-temperature,good,t4325
2025-12-30T00:05:00Z,cab-a01,sensor-bottom,front_bottom,bottom,inlet,20.574,normalized-temperature,good,t4326
2025-12-30T00:10:00Z,cab-a01,sensor-top,front_top,top,inlet,22.592,normalized-temperature,good,t4327
2025-12-30T00:10:00Z,cab-a01,sensor-middle,front_middle,middle,inlet,21.492,normalized-temperature,good,t4328
2025-12-30T00:10:00Z,cab-a01,sensor-bottom,front_bottom,bottom,inlet,20.592,normalized-temperature,good,t4329
2025-12-30T00:15:00Z,cab-a01,sensor-top,front_top,top,inlet,22.609,normalized-temperature,good,t4330
2025-12-30T00:15:00Z,cab-a01,sensor-middle,front_middle,middle,inlet,21.509,normalized-temperature,good,t4331
2025-12-30T00:15:00Z,cab-a01,sensor-bottom,front_bottom,bottom,inlet,20.609,normalized-temperature,good,t4332
2025-12-30T00:20:00Z,cab-a01,sensor-top,front_top,top,inlet,22.627,normalized-temperature,good,t4333
2025-12-30T00:20:00Z,cab-a01,sensor-middle,front_middle,middle,inlet,21.527,normalized-temperature,good,t4334
2025-12-30T00:20:00Z,cab-a01,sensor-bottom,front_bottom,bottom,inlet,20.627,normalized-temperature,good,t4335
2025-12-30T00:25:00Z,cab-a01,sensor-top,front_top,top,inlet,22.644,normalized-temperature,good,t4336
2025-12-30T00:25:00Z,cab-a01,sensor-middle,front_middle,middle,inlet,21.544,normalized-temperature,good,t4337
2025-12-30T00:25:00Z,cab-a01,sensor-bottom,front_bottom,bottom,inlet,20.644,normalized-temperature,good,t4338
2025-12-30T00:30:00Z,cab-a01,sensor-top,front_top,top,inlet,22.66,normalized-temperature,good,t4339
2025-12-30T00:30:00Z,cab-a01,sensor-middle,front_middle,middle,inlet,21.56,normalized-temperature,good,t4340
2025-12-30T00:30:00Z,cab-a01,sensor-bottom,front_bottom,bottom,inlet,20.66,normalized-temperature,good,t4341
2025-12-30T00:35:00Z,cab-a01,sensor-top,front_top,top,inlet,22.677,normalized-temperature,good,t4342
2025-12-30T00:35:00Z,cab-a01,sensor-middle,front_middle,middle,inlet,21.577,normalized-temperature,good,t4343
2025-12-30T00:35:00Z,cab-a01,sensor-bottom,front_bottom,bottom,inlet,20.677,normalized-temperature,good,t4344
2025-12-30T00:40:00Z,cab-a01,sensor-top,front_top,top,inlet,22.692,normalized-temperature,good,t4345
2025-12-30T00:40:00Z,cab-a01,sensor-middle,front_middle,middle,inlet,21.592,normalized-temperature,good,t4346
2025-12-30T00:40:00Z,cab-a01,sensor-bottom,front_bottom,bottom,inlet,20.692,normalized-temperature,good,t4347
2025-12-30T00:45:00Z,cab-a01,sensor-top,front_top,top,inlet,22.707,normalized-temperature,good,t4348
2025-12-30T00:45:00Z,cab-a01,sensor-middle,front_middle,middle,inlet,21.607,normalized-temperature,good,t4349
2025-12-30T00:45:00Z,cab-a01,sensor-bottom,front_bottom,bottom,inlet,20.707,normalized-temperature,good,t4350
2025-12-30T00:50:00Z,cab-a01,sensor-top,front_top,top,inlet,22.721,normalized-temperature,good,t4351
2025-12-30T00:50:00Z,cab-a01,sensor-middle,front_middle,middle,inlet,21.621,normalized-temperature,good,t4352
2025-12-30T00:50:00Z,cab-a01,sensor-bottom,front_bottom,bottom,inlet,20.721,normalized-temperature,good,t4353
2025-12-30T00:55:00Z,cab-a01,sensor-top,front_top,top,inlet,22.735,normalized-temperature,good,t4354
2025-12-30T00:55:00Z,cab-a01,sensor-middle,front_middle,middle,inlet,21.635,normalized-temperature,good,t4355
2025-12-30T00:55:00Z,cab-a01,sensor-bottom,front_bottom,bottom,inlet,20.735,normalized-temperature,good,t4356
2025-12-30T01:00:00Z,cab-a01,sensor-top,front_top,top,inlet,22.748,normalized-temperature,good,t4357
2025-12-30T01:00:00Z,cab-a01,sensor-middle,front_middle,middle,inlet,21.648,normalized-temperature,good,t4358
2025-12-30T01:00:00Z,cab-a01,sensor-bottom,front_bottom,bottom,inlet,20.748,normalized-temperature,good,t4359
2025-12-30T01:05:00Z,cab-a01,sensor-top,front_top,top,inlet,22.76,normalized-temperature,good,t4360
2025-12-30T01:05:00Z,cab-a01,sensor-middle,front_middle,middle,inlet,21.66,normalized-temperature,good,t4361
2025-12-30T01:05:00Z,cab-a01,sensor-bottom,front_bottom,bottom,inlet,20.76,normalized-temperature,good,t4362
2025-12-30T01:10:00Z,cab-a01,sensor-top,front_top,top,inlet,22.771,normalized-temperature,good,t4363
2025-12-30T01:10:00Z,cab-a01,sensor-middle,front_middle,middle,inlet,21.671,normalized-temperature,good,t4364
2025-12-30T01:10:00Z,cab-a01,sensor-bottom,front_bottom,bottom,inlet,20.771,normalized-temperature,good,t4365
2025-12-30T01:15:00Z,cab-a01,sensor-top,front_top,top,inlet,22.781,normalized-temperature,good,t4366
2025-12-30T01:15:00Z,cab-a01,sensor-middle,front_middle,middle,inlet,21.681,normalized-temperature,good,t4367
2025-12-30T01:15:00Z,cab-a01,sensor-bottom,front_bottom,bottom,inlet,20.781,normalized-temperature,good,t4368
2025-12-30T01:20:00Z,cab-a01,sensor-top,front_top,top,inlet,22.79,normalized-temperature,good,t4369
2025-12-30T01:20:00Z,cab-a01,sensor-middle,front_middle,middle,inlet,21.69,normalized-temperature,good,t4370
2025-12-30T01:20:00Z,cab-a01,sensor-bottom,front_bottom,bottom,inlet,20.79,normalized-temperature,good,t4371
2025-12-30T01:25:00Z,cab-a01,sensor-top,front_top,top,inlet,22.799,normalized-temperature,good,t4372
2025-12-30T01:25:00Z,cab-a01,sensor-middle,front_middle,middle,inlet,21.699,normalized-temperature,good,t4373
2025-12-30T01:25:00Z,cab-a01,sensor-bottom,front_bottom,bottom,inlet,20.799,normalized-temperature,good,t4374
2025-12-30T01:30:00Z,cab-a01,sensor-top,front_top,top,inlet,22.806,normalized-temperature,good,t4375
2025-12-30T01:30:00Z,cab-a01,sensor-middle,front_middle,middle,inlet,21.706,normalized-temperature,good,t4376
2025-12-30T01:30:00Z,cab-a01,sensor-bottom,front_bottom,bottom,inlet,20.806,normalized-temperature,good,t4377
2025-12-30T01:35:00Z,cab-a01,sensor-top,front_top,top,inlet,22.813,normalized-temperature,good,t4378
2025-12-30T01:35:00Z,cab-a01,sensor-middle,front_middle,middle,inlet,21.713,normalized-temperature,good,t4379
2025-12-30T01:35:00Z,cab-a01,sensor-bottom,front_bottom,bottom,inlet,20.813,normalized-temperature,good,t4380
2025-12-30T01:40:00Z,cab-a01,sensor-top,front_top,top,inlet,22.818,normalized-temperature,good,t4381
2025-12-30T01:40:00Z,cab-a01,sensor-middle,front_middle,middle,inlet,21.718,normalized-temperature,good,t4382
2025-12-30T01:40:00Z,cab-a01,sensor-bottom,front_bottom,bottom,inlet,20.818,normalized-temperature,good,t4383
2025-12-30T01:45:00Z,cab-a01,sensor-top,front_top,top,inlet,22.823,normalized-temperature,good,t4384
2025-12-30T01:45:00Z,cab-a01,sensor-middle,front_middle,middle,inlet,21.723,normalized-temperature,good,t4385
2025-12-30T01:45:00Z,cab-a01,sensor-bottom,front_bottom,bottom,inlet,20.823,normalized-temperature,good,t4386
2025-12-30T01:50:00Z,cab-a01,sensor-top,front_top,top,inlet,22.827,normalized-temperature,good,t4387
2025-12-30T01:50:00Z,cab-a01,sensor-middle,front_middle,middle,inlet,21.727,normalized-temperature,good,t4388
2025-12-30T01:50:00Z,cab-a01,sensor-bottom,front_bottom,bottom,inlet,20.827,normalized-temperature,good,t4389
2025-12-30T01:55:00Z,cab-a01,sensor-top,front_top,top,inlet,22.83,normalized-temperature,good,t4390
2025-12-30T01:55:00Z,cab-a01,sensor-middle,front_middle,middle,inlet,21.73,normalized-temperature,good,t4391
2025-12-30T01:55:00Z,cab-a01,sensor-bottom,front_bottom,bottom,inlet,20.83,normalized-temperature,good,t4392
2025-12-30T02:00:00Z,cab-a01,sensor-top,front_top,top,inlet,22.831,normalized-temperature,good,t4393
2025-12-30T02:00:00Z,cab-a01,sensor-middle,front_middle,middle,inlet,21.731,normalized-temperature,good,t4394
2025-12-30T02:00:00Z,cab-a01,sensor-bottom,front_bottom,bottom,inlet,20.831,normalized-temperature,good,t4395
2025-12-30T02:05:00Z,cab-a01,sensor-top,front_top,top,inlet,22.832,normalized-temperature,good,t4396
2025-12-30T02:05:00Z,cab-a01,sensor-middle,front_middle,middle,inlet,21.732,normalized-temperature,good,t4397
2025-12-30T02:05:00Z,cab-a01,sensor-bottom,front_bottom,bottom,inlet,20.832,normalized-temperature,good,t4398
2025-12-30T02:10:00Z,cab-a01,sensor-top,front_top,top,inlet,22.833,normalized-temperature,good,t4399
2025-12-30T02:10:00Z,cab-a01,sensor-middle,front_middle,middle,inlet,21.733,normalized-temperature,good,t4400
2025-12-30T02:10:00Z,cab-a01,sensor-bottom,front_bottom,bottom,inlet,20.833,normalized-temperature,good,t4401
2025-12-30T02:15:00Z,cab-a01,sensor-top,front_top,top,inlet,22.832,normalized-temperature,good,t4402
2025-12-30T02:15:00Z,cab-a01,sensor-middle,front_middle,middle,inlet,21.732,normalized-temperature,good,t4403
2025-12-30T02:15:00Z,cab-a01,sensor-bottom,front_bottom,bottom,inlet,20.832,normalized-temperature,good,t4404
2025-12-30T02:20:00Z,cab-a01,sensor-top,front_top,top,inlet,22.831,normalized-temperature,good,t4405
2025-12-30T02:20:00Z,cab-a01,sensor-middle,front_middle,middle,inlet,21.731,normalized-temperature,good,t4406
2025-12-30T02:20:00Z,cab-a01,sensor-bottom,front_bottom,bottom,inlet,20.831,normalized-temperature,good,t4407
2025-12-30T02:25:00Z,cab-a01,sensor-top,front_top,top,inlet,22.829,normalized-temperature,good,t4408
2025-12-30T02:25:00Z,cab-a01,sensor-middle,front_middle,middle,inlet,21.729,normalized-temperature,good,t4409
2025-12-30T02:25:00Z,cab-a01,sensor-bottom,front_bottom,bottom,inlet,20.829,normalized-temperature,good,t4410
2025-12-30T02:30:00Z,cab-a01,sensor-top,front_top,top,inlet,22.826,normalized-temperature,good,t4411
2025-12-30T02:30:00Z,cab-a01,sensor-middle,front_middle,middle,inlet,21.726,normalized-temperature,good,t4412
2025-12-30T02:30:00Z,cab-a01,sensor-bottom,front_bottom,bottom,inlet,20.826,normalized-temperature,good,t4413
2025-12-30T02:35:00Z,cab-a01,sensor-top,front_top,top,inlet,22.823,normalized-temperature,good,t4414
2025-12-30T02:35:00Z,cab-a01,sensor-middle,front_middle,middle,inlet,21.723,normalized-temperature,good,t4415
2025-12-30T02:35:00Z,cab-a01,sensor-bottom,front_bottom,bottom,inlet,20.823,normalized-temperature,good,t4416
2025-12-30T02:40:00Z,cab-a01,sensor-top,front_top,top,inlet,22.82,normalized-temperature,good,t4417
2025-12-30T02:40:00Z,cab-a01,sensor-middle,front_middle,middle,inlet,21.72,normalized-temperature,good,t4418
2025-12-30T02:40:00Z,cab-a01,sensor-bottom,front_bottom,bottom,inlet,20.82,normalized-temperature,good,t4419
2025-12-30T02:45:00Z,cab-a01,sensor-top,front_top,top,inlet,22.816,normalized-temperature,good,t4420
2025-12-30T02:45:00Z,cab-a01,sensor-middle,front_middle,middle,inlet,21.716,normalized-temperature,good,t4421
2025-12-30T02:45:00Z,cab-a01,sensor-bottom,front_bottom,bottom,inlet,20.816,normalized-temperature,good,t4422
2025-12-30T02:50:00Z,cab-a01,sensor-top,front_top,top,inlet,22.811,normalized-temperature,good,t4423
2025-12-30T02:50:00Z,cab-a01,sensor-middle,front_middle,middle,inlet,21.711,normalized-temperature,good,t4424
2025-12-30T02:50:00Z,cab-a01,sensor-bottom,front_bottom,bottom,inlet,20.811,normalized-temperature,good,t4425
2025-12-30T02:55:00Z,cab-a01,sensor-top,front_top,top,inlet,22.806,normalized-temperature,good,t4426
2025-12-30T02:55:00Z,cab-a01,sensor-middle,front_middle,middle,inlet,21.706,normalized-temperature,good,t4427
2025-12-30T02:55:00Z,cab-a01,sensor-bottom,front_bottom,bottom,inlet,20.806,normalized-temperature,good,t4428
2025-12-30T03:00:00Z,cab-a01,sensor-top,front_top,top,inlet,22.801,normalized-temperature,good,t4429
2025-12-30T03:00:00Z,cab-a01,sensor-middle,front_middle,middle,inlet,21.701,normalized-temperature,good,t4430
2025-12-30T03:00:00Z,cab-a01,sensor-bottom,front_bottom,bottom,inlet,20.801,normalized-temperature,good,t4431
2025-12-30T03:05:00Z,cab-a01,sensor-top,front_top,top,inlet,22.796,normalized-temperature,good,t4432
2025-12-30T03:05:00Z,cab-a01,sensor-middle,front_middle,middle,inlet,21.696,normalized-temperature,good,t4433
2025-12-30T03:05:00Z,cab-a01,sensor-bottom,front_bottom,bottom,inlet,20.796,normalized-temperature,good,t4434
2025-12-30T03:10:00Z,cab-a01,sensor-top,front_top,top,inlet,22.791,normalized-temperature,good,t4435
2025-12-30T03:10:00Z,cab-a01,sensor-middle,front_middle,middle,inlet,21.691,normalized-temperature,good,t4436
2025-12-30T03:10:00Z,cab-a01,sensor-bottom,front_bottom,bottom,inlet,20.791,normalized-temperature,good,t4437
2025-12-30T03:15:00Z,cab-a01,sensor-top,front_top,top,inlet,22.786,normalized-temperature,good,t4438
2025-12-30T03:15:00Z,cab-a01,sensor-middle,front_middle,middle,inlet,21.686,normalized-temperature,good,t4439
2025-12-30T03:15:00Z,cab-a01,sensor-bottom,front_bottom,bottom,inlet,20.786,normalized-temperature,good,t4440
2025-12-30T03:20:00Z,cab-a01,sensor-top,front_top,top,inlet,22.78,normalized-temperature,good,t4441
2025-12-30T03:20:00Z,cab-a01,sensor-middle,front_middle,middle,inlet,21.68,normalized-temperature,good,t4442
2025-12-30T03:20:00Z,cab-a01,sensor-bottom,front_bottom,bottom,inlet,20.78,normalized-temperature,good,t4443
2025-12-30T03:25:00Z,cab-a01,sensor-top,front_top,top,inlet,22.775,normalized-temperature,good,t4444
2025-12-30T03:25:00Z,cab-a01,sensor-middle,front_middle,middle,inlet,21.675,normalized-temperature,good,t4445
2025-12-30T03:25:00Z,cab-a01,sensor-bottom,front_bottom,bottom,inlet,20.775,normalized-temperature,good,t4446
2025-12-30T03:30:00Z,cab-a01,sensor-top,front_top,top,inlet,22.771,normalized-temperature,good,t4447
2025-12-30T03:30:00Z,cab-a01,sensor-middle,front_middle,middle,inlet,21.671,normalized-temperature,good,t4448
2025-12-30T03:30:00Z,cab-a01,sensor-bottom,front_bottom,bottom,inlet,20.771,normalized-temperature,good,t4449
2025-12-30T03:35:00Z,cab-a01,sensor-top,front_top,top,inlet,22.766,normalized-temperature,good,t4450
2025-12-30T03:35:00Z,cab-a01,sensor-middle,front_middle,middle,inlet,21.666,normalized-temperature,good,t4451
2025-12-30T03:35:00Z,cab-a01,sensor-bottom,front_bottom,bottom,inlet,20.766,normalized-temperature,good,t4452
2025-12-30T03:40:00Z,cab-a01,sensor-top,front_top,top,inlet,22.762,normalized-temperature,good,t4453
2025-12-30T03:40:00Z,cab-a01,sensor-middle,front_middle,middle,inlet,21.662,normalized-temperature,good,t4454
2025-12-30T03:40:00Z,cab-a01,sensor-bottom,front_bottom,bottom,inlet,20.762,normalized-temperature,good,t4455
2025-12-30T03:45:00Z,cab-a01,sensor-top,front_top,top,inlet,22.758,normalized-temperature,good,t4456
2025-12-30T03:45:00Z,cab-a01,sensor-middle,front_middle,middle,inlet,21.658,normalized-temperature,good,t4457
2025-12-30T03:45:00Z,cab-a01,sensor-bottom,front_bottom,bottom,inlet,20.758,normalized-temperature,good,t4458
2025-12-30T03:50:00Z,cab-a01,sensor-top,front_top,top,inlet,22.754,normalized-temperature,good,t4459
2025-12-30T03:50:00Z,cab-a01,sensor-middle,front_middle,middle,inlet,21.654,normalized-temperature,good,t4460
2025-12-30T03:50:00Z,cab-a01,sensor-bottom,front_bottom,bottom,inlet,20.754,normalized-temperature,good,t4461
2025-12-30T03:55:00Z,cab-a01,sensor-top,front_top,top,inlet,22.751,normalized-temperature,good,t4462
2025-12-30T03:55:00Z,cab-a01,sensor-middle,front_middle,middle,inlet,21.651,normalized-temperature,good,t4463
2025-12-30T03:55:00Z,cab-a01,sensor-bottom,front_bottom,bottom,inlet,20.751,normalized-temperature,good,t4464
2025-12-30T04:00:00Z,cab-a01,sensor-top,front_top,top,inlet,22.748,normalized-temperature,good,t4465
2025-12-30T04:00:00Z,cab-a01,sensor-middle,front_middle,middle,inlet,21.648,normalized-temperature,good,t4466
2025-12-30T04:00:00Z,cab-a01,sensor-bottom,front_bottom,bottom,inlet,20.748,normalized-temperature,good,t4467
2025-12-30T04:05:00Z,cab-a01,sensor-top,front_top,top,inlet,22.746,normalized-temperature,good,t4468
2025-12-30T04:05:00Z,cab-a01,sensor-middle,front_middle,middle,inlet,21.646,normalized-temperature,good,t4469
2025-12-30T04:05:00Z,cab-a01,sensor-bottom,front_bottom,bottom,inlet,20.746,normalized-temperature,good,t4470
2025-12-30T04:10:00Z,cab-a01,sensor-top,front_top,top,inlet,22.745,normalized-temperature,good,t4471
2025-12-30T04:10:00Z,cab-a01,sensor-middle,front_middle,middle,inlet,21.645,normalized-temperature,good,t4472
2025-12-30T04:10:00Z,cab-a01,sensor-bottom,front_bottom,bottom,inlet,20.745,normalized-temperature,good,t4473
2025-12-30T04:15:00Z,cab-a01,sensor-top,front_top,top,inlet,22.744,normalized-temperature,good,t4474
2025-12-30T04:15:00Z,cab-a01,sensor-middle,front_middle,middle,inlet,21.644,normalized-temperature,good,t4475
2025-12-30T04:15:00Z,cab-a01,sensor-bottom,front_bottom,bottom,inlet,20.744,normalized-temperature,good,t4476
2025-12-30T04:20:00Z,cab-a01,sensor-top,front_top,top,inlet,22.744,normalized-temperature,good,t4477
2025-12-30T04:20:00Z,cab-a01,sensor-middle,front_middle,middle,inlet,21.644,normalized-temperature,good,t4478
2025-12-30T04:20:00Z,cab-a01,sensor-bottom,front_bottom,bottom,inlet,20.744,normalized-temperature,good,t4479
2025-12-30T04:25:00Z,cab-a01,sensor-top,front_top,top,inlet,22.744,normalized-temperature,good,t4480
2025-12-30T04:25:00Z,cab-a01,sensor-middle,front_middle,middle,inlet,21.644,normalized-temperature,good,t4481
2025-12-30T04:25:00Z,cab-a01,sensor-bottom,front_bottom,bottom,inlet,20.744,normalized-temperature,good,t4482
2025-12-30T04:30:00Z,cab-a01,sensor-top,front_top,top,inlet,22.745,normalized-temperature,good,t4483
2025-12-30T04:30:00Z,cab-a01,sensor-middle,front_middle,middle,inlet,21.645,normalized-temperature,good,t4484
2025-12-30T04:30:00Z,cab-a01,sensor-bottom,front_bottom,bottom,inlet,20.745,normalized-temperature,good,t4485
2025-12-30T04:35:00Z,cab-a01,sensor-top,front_top,top,inlet,22.747,normalized-temperature,good,t4486
2025-12-30T04:35:00Z,cab-a01,sensor-middle,front_middle,middle,inlet,21.647,normalized-temperature,good,t4487
2025-12-30T04:35:00Z,cab-a01,sensor-bottom,front_bottom,bottom,inlet,20.747,normalized-temperature,good,t4488
2025-12-30T04:40:00Z,cab-a01,sensor-top,front_top,top,inlet,22.749,normalized-temperature,good,t4489
2025-12-30T04:40:00Z,cab-a01,sensor-middle,front_middle,middle,inlet,21.649,normalized-temperature,good,t4490
2025-12-30T04:40:00Z,cab-a01,sensor-bottom,front_bottom,bottom,inlet,20.749,normalized-temperature,good,t4491
2025-12-30T04:45:00Z,cab-a01,sensor-top,front_top,top,inlet,22.752,normalized-temperature,good,t4492
2025-12-30T04:45:00Z,cab-a01,sensor-middle,front_middle,middle,inlet,21.652,normalized-temperature,good,t4493
2025-12-30T04:45:00Z,cab-a01,sensor-bottom,front_bottom,bottom,inlet,20.752,normalized-temperature,good,t4494
2025-12-30T04:50:00Z,cab-a01,sensor-top,front_top,top,inlet,22.756,normalized-temperature,good,t4495
2025-12-30T04:50:00Z,cab-a01,sensor-middle,front_middle,middle,inlet,21.656,normalized-temperature,good,t4496
2025-12-30T04:50:00Z,cab-a01,sensor-bottom,front_bottom,bottom,inlet,20.756,normalized-temperature,good,t4497
2025-12-30T04:55:00Z,cab-a01,sensor-top,front_top,top,inlet,22.76,normalized-temperature,good,t4498
2025-12-30T04:55:00Z,cab-a01,sensor-middle,front_middle,middle,inlet,21.66,normalized-temperature,good,t4499
2025-12-30T04:55:00Z,cab-a01,sensor-bottom,front_bottom,bottom,inlet,20.76,normalized-temperature,good,t4500
2025-12-30T05:00:00Z,cab-a01,sensor-top,front_top,top,inlet,22.765,normalized-temperature,good,t4501
2025-12-30T05:00:00Z,cab-a01,sensor-middle,front_middle,middle,inlet,21.665,normalized-temperature,good,t4502
2025-12-30T05:00:00Z,cab-a01,sensor-bottom,front_bottom,bottom,inlet,20.765,normalized-temperature,good,t4503
2025-12-30T05:05:00Z,cab-a01,sensor-top,front_top,top,inlet,22.77,normalized-temperature,good,t4504
2025-12-30T05:05:00Z,cab-a01,sensor-middle,front_middle,middle,inlet,21.67,normalized-temperature,good,t4505
2025-12-30T05:05:00Z,cab-a01,sensor-bottom,front_bottom,bottom,inlet,20.77,normalized-temperature,good,t4506
2025-12-30T05:10:00Z,cab-a01,sensor-top,front_top,top,inlet,22.776,normalized-temperature,good,t4507
2025-12-30T05:10:00Z,cab-a01,sensor-middle,front_middle,middle,inlet,21.676,normalized-temperature,good,t4508
2025-12-30T05:10:00Z,cab-a01,sensor-bottom,front_bottom,bottom,inlet,20.776,normalized-temperature,good,t4509
2025-12-30T05:15:00Z,cab-a01,sensor-top,front_top,top,inlet,22.782,normalized-temperature,good,t4510
2025-12-30T05:15:00Z,cab-a01,sensor-middle,front_middle,middle,inlet,21.682,normalized-temperature,good,t4511
2025-12-30T05:15:00Z,cab-a01,sensor-bottom,front_bottom,bottom,inlet,20.782,normalized-temperature,good,t4512
2025-12-30T05:20:00Z,cab-a01,sensor-top,front_top,top,inlet,22.789,normalized-temperature,good,t4513
2025-12-30T05:20:00Z,cab-a01,sensor-middle,front_middle,middle,inlet,21.689,normalized-temperature,good,t4514
2025-12-30T05:20:00Z,cab-a01,sensor-bottom,front_bottom,bottom,inlet,20.789,normalized-temperature,good,t4515
2025-12-30T05:25:00Z,cab-a01,sensor-top,front_top,top,inlet,22.796,normalized-temperature,good,t4516
2025-12-30T05:25:00Z,cab-a01,sensor-middle,front_middle,middle,inlet,21.696,normalized-temperature,good,t4517
2025-12-30T05:25:00Z,cab-a01,sensor-bottom,front_bottom,bottom,inlet,20.796,normalized-temperature,good,t4518
2025-12-30T05:30:00Z,cab-a01,sensor-top,front_top,top,inlet,22.803,normalized-temperature,good,t4519
2025-12-30T05:30:00Z,cab-a01,sensor-middle,front_middle,middle,inlet,21.703,normalized-temperature,good,t4520
2025-12-30T05:30:00Z,cab-a01,sensor-bottom,front_bottom,bottom,inlet,20.803,normalized-temperature,good,t4521
2025-12-30T05:35:00Z,cab-a01,sensor-top,front_top,top,inlet,22.81,normalized-temperature,good,t4522
2025-12-30T05:35:00Z,cab-a01,sensor-middle,front_middle,middle,inlet,21.71,normalized-temperature,good,t4523
2025-12-30T05:35:00Z,cab-a01,sensor-bottom,front_bottom,bottom,inlet,20.81,normalized-temperature,good,t4524
2025-12-30T05:40:00Z,cab-a01,sensor-top,front_top,top,inlet,22.818,normalized-temperature,good,t4525
2025-12-30T05:40:00Z,cab-a01,sensor-middle,front_middle,middle,inlet,21.718,normalized-temperature,good,t4526
2025-12-30T05:40:00Z,cab-a01,sensor-bottom,front_bottom,bottom,inlet,20.818,normalized-temperature,good,t4527
2025-12-30T05:45:00Z,cab-a01,sensor-top,front_top,top,inlet,22.826,normalized-temperature,good,t4528
2025-12-30T05:45:00Z,cab-a01,sensor-middle,front_middle,middle,inlet,21.726,normalized-temperature,good,t4529
2025-12-30T05:45:00Z,cab-a01,sensor-bottom,front_bottom,bottom,inlet,20.826,normalized-temperature,good,t4530
2025-12-30T05:50:00Z,cab-a01,sensor-top,front_top,top,inlet,22.834,normalized-temperature,good,t4531
2025-12-30T05:50:00Z,cab-a01,sensor-middle,front_middle,middle,inlet,21.734,normalized-temperature,good,t4532
2025-12-30T05:50:00Z,cab-a01,sensor-bottom,front_bottom,bottom,inlet,20.834,normalized-temperature,good,t4533
2025-12-30T05:55:00Z,cab-a01,sensor-top,front_top,top,inlet,22.841,normalized-temperature,good,t4534
2025-12-30T05:55:00Z,cab-a01,sensor-middle,front_middle,middle,inlet,21.741,normalized-temperature,good,t4535
2025-12-30T05:55:00Z,cab-a01,sensor-bottom,front_bottom,bottom,inlet,20.841,normalized-temperature,good,t4536
2025-12-30T06:00:00Z,cab-a01,sensor-top,front_top,top,inlet,22.849,normalized-temperature,good,t4537
2025-12-30T06:00:00Z,cab-a01,sensor-middle,front_middle,middle,inlet,21.749,normalized-temperature,good,t4538
2025-12-30T06:00:00Z,cab-a01,sensor-bottom,front_bottom,bottom,inlet,20.849,normalized-temperature,good,t4539
2025-12-30T06:05:00Z,cab-a01,sensor-top,front_top,top,inlet,22.857,normalized-temperature,good,t4540
2025-12-30T06:05:00Z,cab-a01,sensor-middle,front_middle,middle,inlet,21.757,normalized-temperature,good,t4541
2025-12-30T06:05:00Z,cab-a01,sensor-bottom,front_bottom,bottom,inlet,20.857,normalized-temperature,good,t4542
2025-12-30T06:10:00Z,cab-a01,sensor-top,front_top,top,inlet,22.864,normalized-temperature,good,t4543
2025-12-30T06:10:00Z,cab-a01,sensor-middle,front_middle,middle,inlet,21.764,normalized-temperature,good,t4544
2025-12-30T06:10:00Z,cab-a01,sensor-bottom,front_bottom,bottom,inlet,20.864,normalized-temperature,good,t4545
2025-12-30T06:15:00Z,cab-a01,sensor-top,front_top,top,inlet,22.871,normalized-temperature,good,t4546
2025-12-30T06:15:00Z,cab-a01,sensor-middle,front_middle,middle,inlet,21.771,normalized-temperature,good,t4547
2025-12-30T06:15:00Z,cab-a01,sensor-bottom,front_bottom,bottom,inlet,20.871,normalized-temperature,good,t4548
2025-12-30T06:20:00Z,cab-a01,sensor-top,front_top,top,inlet,22.877,normalized-temperature,good,t4549
2025-12-30T06:20:00Z,cab-a01,sensor-middle,front_middle,middle,inlet,21.777,normalized-temperature,good,t4550
2025-12-30T06:20:00Z,cab-a01,sensor-bottom,front_bottom,bottom,inlet,20.877,normalized-temperature,good,t4551
2025-12-30T06:25:00Z,cab-a01,sensor-top,front_top,top,inlet,22.883,normalized-temperature,good,t4552
2025-12-30T06:25:00Z,cab-a01,sensor-middle,front_middle,middle,inlet,21.783,normalized-temperature,good,t4553
2025-12-30T06:25:00Z,cab-a01,sensor-bottom,front_bottom,bottom,inlet,20.883,normalized-temperature,good,t4554
2025-12-30T06:30:00Z,cab-a01,sensor-top,front_top,top,inlet,22.889,normalized-temperature,good,t4555
2025-12-30T06:30:00Z,cab-a01,sensor-middle,front_middle,middle,inlet,21.789,normalized-temperature,good,t4556
2025-12-30T06:30:00Z,cab-a01,sensor-bottom,front_bottom,bottom,inlet,20.889,normalized-temperature,good,t4557
2025-12-30T06:35:00Z,cab-a01,sensor-top,front_top,top,inlet,22.894,normalized-temperature,good,t4558
2025-12-30T06:35:00Z,cab-a01,sensor-middle,front_middle,middle,inlet,21.794,normalized-temperature,good,t4559
2025-12-30T06:35:00Z,cab-a01,sensor-bottom,front_bottom,bottom,inlet,20.894,normalized-temperature,good,t4560
2025-12-30T06:40:00Z,cab-a01,sensor-top,front_top,top,inlet,22.898,normalized-temperature,good,t4561
2025-12-30T06:40:00Z,cab-a01,sensor-middle,front_middle,middle,inlet,21.798,normalized-temperature,good,t4562
2025-12-30T06:40:00Z,cab-a01,sensor-bottom,front_bottom,bottom,inlet,20.898,normalized-temperature,good,t4563
2025-12-30T06:45:00Z,cab-a01,sensor-top,front_top,top,inlet,22.902,normalized-temperature,good,t4564
2025-12-30T06:45:00Z,cab-a01,sensor-middle,front_middle,middle,inlet,21.802,normalized-temperature,good,t4565
2025-12-30T06:45:00Z,cab-a01,sensor-bottom,front_bottom,bottom,inlet,20.902,normalized-temperature,good,t4566
2025-12-30T06:50:00Z,cab-a01,sensor-top,front_top,top,inlet,22.904,normalized-temperature,good,t4567
2025-12-30T06:50:00Z,cab-a01,sensor-middle,front_middle,middle,inlet,21.804,normalized-temperature,good,t4568
2025-12-30T06:50:00Z,cab-a01,sensor-bottom,front_bottom,bottom,inlet,20.904,normalized-temperature,good,t4569
2025-12-30T06:55:00Z,cab-a01,sensor-top,front_top,top,inlet,22.906,normalized-temperature,good,t4570
2025-12-30T06:55:00Z,cab-a01,sensor-middle,front_middle,middle,inlet,21.806,normalized-temperature,good,t4571
2025-12-30T06:55:00Z,cab-a01,sensor-bottom,front_bottom,bottom,inlet,20.906,normalized-temperature,good,t4572
2025-12-30T07:00:00Z,cab-a01,sensor-top,front_top,top,inlet,22.907,normalized-temperature,good,t4573
2025-12-30T07:00:00Z,cab-a01,sensor-middle,front_middle,middle,inlet,21.807,normalized-temperature,good,t4574
2025-12-30T07:00:00Z,cab-a01,sensor-bottom,front_bottom,bottom,inlet,20.907,normalized-temperature,good,t4575
2025-12-30T07:05:00Z,cab-a01,sensor-top,front_top,top,inlet,22.908,normalized-temperature,good,t4576
2025-12-30T07:05:00Z,cab-a01,sensor-middle,front_middle,middle,inlet,21.808,normalized-temperature,good,t4577
2025-12-30T07:05:00Z,cab-a01,sensor-bottom,front_bottom,bottom,inlet,20.908,normalized-temperature,good,t4578
2025-12-30T07:10:00Z,cab-a01,sensor-top,front_top,top,inlet,22.907,normalized-temperature,good,t4579
2025-12-30T07:10:00Z,cab-a01,sensor-middle,front_middle,middle,inlet,21.807,normalized-temperature,good,t4580
2025-12-30T07:10:00Z,cab-a01,sensor-bottom,front_bottom,bottom,inlet,20.907,normalized-temperature,good,t4581
2025-12-30T07:15:00Z,cab-a01,sensor-top,front_top,top,inlet,22.905,normalized-temperature,good,t4582
2025-12-30T07:15:00Z,cab-a01,sensor-middle,front_middle,middle,inlet,21.805,normalized-temperature,good,t4583
2025-12-30T07:15:00Z,cab-a01,sensor-bottom,front_bottom,bottom,inlet,20.905,normalized-temperature,good,t4584
2025-12-30T07:20:00Z,cab-a01,sensor-top,front_top,top,inlet,22.903,normalized-temperature,good,t4585
2025-12-30T07:20:00Z,cab-a01,sensor-middle,front_middle,middle,inlet,21.803,normalized-temperature,good,t4586
2025-12-30T07:20:00Z,cab-a01,sensor-bottom,front_bottom,bottom,inlet,20.903,normalized-temperature,good,t4587
2025-12-30T07:25:00Z,cab-a01,sensor-top,front_top,top,inlet,22.899,normalized-temperature,good,t4588
2025-12-30T07:25:00Z,cab-a01,sensor-middle,front_middle,middle,inlet,21.799,normalized-temperature,good,t4589
2025-12-30T07:25:00Z,cab-a01,sensor-bottom,front_bottom,bottom,inlet,20.899,normalized-temperature,good,t4590
2025-12-30T07:30:00Z,cab-a01,sensor-top,front_top,top,inlet,22.895,normalized-temperature,good,t4591
2025-12-30T07:30:00Z,cab-a01,sensor-middle,front_middle,middle,inlet,21.795,normalized-temperature,good,t4592
2025-12-30T07:30:00Z,cab-a01,sensor-bottom,front_bottom,bottom,inlet,20.895,normalized-temperature,good,t4593
2025-12-30T07:35:00Z,cab-a01,sensor-top,front_top,top,inlet,22.889,normalized-temperature,good,t4594
2025-12-30T07:35:00Z,cab-a01,sensor-middle,front_middle,middle,inlet,21.789,normalized-temperature,good,t4595
2025-12-30T07:35:00Z,cab-a01,sensor-bottom,front_bottom,bottom,inlet,20.889,normalized-temperature,good,t4596
2025-12-30T07:40:00Z,cab-a01,sensor-top,front_top,top,inlet,22.883,normalized-temperature,good,t4597
2025-12-30T07:40:00Z,cab-a01,sensor-middle,front_middle,middle,inlet,21.783,normalized-temperature,good,t4598
2025-12-30T07:40:00Z,cab-a01,sensor-bottom,front_bottom,bottom,inlet,20.883,normalized-temperature,good,t4599
2025-12-30T07:45:00Z,cab-a01,sensor-top,front_top,top,inlet,22.875,normalized-temperature,good,t4600
2025-12-30T07:45:00Z,cab-a01,sensor-middle,front_middle,middle,inlet,21.775,normalized-temperature,good,t4601
2025-12-30T07:45:00Z,cab-a01,sensor-bottom,front_bottom,bottom,inlet,20.875,normalized-temperature,good,t4602
2025-12-30T07:50:00Z,cab-a01,sensor-top,front_top,top,inlet,22.867,normalized-temperature,good,t4603
2025-12-30T07:50:00Z,cab-a01,sensor-middle,front_middle,middle,inlet,21.767,normalized-temperature,good,t4604
2025-12-30T07:50:00Z,cab-a01,sensor-bottom,front_bottom,bottom,inlet,20.867,normalized-temperature,good,t4605
2025-12-30T07:55:00Z,cab-a01,sensor-top,front_top,top,inlet,22.857,normalized-temperature,good,t4606
2025-12-30T07:55:00Z,cab-a01,sensor-middle,front_middle,middle,inlet,21.757,normalized-temperature,good,t4607
2025-12-30T07:55:00Z,cab-a01,sensor-bottom,front_bottom,bottom,inlet,20.857,normalized-temperature,good,t4608
2025-12-30T08:00:00Z,cab-a01,sensor-top,front_top,top,inlet,22.847,normalized-temperature,good,t4609
2025-12-30T08:00:00Z,cab-a01,sensor-middle,front_middle,middle,inlet,21.747,normalized-temperature,good,t4610
2025-12-30T08:00:00Z,cab-a01,sensor-bottom,front_bottom,bottom,inlet,20.847,normalized-temperature,good,t4611
2025-12-30T08:05:00Z,cab-a01,sensor-top,front_top,top,inlet,22.836,normalized-temperature,good,t4612
2025-12-30T08:05:00Z,cab-a01,sensor-middle,front_middle,middle,inlet,21.736,normalized-temperature,good,t4613
2025-12-30T08:05:00Z,cab-a01,sensor-bottom,front_bottom,bottom,inlet,20.836,normalized-temperature,good,t4614
2025-12-30T08:10:00Z,cab-a01,sensor-top,front_top,top,inlet,22.824,normalized-temperature,good,t4615
2025-12-30T08:10:00Z,cab-a01,sensor-middle,front_middle,middle,inlet,21.724,normalized-temperature,good,t4616
2025-12-30T08:10:00Z,cab-a01,sensor-bottom,front_bottom,bottom,inlet,20.824,normalized-temperature,good,t4617
2025-12-30T08:15:00Z,cab-a01,sensor-top,front_top,top,inlet,22.811,normalized-temperature,good,t4618
2025-12-30T08:15:00Z,cab-a01,sensor-middle,front_middle,middle,inlet,21.711,normalized-temperature,good,t4619
2025-12-30T08:15:00Z,cab-a01,sensor-bottom,front_bottom,bottom,inlet,20.811,normalized-temperature,good,t4620
2025-12-30T08:20:00Z,cab-a01,sensor-top,front_top,top,inlet,22.797,normalized-temperature,good,t4621
2025-12-30T08:20:00Z,cab-a01,sensor-middle,front_middle,middle,inlet,21.697,normalized-temperature,good,t4622
2025-12-30T08:20:00Z,cab-a01,sensor-bottom,front_bottom,bottom,inlet,20.797,normalized-temperature,good,t4623
2025-12-30T08:25:00Z,cab-a01,sensor-top,front_top,top,inlet,22.783,normalized-temperature,good,t4624
2025-12-30T08:25:00Z,cab-a01,sensor-middle,front_middle,middle,inlet,21.683,normalized-temperature,good,t4625
2025-12-30T08:25:00Z,cab-a01,sensor-bottom,front_bottom,bottom,inlet,20.783,normalized-temperature,good,t4626
2025-12-30T08:30:00Z,cab-a01,sensor-top,front_top,top,inlet,22.769,normalized-temperature,good,t4627
2025-12-30T08:30:00Z,cab-a01,sensor-middle,front_middle,middle,inlet,21.669,normalized-temperature,good,t4628
2025-12-30T08:30:00Z,cab-a01,sensor-bottom,front_bottom,bottom,inlet,20.769,normalized-temperature,good,t4629
2025-12-30T08:35:00Z,cab-a01,sensor-top,front_top,top,inlet,22.753,normalized-temperature,good,t4630
2025-12-30T08:35:00Z,cab-a01,sensor-middle,front_middle,middle,inlet,21.653,normalized-temperature,good,t4631
2025-12-30T08:35:00Z,cab-a01,sensor-bottom,front_bottom,bottom,inlet,20.753,normalized-temperature,good,t4632
2025-12-30T08:40:00Z,cab-a01,sensor-top,front_top,top,inlet,22.738,normalized-temperature,good,t4633
2025-12-30T08:40:00Z,cab-a01,sensor-middle,front_middle,middle,inlet,21.638,normalized-temperature,good,t4634
2025-12-30T08:40:00Z,cab-a01,sensor-bottom,front_bottom,bottom,inlet,20.738,normalized-temperature,good,t4635
2025-12-30T08:45:00Z,cab-a01,sensor-top,front_top,top,inlet,22.721,normalized-temperature,good,t4636
2025-12-30T08:45:00Z,cab-a01,sensor-middle,front_middle,middle,inlet,21.621,normalized-temperature,good,t4637
2025-12-30T08:45:00Z,cab-a01,sensor-bottom,front_bottom,bottom,inlet,20.721,normalized-temperature,good,t4638
2025-12-30T08:50:00Z,cab-a01,sensor-top,front_top,top,inlet,22.705,normalized-temperature,good,t4639
2025-12-30T08:50:00Z,cab-a01,sensor-middle,front_middle,middle,inlet,21.605,normalized-temperature,good,t4640
2025-12-30T08:50:00Z,cab-a01,sensor-bottom,front_bottom,bottom,inlet,20.705,normalized-temperature,good,t4641
2025-12-30T08:55:00Z,cab-a01,sensor-top,front_top,top,inlet,22.688,normalized-temperature,good,t4642
2025-12-30T08:55:00Z,cab-a01,sensor-middle,front_middle,middle,inlet,21.588,normalized-temperature,good,t4643
2025-12-30T08:55:00Z,cab-a01,sensor-bottom,front_bottom,bottom,inlet,20.688,normalized-temperature,good,t4644
2025-12-30T09:00:00Z,cab-a01,sensor-top,front_top,top,inlet,22.671,normalized-temperature,good,t4645
2025-12-30T09:00:00Z,cab-a01,sensor-middle,front_middle,middle,inlet,21.571,normalized-temperature,good,t4646
2025-12-30T09:00:00Z,cab-a01,sensor-bottom,front_bottom,bottom,inlet,20.671,normalized-temperature,good,t4647
2025-12-30T09:05:00Z,cab-a01,sensor-top,front_top,top,inlet,22.654,normalized-temperature,good,t4648
2025-12-30T09:05:00Z,cab-a01,sensor-middle,front_middle,middle,inlet,21.554,normalized-temperature,good,t4649
2025-12-30T09:05:00Z,cab-a01,sensor-bottom,front_bottom,bottom,inlet,20.654,normalized-temperature,good,t4650
2025-12-30T09:10:00Z,cab-a01,sensor-top,front_top,top,inlet,22.637,normalized-temperature,good,t4651
2025-12-30T09:10:00Z,cab-a01,sensor-middle,front_middle,middle,inlet,21.537,normalized-temperature,good,t4652
2025-12-30T09:10:00Z,cab-a01,sensor-bottom,front_bottom,bottom,inlet,20.637,normalized-temperature,good,t4653
2025-12-30T09:15:00Z,cab-a01,sensor-top,front_top,top,inlet,22.62,normalized-temperature,good,t4654
2025-12-30T09:15:00Z,cab-a01,sensor-middle,front_middle,middle,inlet,21.52,normalized-temperature,good,t4655
2025-12-30T09:15:00Z,cab-a01,sensor-bottom,front_bottom,bottom,inlet,20.62,normalized-temperature,good,t4656
2025-12-30T09:20:00Z,cab-a01,sensor-top,front_top,top,inlet,22.604,normalized-temperature,good,t4657
2025-12-30T09:20:00Z,cab-a01,sensor-middle,front_middle,middle,inlet,21.504,normalized-temperature,good,t4658
2025-12-30T09:20:00Z,cab-a01,sensor-bottom,front_bottom,bottom,inlet,20.604,normalized-temperature,good,t4659
2025-12-30T09:25:00Z,cab-a01,sensor-top,front_top,top,inlet,22.587,normalized-temperature,good,t4660
2025-12-30T09:25:00Z,cab-a01,sensor-middle,front_middle,middle,inlet,21.487,normalized-temperature,good,t4661
2025-12-30T09:25:00Z,cab-a01,sensor-bottom,front_bottom,bottom,inlet,20.587,normalized-temperature,good,t4662
2025-12-30T09:30:00Z,cab-a01,sensor-top,front_top,top,inlet,22.571,normalized-temperature,good,t4663
2025-12-30T09:30:00Z,cab-a01,sensor-middle,front_middle,middle,inlet,21.471,normalized-temperature,good,t4664
2025-12-30T09:30:00Z,cab-a01,sensor-bottom,front_bottom,bottom,inlet,20.571,normalized-temperature,good,t4665
2025-12-30T09:35:00Z,cab-a01,sensor-top,front_top,top,inlet,22.555,normalized-temperature,good,t4666
2025-12-30T09:35:00Z,cab-a01,sensor-middle,front_middle,middle,inlet,21.455,normalized-temperature,good,t4667
2025-12-30T09:35:00Z,cab-a01,sensor-bottom,front_bottom,bottom,inlet,20.555,normalized-temperature,good,t4668
2025-12-30T09:40:00Z,cab-a01,sensor-top,front_top,top,inlet,22.539,normalized-temperature,good,t4669
2025-12-30T09:40:00Z,cab-a01,sensor-middle,front_middle,middle,inlet,21.439,normalized-temperature,good,t4670
2025-12-30T09:40:00Z,cab-a01,sensor-bottom,front_bottom,bottom,inlet,20.539,normalized-temperature,good,t4671
2025-12-30T09:45:00Z,cab-a01,sensor-top,front_top,top,inlet,22.524,normalized-temperature,good,t4672
2025-12-30T09:45:00Z,cab-a01,sensor-middle,front_middle,middle,inlet,21.424,normalized-temperature,good,t4673
2025-12-30T09:45:00Z,cab-a01,sensor-bottom,front_bottom,bottom,inlet,20.524,normalized-temperature,good,t4674
2025-12-30T09:50:00Z,cab-a01,sensor-top,front_top,top,inlet,22.509,normalized-temperature,good,t4675
2025-12-30T09:50:00Z,cab-a01,sensor-middle,front_middle,middle,inlet,21.409,normalized-temperature,good,t4676
2025-12-30T09:50:00Z,cab-a01,sensor-bottom,front_bottom,bottom,inlet,20.509,normalized-temperature,good,t4677
2025-12-30T09:55:00Z,cab-a01,sensor-top,front_top,top,inlet,22.495,normalized-temperature,good,t4678
2025-12-30T09:55:00Z,cab-a01,sensor-middle,front_middle,middle,inlet,21.395,normalized-temperature,good,t4679
2025-12-30T09:55:00Z,cab-a01,sensor-bottom,front_bottom,bottom,inlet,20.495,normalized-temperature,good,t4680
2025-12-30T10:00:00Z,cab-a01,sensor-top,front_top,top,inlet,22.482,normalized-temperature,good,t4681
2025-12-30T10:00:00Z,cab-a01,sensor-middle,front_middle,middle,inlet,21.382,normalized-temperature,good,t4682
2025-12-30T10:00:00Z,cab-a01,sensor-bottom,front_bottom,bottom,inlet,20.482,normalized-temperature,good,t4683
2025-12-30T10:05:00Z,cab-a01,sensor-top,front_top,top,inlet,22.469,normalized-temperature,good,t4684
2025-12-30T10:05:00Z,cab-a01,sensor-middle,front_middle,middle,inlet,21.369,normalized-temperature,good,t4685
2025-12-30T10:05:00Z,cab-a01,sensor-bottom,front_bottom,bottom,inlet,20.469,normalized-temperature,good,t4686
2025-12-30T10:10:00Z,cab-a01,sensor-top,front_top,top,inlet,22.457,normalized-temperature,good,t4687
2025-12-30T10:10:00Z,cab-a01,sensor-middle,front_middle,middle,inlet,21.357,normalized-temperature,good,t4688
2025-12-30T10:10:00Z,cab-a01,sensor-bottom,front_bottom,bottom,inlet,20.457,normalized-temperature,good,t4689
2025-12-30T10:15:00Z,cab-a01,sensor-top,front_top,top,inlet,22.446,normalized-temperature,good,t4690
2025-12-30T10:15:00Z,cab-a01,sensor-middle,front_middle,middle,inlet,21.346,normalized-temperature,good,t4691
2025-12-30T10:15:00Z,cab-a01,sensor-bottom,front_bottom,bottom,inlet,20.446,normalized-temperature,good,t4692
2025-12-30T10:20:00Z,cab-a01,sensor-top,front_top,top,inlet,22.435,normalized-temperature,good,t4693
2025-12-30T10:20:00Z,cab-a01,sensor-middle,front_middle,middle,inlet,21.335,normalized-temperature,good,t4694
2025-12-30T10:20:00Z,cab-a01,sensor-bottom,front_bottom,bottom,inlet,20.435,normalized-temperature,good,t4695
2025-12-30T10:25:00Z,cab-a01,sensor-top,front_top,top,inlet,22.425,normalized-temperature,good,t4696
2025-12-30T10:25:00Z,cab-a01,sensor-middle,front_middle,middle,inlet,21.325,normalized-temperature,good,t4697
2025-12-30T10:25:00Z,cab-a01,sensor-bottom,front_bottom,bottom,inlet,20.425,normalized-temperature,good,t4698
2025-12-30T10:30:00Z,cab-a01,sensor-top,front_top,top,inlet,22.416,normalized-temperature,good,t4699
2025-12-30T10:30:00Z,cab-a01,sensor-middle,front_middle,middle,inlet,21.316,normalized-temperature,good,t4700
2025-12-30T10:30:00Z,cab-a01,sensor-bottom,front_bottom,bottom,inlet,20.416,normalized-temperature,good,t4701
2025-12-30T10:35:00Z,cab-a01,sensor-top,front_top,top,inlet,22.408,normalized-temperature,good,t4702
2025-12-30T10:35:00Z,cab-a01,sensor-middle,front_middle,middle,inlet,21.308,normalized-temperature,good,t4703
2025-12-30T10:35:00Z,cab-a01,sensor-bottom,front_bottom,bottom,inlet,20.408,normalized-temperature,good,t4704
2025-12-30T10:40:00Z,cab-a01,sensor-top,front_top,top,inlet,22.401,normalized-temperature,good,t4705
2025-12-30T10:40:00Z,cab-a01,sensor-middle,front_middle,middle,inlet,21.301,normalized-temperature,good,t4706
2025-12-30T10:40:00Z,cab-a01,sensor-bottom,front_bottom,bottom,inlet,20.401,normalized-temperature,good,t4707
2025-12-30T10:45:00Z,cab-a01,sensor-top,front_top,top,inlet,22.394,normalized-temperature,good,t4708
2025-12-30T10:45:00Z,cab-a01,sensor-middle,front_middle,middle,inlet,21.294,normalized-temperature,good,t4709
2025-12-30T10:45:00Z,cab-a01,sensor-bottom,front_bottom,bottom,inlet,20.394,normalized-temperature,good,t4710
2025-12-30T10:50:00Z,cab-a01,sensor-top,front_top,top,inlet,22.389,normalized-temperature,good,t4711
2025-12-30T10:50:00Z,cab-a01,sensor-middle,front_middle,middle,inlet,21.289,normalized-temperature,good,t4712
2025-12-30T10:50:00Z,cab-a01,sensor-bottom,front_bottom,bottom,inlet,20.389,normalized-temperature,good,t4713
2025-12-30T10:55:00Z,cab-a01,sensor-top,front_top,top,inlet,22.384,normalized-temperature,good,t4714
2025-12-30T10:55:00Z,cab-a01,sensor-middle,front_middle,middle,inlet,21.284,normalized-temperature,good,t4715
2025-12-30T10:55:00Z,cab-a01,sensor-bottom,front_bottom,bottom,inlet,20.384,normalized-temperature,good,t4716
2025-12-30T11:00:00Z,cab-a01,sensor-top,front_top,top,inlet,22.38,normalized-temperature,good,t4717
2025-12-30T11:00:00Z,cab-a01,sensor-middle,front_middle,middle,inlet,21.28,normalized-temperature,good,t4718
2025-12-30T11:00:00Z,cab-a01,sensor-bottom,front_bottom,bottom,inlet,20.38,normalized-temperature,good,t4719
2025-12-30T11:05:00Z,cab-a01,sensor-top,front_top,top,inlet,22.376,normalized-temperature,good,t4720
2025-12-30T11:05:00Z,cab-a01,sensor-middle,front_middle,middle,inlet,21.276,normalized-temperature,good,t4721
2025-12-30T11:05:00Z,cab-a01,sensor-bottom,front_bottom,bottom,inlet,20.376,normalized-temperature,good,t4722
2025-12-30T11:10:00Z,cab-a01,sensor-top,front_top,top,inlet,22.373,normalized-temperature,good,t4723
2025-12-30T11:10:00Z,cab-a01,sensor-middle,front_middle,middle,inlet,21.273,normalized-temperature,good,t4724
2025-12-30T11:10:00Z,cab-a01,sensor-bottom,front_bottom,bottom,inlet,20.373,normalized-temperature,good,t4725
2025-12-30T11:15:00Z,cab-a01,sensor-top,front_top,top,inlet,22.371,normalized-temperature,good,t4726
2025-12-30T11:15:00Z,cab-a01,sensor-middle,front_middle,middle,inlet,21.271,normalized-temperature,good,t4727
2025-12-30T11:15:00Z,cab-a01,sensor-bottom,front_bottom,bottom,inlet,20.371,normalized-temperature,good,t4728
2025-12-30T11:20:00Z,cab-a01,sensor-top,front_top,top,inlet,22.37,normalized-temperature,good,t4729
2025-12-30T11:20:00Z,cab-a01,sensor-middle,front_middle,middle,inlet,21.27,normalized-temperature,good,t4730
2025-12-30T11:20:00Z,cab-a01,sensor-bottom,front_bottom,bottom,inlet,20.37,normalized-temperature,good,t4731
2025-12-30T11:25:00Z,cab-a01,sensor-top,front_top,top,inlet,22.369,normalized-temperature,good,t4732
2025-12-30T11:25:00Z,cab-a01,sensor-middle,front_middle,middle,inlet,21.269,normalized-temperature,good,t4733
2025-12-30T11:25:00Z,cab-a01,sensor-bottom,front_bottom,bottom,inlet,20.369,normalized-temperature,good,t4734
2025-12-30T11:30:00Z,cab-a01,sensor-top,front_top,top,inlet,22.368,normalized-temperature,good,t4735
2025-12-30T11:30:00Z,cab-a01,sensor-middle,front_middle,middle,inlet,21.268,normalized-temperature,good,t4736
2025-12-30T11:30:00Z,cab-a01,sensor-bottom,front_bottom,bottom,inlet,20.368,normalized-temperature,good,t4737
2025-12-30T11:35:00Z,cab-a01,sensor-top,front_top,top,inlet,22.368,normalized-temperature,good,t4738
2025-12-30T11:35:00Z,cab-a01,sensor-middle,front_middle,middle,inlet,21.268,normalized-temperature,good,t4739
2025-12-30T11:35:00Z,cab-a01,sensor-bottom,front_bottom,bottom,inlet,20.368,normalized-temperature,good,t4740
2025-12-30T11:40:00Z,cab-a01,sensor-top,front_top,top,inlet,22.368,normalized-temperature,good,t4741
2025-12-30T11:40:00Z,cab-a01,sensor-middle,front_middle,middle,inlet,21.268,normalized-temperature,good,t4742
2025-12-30T11:40:00Z,cab-a01,sensor-bottom,front_bottom,bottom,inlet,20.368,normalized-temperature,good,t4743
2025-12-30T11:45:00Z,cab-a01,sensor-top,front_top,top,inlet,22.369,normalized-temperature,good,t4744
2025-12-30T11:45:00Z,cab-a01,sensor-middle,front_middle,middle,inlet,21.269,normalized-temperature,good,t4745
2025-12-30T11:45:00Z,cab-a01,sensor-bottom,front_bottom,bottom,inlet,20.369,normalized-temperature,good,t4746
2025-12-30T11:50:00Z,cab-a01,sensor-top,front_top,top,inlet,22.37,normalized-temperature,good,t4747
2025-12-30T11:50:00Z,cab-a01,sensor-middle,front_middle,middle,inlet,21.27,normalized-temperature,good,t4748
2025-12-30T11:50:00Z,cab-a01,sensor-bottom,front_bottom,bottom,inlet,20.37,normalized-temperature,good,t4749
2025-12-30T11:55:00Z,cab-a01,sensor-top,front_top,top,inlet,22.371,normalized-temperature,good,t4750
2025-12-30T11:55:00Z,cab-a01,sensor-middle,front_middle,middle,inlet,21.271,normalized-temperature,good,t4751
2025-12-30T11:55:00Z,cab-a01,sensor-bottom,front_bottom,bottom,inlet,20.371,normalized-temperature,good,t4752
2025-12-30T12:00:00Z,cab-a01,sensor-top,front_top,top,inlet,22.372,normalized-temperature,good,t4753
2025-12-30T12:00:00Z,cab-a01,sensor-middle,front_middle,middle,inlet,21.272,normalized-temperature,good,t4754
2025-12-30T12:00:00Z,cab-a01,sensor-bottom,front_bottom,bottom,inlet,20.372,normalized-temperature,good,t4755
2025-12-30T12:05:00Z,cab-a01,sensor-top,front_top,top,inlet,22.373,normalized-temperature,good,t4756
2025-12-30T12:05:00Z,cab-a01,sensor-middle,front_middle,middle,inlet,21.273,normalized-temperature,good,t4757
2025-12-30T12:05:00Z,cab-a01,sensor-bottom,front_bottom,bottom,inlet,20.373,normalized-temperature,good,t4758
2025-12-30T12:10:00Z,cab-a01,sensor-top,front_top,top,inlet,22.374,normalized-temperature,good,t4759
2025-12-30T12:10:00Z,cab-a01,sensor-middle,front_middle,middle,inlet,21.274,normalized-temperature,good,t4760
2025-12-30T12:10:00Z,cab-a01,sensor-bottom,front_bottom,bottom,inlet,20.374,normalized-temperature,good,t4761
2025-12-30T12:15:00Z,cab-a01,sensor-top,front_top,top,inlet,22.376,normalized-temperature,good,t4762
2025-12-30T12:15:00Z,cab-a01,sensor-middle,front_middle,middle,inlet,21.276,normalized-temperature,good,t4763
2025-12-30T12:15:00Z,cab-a01,sensor-bottom,front_bottom,bottom,inlet,20.376,normalized-temperature,good,t4764
2025-12-30T12:20:00Z,cab-a01,sensor-top,front_top,top,inlet,22.376,normalized-temperature,good,t4765
2025-12-30T12:20:00Z,cab-a01,sensor-middle,front_middle,middle,inlet,21.276,normalized-temperature,good,t4766
2025-12-30T12:20:00Z,cab-a01,sensor-bottom,front_bottom,bottom,inlet,20.376,normalized-temperature,good,t4767
2025-12-30T12:25:00Z,cab-a01,sensor-top,front_top,top,inlet,22.377,normalized-temperature,good,t4768
2025-12-30T12:25:00Z,cab-a01,sensor-middle,front_middle,middle,inlet,21.277,normalized-temperature,good,t4769
2025-12-30T12:25:00Z,cab-a01,sensor-bottom,front_bottom,bottom,inlet,20.377,normalized-temperature,good,t4770
2025-12-30T12:30:00Z,cab-a01,sensor-top,front_top,top,inlet,22.378,normalized-temperature,good,t4771
2025-12-30T12:30:00Z,cab-a01,sensor-middle,front_middle,middle,inlet,21.278,normalized-temperature,good,t4772
2025-12-30T12:30:00Z,cab-a01,sensor-bottom,front_bottom,bottom,inlet,20.378,normalized-temperature,good,t4773
2025-12-30T12:35:00Z,cab-a01,sensor-top,front_top,top,inlet,22.378,normalized-temperature,good,t4774
2025-12-30T12:35:00Z,cab-a01,sensor-middle,front_middle,middle,inlet,21.278,normalized-temperature,good,t4775
2025-12-30T12:35:00Z,cab-a01,sensor-bottom,front_bottom,bottom,inlet,20.378,normalized-temperature,good,t4776
2025-12-30T12:40:00Z,cab-a01,sensor-top,front_top,top,inlet,22.377,normalized-temperature,good,t4777
2025-12-30T12:40:00Z,cab-a01,sensor-middle,front_middle,middle,inlet,21.277,normalized-temperature,good,t4778
2025-12-30T12:40:00Z,cab-a01,sensor-bottom,front_bottom,bottom,inlet,20.377,normalized-temperature,good,t4779
2025-12-30T12:45:00Z,cab-a01,sensor-top,front_top,top,inlet,22.376,normalized-temperature,good,t4780
2025-12-30T12:45:00Z,cab-a01,sensor-middle,front_middle,middle,inlet,21.276,normalized-temperature,good,t4781
2025-12-30T12:45:00Z,cab-a01,sensor-bottom,front_bottom,bottom,inlet,20.376,normalized-temperature,good,t4782
2025-12-30T12:50:00Z,cab-a01,sensor-top,front_top,top,inlet,22.375,normalized-temperature,good,t4783
2025-12-30T12:50:00Z,cab-a01,sensor-middle,front_middle,middle,inlet,21.275,normalized-temperature,good,t4784
2025-12-30T12:50:00Z,cab-a01,sensor-bottom,front_bottom,bottom,inlet,20.375,normalized-temperature,good,t4785
2025-12-30T12:55:00Z,cab-a01,sensor-top,front_top,top,inlet,22.373,normalized-temperature,good,t4786
2025-12-30T12:55:00Z,cab-a01,sensor-middle,front_middle,middle,inlet,21.273,normalized-temperature,good,t4787
2025-12-30T12:55:00Z,cab-a01,sensor-bottom,front_bottom,bottom,inlet,20.373,normalized-temperature,good,t4788
2025-12-30T13:00:00Z,cab-a01,sensor-top,front_top,top,inlet,22.371,normalized-temperature,good,t4789
2025-12-30T13:00:00Z,cab-a01,sensor-middle,front_middle,middle,inlet,21.271,normalized-temperature,good,t4790
2025-12-30T13:00:00Z,cab-a01,sensor-bottom,front_bottom,bottom,inlet,20.371,normalized-temperature,good,t4791
2025-12-30T13:05:00Z,cab-a01,sensor-top,front_top,top,inlet,22.368,normalized-temperature,good,t4792
2025-12-30T13:05:00Z,cab-a01,sensor-middle,front_middle,middle,inlet,21.268,normalized-temperature,good,t4793
2025-12-30T13:05:00Z,cab-a01,sensor-bottom,front_bottom,bottom,inlet,20.368,normalized-temperature,good,t4794
2025-12-30T13:10:00Z,cab-a01,sensor-top,front_top,top,inlet,22.364,normalized-temperature,good,t4795
2025-12-30T13:10:00Z,cab-a01,sensor-middle,front_middle,middle,inlet,21.264,normalized-temperature,good,t4796
2025-12-30T13:10:00Z,cab-a01,sensor-bottom,front_bottom,bottom,inlet,20.364,normalized-temperature,good,t4797
2025-12-30T13:15:00Z,cab-a01,sensor-top,front_top,top,inlet,22.359,normalized-temperature,good,t4798
2025-12-30T13:15:00Z,cab-a01,sensor-middle,front_middle,middle,inlet,21.259,normalized-temperature,good,t4799
2025-12-30T13:15:00Z,cab-a01,sensor-bottom,front_bottom,bottom,inlet,20.359,normalized-temperature,good,t4800
2025-12-30T13:20:00Z,cab-a01,sensor-top,front_top,top,inlet,22.354,normalized-temperature,good,t4801
2025-12-30T13:20:00Z,cab-a01,sensor-middle,front_middle,middle,inlet,21.254,normalized-temperature,good,t4802
2025-12-30T13:20:00Z,cab-a01,sensor-bottom,front_bottom,bottom,inlet,20.354,normalized-temperature,good,t4803
2025-12-30T13:25:00Z,cab-a01,sensor-top,front_top,top,inlet,22.348,normalized-temperature,good,t4804
2025-12-30T13:25:00Z,cab-a01,sensor-middle,front_middle,middle,inlet,21.248,normalized-temperature,good,t4805
2025-12-30T13:25:00Z,cab-a01,sensor-bottom,front_bottom,bottom,inlet,20.348,normalized-temperature,good,t4806
2025-12-30T13:30:00Z,cab-a01,sensor-top,front_top,top,inlet,22.342,normalized-temperature,good,t4807
2025-12-30T13:30:00Z,cab-a01,sensor-middle,front_middle,middle,inlet,21.242,normalized-temperature,good,t4808
2025-12-30T13:30:00Z,cab-a01,sensor-bottom,front_bottom,bottom,inlet,20.342,normalized-temperature,good,t4809
2025-12-30T13:35:00Z,cab-a01,sensor-top,front_top,top,inlet,22.334,normalized-temperature,good,t4810
2025-12-30T13:35:00Z,cab-a01,sensor-middle,front_middle,middle,inlet,21.234,normalized-temperature,good,t4811
2025-12-30T13:35:00Z,cab-a01,sensor-bottom,front_bottom,bottom,inlet,20.334,normalized-temperature,good,t4812
2025-12-30T13:40:00Z,cab-a01,sensor-top,front_top,top,inlet,22.326,normalized-temperature,good,t4813
2025-12-30T13:40:00Z,cab-a01,sensor-middle,front_middle,middle,inlet,21.226,normalized-temperature,good,t4814
2025-12-30T13:40:00Z,cab-a01,sensor-bottom,front_bottom,bottom,inlet,20.326,normalized-temperature,good,t4815
2025-12-30T13:45:00Z,cab-a01,sensor-top,front_top,top,inlet,22.317,normalized-temperature,good,t4816
2025-12-30T13:45:00Z,cab-a01,sensor-middle,front_middle,middle,inlet,21.217,normalized-temperature,good,t4817
2025-12-30T13:45:00Z,cab-a01,sensor-bottom,front_bottom,bottom,inlet,20.317,normalized-temperature,good,t4818
2025-12-30T13:50:00Z,cab-a01,sensor-top,front_top,top,inlet,22.308,normalized-temperature,good,t4819
2025-12-30T13:50:00Z,cab-a01,sensor-middle,front_middle,middle,inlet,21.208,normalized-temperature,good,t4820
2025-12-30T13:50:00Z,cab-a01,sensor-bottom,front_bottom,bottom,inlet,20.308,normalized-temperature,good,t4821
2025-12-30T13:55:00Z,cab-a01,sensor-top,front_top,top,inlet,22.298,normalized-temperature,good,t4822
2025-12-30T13:55:00Z,cab-a01,sensor-middle,front_middle,middle,inlet,21.198,normalized-temperature,good,t4823
2025-12-30T13:55:00Z,cab-a01,sensor-bottom,front_bottom,bottom,inlet,20.298,normalized-temperature,good,t4824
2025-12-30T14:00:00Z,cab-a01,sensor-top,front_top,top,inlet,22.287,normalized-temperature,good,t4825
2025-12-30T14:00:00Z,cab-a01,sensor-middle,front_middle,middle,inlet,21.187,normalized-temperature,good,t4826
2025-12-30T14:00:00Z,cab-a01,sensor-bottom,front_bottom,bottom,inlet,20.287,normalized-temperature,good,t4827
2025-12-30T14:05:00Z,cab-a01,sensor-top,front_top,top,inlet,22.276,normalized-temperature,good,t4828
2025-12-30T14:05:00Z,cab-a01,sensor-middle,front_middle,middle,inlet,21.176,normalized-temperature,good,t4829
2025-12-30T14:05:00Z,cab-a01,sensor-bottom,front_bottom,bottom,inlet,20.276,normalized-temperature,good,t4830
2025-12-30T14:10:00Z,cab-a01,sensor-top,front_top,top,inlet,22.264,normalized-temperature,good,t4831
2025-12-30T14:10:00Z,cab-a01,sensor-middle,front_middle,middle,inlet,21.164,normalized-temperature,good,t4832
2025-12-30T14:10:00Z,cab-a01,sensor-bottom,front_bottom,bottom,inlet,20.264,normalized-temperature,good,t4833
2025-12-30T14:15:00Z,cab-a01,sensor-top,front_top,top,inlet,22.251,normalized-temperature,good,t4834
2025-12-30T14:15:00Z,cab-a01,sensor-middle,front_middle,middle,inlet,21.151,normalized-temperature,good,t4835
2025-12-30T14:15:00Z,cab-a01,sensor-bottom,front_bottom,bottom,inlet,20.251,normalized-temperature,good,t4836
2025-12-30T14:20:00Z,cab-a01,sensor-top,front_top,top,inlet,22.239,normalized-temperature,good,t4837
2025-12-30T14:20:00Z,cab-a01,sensor-middle,front_middle,middle,inlet,21.139,normalized-temperature,good,t4838
2025-12-30T14:20:00Z,cab-a01,sensor-bottom,front_bottom,bottom,inlet,20.239,normalized-temperature,good,t4839
2025-12-30T14:25:00Z,cab-a01,sensor-top,front_top,top,inlet,22.225,normalized-temperature,good,t4840
2025-12-30T14:25:00Z,cab-a01,sensor-middle,front_middle,middle,inlet,21.125,normalized-temperature,good,t4841
2025-12-30T14:25:00Z,cab-a01,sensor-bottom,front_bottom,bottom,inlet,20.225,normalized-temperature,good,t4842
2025-12-30T14:30:00Z,cab-a01,sensor-top,front_top,top,inlet,22.212,normalized-temperature,good,t4843
2025-12-30T14:30:00Z,cab-a01,sensor-middle,front_middle,middle,inlet,21.112,normalized-temperature,good,t4844
2025-12-30T14:30:00Z,cab-a01,sensor-bottom,front_bottom,bottom,inlet,20.212,normalized-temperature,good,t4845
2025-12-30T14:35:00Z,cab-a01,sensor-top,front_top,top,inlet,22.198,normalized-temperature,good,t4846
2025-12-30T14:35:00Z,cab-a01,sensor-middle,front_middle,middle,inlet,21.098,normalized-temperature,good,t4847
2025-12-30T14:35:00Z,cab-a01,sensor-bottom,front_bottom,bottom,inlet,20.198,normalized-temperature,good,t4848
2025-12-30T14:40:00Z,cab-a01,sensor-top,front_top,top,inlet,22.184,normalized-temperature,good,t4849
2025-12-30T14:40:00Z,cab-a01,sensor-middle,front_middle,middle,inlet,21.084,normalized-temperature,good,t4850
2025-12-30T14:40:00Z,cab-a01,sensor-bottom,front_bottom,bottom,inlet,20.184,normalized-temperature,good,t4851
2025-12-30T14:45:00Z,cab-a01,sensor-top,front_top,top,inlet,22.169,normalized-temperature,good,t4852
2025-12-30T14:45:00Z,cab-a01,sensor-middle,front_middle,middle,inlet,21.069,normalized-temperature,good,t4853
2025-12-30T14:45:00Z,cab-a01,sensor-bottom,front_bottom,bottom,inlet,20.169,normalized-temperature,good,t4854
2025-12-30T14:50:00Z,cab-a01,sensor-top,front_top,top,inlet,22.155,normalized-temperature,good,t4855
2025-12-30T14:50:00Z,cab-a01,sensor-middle,front_middle,middle,inlet,21.055,normalized-temperature,good,t4856
2025-12-30T14:50:00Z,cab-a01,sensor-bottom,front_bottom,bottom,inlet,20.155,normalized-temperature,good,t4857
2025-12-30T14:55:00Z,cab-a01,sensor-top,front_top,top,inlet,22.141,normalized-temperature,good,t4858
2025-12-30T14:55:00Z,cab-a01,sensor-middle,front_middle,middle,inlet,21.041,normalized-temperature,good,t4859
2025-12-30T14:55:00Z,cab-a01,sensor-bottom,front_bottom,bottom,inlet,20.141,normalized-temperature,good,t4860
2025-12-30T15:00:00Z,cab-a01,sensor-top,front_top,top,inlet,22.127,normalized-temperature,good,t4861
2025-12-30T15:00:00Z,cab-a01,sensor-middle,front_middle,middle,inlet,21.027,normalized-temperature,good,t4862
2025-12-30T15:00:00Z,cab-a01,sensor-bottom,front_bottom,bottom,inlet,20.127,normalized-temperature,good,t4863
2025-12-30T15:05:00Z,cab-a01,sensor-top,front_top,top,inlet,22.113,normalized-temperature,good,t4864
2025-12-30T15:05:00Z,cab-a01,sensor-middle,front_middle,middle,inlet,21.013,normalized-temperature,good,t4865
2025-12-30T15:05:00Z,cab-a01,sensor-bottom,front_bottom,bottom,inlet,20.113,normalized-temperature,good,t4866
2025-12-30T15:10:00Z,cab-a01,sensor-top,front_top,top,inlet,22.099,normalized-temperature,good,t4867
2025-12-30T15:10:00Z,cab-a01,sensor-middle,front_middle,middle,inlet,20.999,normalized-temperature,good,t4868
2025-12-30T15:10:00Z,cab-a01,sensor-bottom,front_bottom,bottom,inlet,20.099,normalized-temperature,good,t4869
2025-12-30T15:15:00Z,cab-a01,sensor-top,front_top,top,inlet,22.085,normalized-temperature,good,t4870
2025-12-30T15:15:00Z,cab-a01,sensor-middle,front_middle,middle,inlet,20.985,normalized-temperature,good,t4871
2025-12-30T15:15:00Z,cab-a01,sensor-bottom,front_bottom,bottom,inlet,20.085,normalized-temperature,good,t4872
2025-12-30T15:20:00Z,cab-a01,sensor-top,front_top,top,inlet,22.072,normalized-temperature,good,t4873
2025-12-30T15:20:00Z,cab-a01,sensor-middle,front_middle,middle,inlet,20.972,normalized-temperature,good,t4874
2025-12-30T15:20:00Z,cab-a01,sensor-bottom,front_bottom,bottom,inlet,20.072,normalized-temperature,good,t4875
2025-12-30T15:25:00Z,cab-a01,sensor-top,front_top,top,inlet,22.06,normalized-temperature,good,t4876
2025-12-30T15:25:00Z,cab-a01,sensor-middle,front_middle,middle,inlet,20.96,normalized-temperature,good,t4877
2025-12-30T15:25:00Z,cab-a01,sensor-bottom,front_bottom,bottom,inlet,20.06,normalized-temperature,good,t4878
2025-12-30T15:30:00Z,cab-a01,sensor-top,front_top,top,inlet,22.047,normalized-temperature,good,t4879
2025-12-30T15:30:00Z,cab-a01,sensor-middle,front_middle,middle,inlet,20.947,normalized-temperature,good,t4880
2025-12-30T15:30:00Z,cab-a01,sensor-bottom,front_bottom,bottom,inlet,20.047,normalized-temperature,good,t4881
2025-12-30T15:35:00Z,cab-a01,sensor-top,front_top,top,inlet,22.036,normalized-temperature,good,t4882
2025-12-30T15:35:00Z,cab-a01,sensor-middle,front_middle,middle,inlet,20.936,normalized-temperature,good,t4883
2025-12-30T15:35:00Z,cab-a01,sensor-bottom,front_bottom,bottom,inlet,20.036,normalized-temperature,good,t4884
2025-12-30T15:40:00Z,cab-a01,sensor-top,front_top,top,inlet,22.025,normalized-temperature,good,t4885
2025-12-30T15:40:00Z,cab-a01,sensor-middle,front_middle,middle,inlet,20.925,normalized-temperature,good,t4886
2025-12-30T15:40:00Z,cab-a01,sensor-bottom,front_bottom,bottom,inlet,20.025,normalized-temperature,good,t4887
2025-12-30T15:45:00Z,cab-a01,sensor-top,front_top,top,inlet,22.015,normalized-temperature,good,t4888
2025-12-30T15:45:00Z,cab-a01,sensor-middle,front_middle,middle,inlet,20.915,normalized-temperature,good,t4889
2025-12-30T15:45:00Z,cab-a01,sensor-bottom,front_bottom,bottom,inlet,20.015,normalized-temperature,good,t4890
2025-12-30T15:50:00Z,cab-a01,sensor-top,front_top,top,inlet,22.006,normalized-temperature,good,t4891
2025-12-30T15:50:00Z,cab-a01,sensor-middle,front_middle,middle,inlet,20.906,normalized-temperature,good,t4892
2025-12-30T15:50:00Z,cab-a01,sensor-bottom,front_bottom,bottom,inlet,20.006,normalized-temperature,good,t4893
2025-12-30T15:55:00Z,cab-a01,sensor-top,front_top,top,inlet,21.997,normalized-temperature,good,t4894
2025-12-30T15:55:00Z,cab-a01,sensor-middle,front_middle,middle,inlet,20.897,normalized-temperature,good,t4895
2025-12-30T15:55:00Z,cab-a01,sensor-bottom,front_bottom,bottom,inlet,19.997,normalized-temperature,good,t4896
2025-12-30T16:00:00Z,cab-a01,sensor-top,front_top,top,inlet,21.989,normalized-temperature,good,t4897
2025-12-30T16:00:00Z,cab-a01,sensor-middle,front_middle,middle,inlet,20.889,normalized-temperature,good,t4898
2025-12-30T16:00:00Z,cab-a01,sensor-bottom,front_bottom,bottom,inlet,19.989,normalized-temperature,good,t4899
2025-12-30T16:05:00Z,cab-a01,sensor-top,front_top,top,inlet,21.982,normalized-temperature,good,t4900
2025-12-30T16:05:00Z,cab-a01,sensor-middle,front_middle,middle,inlet,20.882,normalized-temperature,good,t4901
2025-12-30T16:05:00Z,cab-a01,sensor-bottom,front_bottom,bottom,inlet,19.982,normalized-temperature,good,t4902
2025-12-30T16:10:00Z,cab-a01,sensor-top,front_top,top,inlet,21.977,normalized-temperature,good,t4903
2025-12-30T16:10:00Z,cab-a01,sensor-middle,front_middle,middle,inlet,20.877,normalized-temperature,good,t4904
2025-12-30T16:10:00Z,cab-a01,sensor-bottom,front_bottom,bottom,inlet,19.977,normalized-temperature,good,t4905
2025-12-30T16:15:00Z,cab-a01,sensor-top,front_top,top,inlet,21.972,normalized-temperature,good,t4906
2025-12-30T16:15:00Z,cab-a01,sensor-middle,front_middle,middle,inlet,20.872,normalized-temperature,good,t4907
2025-12-30T16:15:00Z,cab-a01,sensor-bottom,front_bottom,bottom,inlet,19.972,normalized-temperature,good,t4908
2025-12-30T16:20:00Z,cab-a01,sensor-top,front_top,top,inlet,21.968,normalized-temperature,good,t4909
2025-12-30T16:20:00Z,cab-a01,sensor-middle,front_middle,middle,inlet,20.868,normalized-temperature,good,t4910
2025-12-30T16:20:00Z,cab-a01,sensor-bottom,front_bottom,bottom,inlet,19.968,normalized-temperature,good,t4911
2025-12-30T16:25:00Z,cab-a01,sensor-top,front_top,top,inlet,21.965,normalized-temperature,good,t4912
2025-12-30T16:25:00Z,cab-a01,sensor-middle,front_middle,middle,inlet,20.865,normalized-temperature,good,t4913
2025-12-30T16:25:00Z,cab-a01,sensor-bottom,front_bottom,bottom,inlet,19.965,normalized-temperature,good,t4914
2025-12-30T16:30:00Z,cab-a01,sensor-top,front_top,top,inlet,21.963,normalized-temperature,good,t4915
2025-12-30T16:30:00Z,cab-a01,sensor-middle,front_middle,middle,inlet,20.863,normalized-temperature,good,t4916
2025-12-30T16:30:00Z,cab-a01,sensor-bottom,front_bottom,bottom,inlet,19.963,normalized-temperature,good,t4917
2025-12-30T16:35:00Z,cab-a01,sensor-top,front_top,top,inlet,21.962,normalized-temperature,good,t4918
2025-12-30T16:35:00Z,cab-a01,sensor-middle,front_middle,middle,inlet,20.862,normalized-temperature,good,t4919
2025-12-30T16:35:00Z,cab-a01,sensor-bottom,front_bottom,bottom,inlet,19.962,normalized-temperature,good,t4920
2025-12-30T16:40:00Z,cab-a01,sensor-top,front_top,top,inlet,21.962,normalized-temperature,good,t4921
2025-12-30T16:40:00Z,cab-a01,sensor-middle,front_middle,middle,inlet,20.862,normalized-temperature,good,t4922
2025-12-30T16:40:00Z,cab-a01,sensor-bottom,front_bottom,bottom,inlet,19.962,normalized-temperature,good,t4923
2025-12-30T16:45:00Z,cab-a01,sensor-top,front_top,top,inlet,21.964,normalized-temperature,good,t4924
2025-12-30T16:45:00Z,cab-a01,sensor-middle,front_middle,middle,inlet,20.864,normalized-temperature,good,t4925
2025-12-30T16:45:00Z,cab-a01,sensor-bottom,front_bottom,bottom,inlet,19.964,normalized-temperature,good,t4926
2025-12-30T16:50:00Z,cab-a01,sensor-top,front_top,top,inlet,21.966,normalized-temperature,good,t4927
2025-12-30T16:50:00Z,cab-a01,sensor-middle,front_middle,middle,inlet,20.866,normalized-temperature,good,t4928
2025-12-30T16:50:00Z,cab-a01,sensor-bottom,front_bottom,bottom,inlet,19.966,normalized-temperature,good,t4929
2025-12-30T16:55:00Z,cab-a01,sensor-top,front_top,top,inlet,21.969,normalized-temperature,good,t4930
2025-12-30T16:55:00Z,cab-a01,sensor-middle,front_middle,middle,inlet,20.869,normalized-temperature,good,t4931
2025-12-30T16:55:00Z,cab-a01,sensor-bottom,front_bottom,bottom,inlet,19.969,normalized-temperature,good,t4932
2025-12-30T17:00:00Z,cab-a01,sensor-top,front_top,top,inlet,21.973,normalized-temperature,good,t4933
2025-12-30T17:00:00Z,cab-a01,sensor-middle,front_middle,middle,inlet,20.873,normalized-temperature,good,t4934
2025-12-30T17:00:00Z,cab-a01,sensor-bottom,front_bottom,bottom,inlet,19.973,normalized-temperature,good,t4935
2025-12-30T17:05:00Z,cab-a01,sensor-top,front_top,top,inlet,21.978,normalized-temperature,good,t4936
2025-12-30T17:05:00Z,cab-a01,sensor-middle,front_middle,middle,inlet,20.878,normalized-temperature,good,t4937
2025-12-30T17:05:00Z,cab-a01,sensor-bottom,front_bottom,bottom,inlet,19.978,normalized-temperature,good,t4938
2025-12-30T17:10:00Z,cab-a01,sensor-top,front_top,top,inlet,21.984,normalized-temperature,good,t4939
2025-12-30T17:10:00Z,cab-a01,sensor-middle,front_middle,middle,inlet,20.884,normalized-temperature,good,t4940
2025-12-30T17:10:00Z,cab-a01,sensor-bottom,front_bottom,bottom,inlet,19.984,normalized-temperature,good,t4941
2025-12-30T17:15:00Z,cab-a01,sensor-top,front_top,top,inlet,21.991,normalized-temperature,good,t4942
2025-12-30T17:15:00Z,cab-a01,sensor-middle,front_middle,middle,inlet,20.891,normalized-temperature,good,t4943
2025-12-30T17:15:00Z,cab-a01,sensor-bottom,front_bottom,bottom,inlet,19.991,normalized-temperature,good,t4944
2025-12-30T17:20:00Z,cab-a01,sensor-top,front_top,top,inlet,21.998,normalized-temperature,good,t4945
2025-12-30T17:20:00Z,cab-a01,sensor-middle,front_middle,middle,inlet,20.898,normalized-temperature,good,t4946
2025-12-30T17:20:00Z,cab-a01,sensor-bottom,front_bottom,bottom,inlet,19.998,normalized-temperature,good,t4947
2025-12-30T17:25:00Z,cab-a01,sensor-top,front_top,top,inlet,22.006,normalized-temperature,good,t4948
2025-12-30T17:25:00Z,cab-a01,sensor-middle,front_middle,middle,inlet,20.906,normalized-temperature,good,t4949
2025-12-30T17:25:00Z,cab-a01,sensor-bottom,front_bottom,bottom,inlet,20.006,normalized-temperature,good,t4950
2025-12-30T17:30:00Z,cab-a01,sensor-top,front_top,top,inlet,22.015,normalized-temperature,good,t4951
2025-12-30T17:30:00Z,cab-a01,sensor-middle,front_middle,middle,inlet,20.915,normalized-temperature,good,t4952
2025-12-30T17:30:00Z,cab-a01,sensor-bottom,front_bottom,bottom,inlet,20.015,normalized-temperature,good,t4953
2025-12-30T17:35:00Z,cab-a01,sensor-top,front_top,top,inlet,22.025,normalized-temperature,good,t4954
2025-12-30T17:35:00Z,cab-a01,sensor-middle,front_middle,middle,inlet,20.925,normalized-temperature,good,t4955
2025-12-30T17:35:00Z,cab-a01,sensor-bottom,front_bottom,bottom,inlet,20.025,normalized-temperature,good,t4956
2025-12-30T17:40:00Z,cab-a01,sensor-top,front_top,top,inlet,22.035,normalized-temperature,good,t4957
2025-12-30T17:40:00Z,cab-a01,sensor-middle,front_middle,middle,inlet,20.935,normalized-temperature,good,t4958
2025-12-30T17:40:00Z,cab-a01,sensor-bottom,front_bottom,bottom,inlet,20.035,normalized-temperature,good,t4959
2025-12-30T17:45:00Z,cab-a01,sensor-top,front_top,top,inlet,22.045,normalized-temperature,good,t4960
2025-12-30T17:45:00Z,cab-a01,sensor-middle,front_middle,middle,inlet,20.945,normalized-temperature,good,t4961
2025-12-30T17:45:00Z,cab-a01,sensor-bottom,front_bottom,bottom,inlet,20.045,normalized-temperature,good,t4962
2025-12-30T17:50:00Z,cab-a01,sensor-top,front_top,top,inlet,22.056,normalized-temperature,good,t4963
2025-12-30T17:50:00Z,cab-a01,sensor-middle,front_middle,middle,inlet,20.956,normalized-temperature,good,t4964
2025-12-30T17:50:00Z,cab-a01,sensor-bottom,front_bottom,bottom,inlet,20.056,normalized-temperature,good,t4965
2025-12-30T17:55:00Z,cab-a01,sensor-top,front_top,top,inlet,22.067,normalized-temperature,good,t4966
2025-12-30T17:55:00Z,cab-a01,sensor-middle,front_middle,middle,inlet,20.967,normalized-temperature,good,t4967
2025-12-30T17:55:00Z,cab-a01,sensor-bottom,front_bottom,bottom,inlet,20.067,normalized-temperature,good,t4968
2025-12-30T18:00:00Z,cab-a01,sensor-top,front_top,top,inlet,22.079,normalized-temperature,good,t4969
2025-12-30T18:00:00Z,cab-a01,sensor-middle,front_middle,middle,inlet,20.979,normalized-temperature,good,t4970
2025-12-30T18:00:00Z,cab-a01,sensor-bottom,front_bottom,bottom,inlet,20.079,normalized-temperature,good,t4971
2025-12-30T18:05:00Z,cab-a01,sensor-top,front_top,top,inlet,22.091,normalized-temperature,good,t4972
2025-12-30T18:05:00Z,cab-a01,sensor-middle,front_middle,middle,inlet,20.991,normalized-temperature,good,t4973
2025-12-30T18:05:00Z,cab-a01,sensor-bottom,front_bottom,bottom,inlet,20.091,normalized-temperature,good,t4974
2025-12-30T18:10:00Z,cab-a01,sensor-top,front_top,top,inlet,22.102,normalized-temperature,good,t4975
2025-12-30T18:10:00Z,cab-a01,sensor-middle,front_middle,middle,inlet,21.002,normalized-temperature,good,t4976
2025-12-30T18:10:00Z,cab-a01,sensor-bottom,front_bottom,bottom,inlet,20.102,normalized-temperature,good,t4977
2025-12-30T18:15:00Z,cab-a01,sensor-top,front_top,top,inlet,22.114,normalized-temperature,good,t4978
2025-12-30T18:15:00Z,cab-a01,sensor-middle,front_middle,middle,inlet,21.014,normalized-temperature,good,t4979
2025-12-30T18:15:00Z,cab-a01,sensor-bottom,front_bottom,bottom,inlet,20.114,normalized-temperature,good,t4980
2025-12-30T18:20:00Z,cab-a01,sensor-top,front_top,top,inlet,22.126,normalized-temperature,good,t4981
2025-12-30T18:20:00Z,cab-a01,sensor-middle,front_middle,middle,inlet,21.026,normalized-temperature,good,t4982
2025-12-30T18:20:00Z,cab-a01,sensor-bottom,front_bottom,bottom,inlet,20.126,normalized-temperature,good,t4983
2025-12-30T18:25:00Z,cab-a01,sensor-top,front_top,top,inlet,22.138,normalized-temperature,good,t4984
2025-12-30T18:25:00Z,cab-a01,sensor-middle,front_middle,middle,inlet,21.038,normalized-temperature,good,t4985
2025-12-30T18:25:00Z,cab-a01,sensor-bottom,front_bottom,bottom,inlet,20.138,normalized-temperature,good,t4986
2025-12-30T18:30:00Z,cab-a01,sensor-top,front_top,top,inlet,22.149,normalized-temperature,good,t4987
2025-12-30T18:30:00Z,cab-a01,sensor-middle,front_middle,middle,inlet,21.049,normalized-temperature,good,t4988
2025-12-30T18:30:00Z,cab-a01,sensor-bottom,front_bottom,bottom,inlet,20.149,normalized-temperature,good,t4989
2025-12-30T18:35:00Z,cab-a01,sensor-top,front_top,top,inlet,22.16,normalized-temperature,good,t4990
2025-12-30T18:35:00Z,cab-a01,sensor-middle,front_middle,middle,inlet,21.06,normalized-temperature,good,t4991
2025-12-30T18:35:00Z,cab-a01,sensor-bottom,front_bottom,bottom,inlet,20.16,normalized-temperature,good,t4992
2025-12-30T18:40:00Z,cab-a01,sensor-top,front_top,top,inlet,22.171,normalized-temperature,good,t4993
2025-12-30T18:40:00Z,cab-a01,sensor-middle,front_middle,middle,inlet,21.071,normalized-temperature,good,t4994
2025-12-30T18:40:00Z,cab-a01,sensor-bottom,front_bottom,bottom,inlet,20.171,normalized-temperature,good,t4995
2025-12-30T18:45:00Z,cab-a01,sensor-top,front_top,top,inlet,22.182,normalized-temperature,good,t4996
2025-12-30T18:45:00Z,cab-a01,sensor-middle,front_middle,middle,inlet,21.082,normalized-temperature,good,t4997
2025-12-30T18:45:00Z,cab-a01,sensor-bottom,front_bottom,bottom,inlet,20.182,normalized-temperature,good,t4998
2025-12-30T18:50:00Z,cab-a01,sensor-top,front_top,top,inlet,22.192,normalized-temperature,good,t4999
2025-12-30T18:50:00Z,cab-a01,sensor-middle,front_middle,middle,inlet,21.092,normalized-temperature,good,t5000
2025-12-30T18:50:00Z,cab-a01,sensor-bottom,front_bottom,bottom,inlet,20.192,normalized-temperature,good,t5001
2025-12-30T18:55:00Z,cab-a01,sensor-top,front_top,top,inlet,22.202,normalized-temperature,good,t5002
2025-12-30T18:55:00Z,cab-a01,sensor-middle,front_middle,middle,inlet,21.102,normalized-temperature,good,t5003
2025-12-30T18:55:00Z,cab-a01,sensor-bottom,front_bottom,bottom,inlet,20.202,normalized-temperature,good,t5004
2025-12-30T19:00:00Z,cab-a01,sensor-top,front_top,top,inlet,22.211,normalized-temperature,good,t5005
2025-12-30T19:00:00Z,cab-a01,sensor-middle,front_middle,middle,inlet,21.111,normalized-temperature,good,t5006
2025-12-30T19:00:00Z,cab-a01,sensor-bottom,front_bottom,bottom,inlet,20.211,normalized-temperature,good,t5007
2025-12-30T19:05:00Z,cab-a01,sensor-top,front_top,top,inlet,22.22,normalized-temperature,good,t5008
2025-12-30T19:05:00Z,cab-a01,sensor-middle,front_middle,middle,inlet,21.12,normalized-temperature,good,t5009
2025-12-30T19:05:00Z,cab-a01,sensor-bottom,front_bottom,bottom,inlet,20.22,normalized-temperature,good,t5010
2025-12-30T19:10:00Z,cab-a01,sensor-top,front_top,top,inlet,22.228,normalized-temperature,good,t5011
2025-12-30T19:10:00Z,cab-a01,sensor-middle,front_middle,middle,inlet,21.128,normalized-temperature,good,t5012
2025-12-30T19:10:00Z,cab-a01,sensor-bottom,front_bottom,bottom,inlet,20.228,normalized-temperature,good,t5013
2025-12-30T19:15:00Z,cab-a01,sensor-top,front_top,top,inlet,22.235,normalized-temperature,good,t5014
2025-12-30T19:15:00Z,cab-a01,sensor-middle,front_middle,middle,inlet,21.135,normalized-temperature,good,t5015
2025-12-30T19:15:00Z,cab-a01,sensor-bottom,front_bottom,bottom,inlet,20.235,normalized-temperature,good,t5016
2025-12-30T19:20:00Z,cab-a01,sensor-top,front_top,top,inlet,22.242,normalized-temperature,good,t5017
2025-12-30T19:20:00Z,cab-a01,sensor-middle,front_middle,middle,inlet,21.142,normalized-temperature,good,t5018
2025-12-30T19:20:00Z,cab-a01,sensor-bottom,front_bottom,bottom,inlet,20.242,normalized-temperature,good,t5019
2025-12-30T19:25:00Z,cab-a01,sensor-top,front_top,top,inlet,22.248,normalized-temperature,good,t5020
2025-12-30T19:25:00Z,cab-a01,sensor-middle,front_middle,middle,inlet,21.148,normalized-temperature,good,t5021
2025-12-30T19:25:00Z,cab-a01,sensor-bottom,front_bottom,bottom,inlet,20.248,normalized-temperature,good,t5022
2025-12-30T19:30:00Z,cab-a01,sensor-top,front_top,top,inlet,22.253,normalized-temperature,good,t5023
2025-12-30T19:30:00Z,cab-a01,sensor-middle,front_middle,middle,inlet,21.153,normalized-temperature,good,t5024
2025-12-30T19:30:00Z,cab-a01,sensor-bottom,front_bottom,bottom,inlet,20.253,normalized-temperature,good,t5025
2025-12-30T19:35:00Z,cab-a01,sensor-top,front_top,top,inlet,22.258,normalized-temperature,good,t5026
2025-12-30T19:35:00Z,cab-a01,sensor-middle,front_middle,middle,inlet,21.158,normalized-temperature,good,t5027
2025-12-30T19:35:00Z,cab-a01,sensor-bottom,front_bottom,bottom,inlet,20.258,normalized-temperature,good,t5028
2025-12-30T19:40:00Z,cab-a01,sensor-top,front_top,top,inlet,22.262,normalized-temperature,good,t5029
2025-12-30T19:40:00Z,cab-a01,sensor-middle,front_middle,middle,inlet,21.162,normalized-temperature,good,t5030
2025-12-30T19:40:00Z,cab-a01,sensor-bottom,front_bottom,bottom,inlet,20.262,normalized-temperature,good,t5031
2025-12-30T19:45:00Z,cab-a01,sensor-top,front_top,top,inlet,22.265,normalized-temperature,good,t5032
2025-12-30T19:45:00Z,cab-a01,sensor-middle,front_middle,middle,inlet,21.165,normalized-temperature,good,t5033
2025-12-30T19:45:00Z,cab-a01,sensor-bottom,front_bottom,bottom,inlet,20.265,normalized-temperature,good,t5034
2025-12-30T19:50:00Z,cab-a01,sensor-top,front_top,top,inlet,22.268,normalized-temperature,good,t5035
2025-12-30T19:50:00Z,cab-a01,sensor-middle,front_middle,middle,inlet,21.168,normalized-temperature,good,t5036
2025-12-30T19:50:00Z,cab-a01,sensor-bottom,front_bottom,bottom,inlet,20.268,normalized-temperature,good,t5037
2025-12-30T19:55:00Z,cab-a01,sensor-top,front_top,top,inlet,22.27,normalized-temperature,good,t5038
2025-12-30T19:55:00Z,cab-a01,sensor-middle,front_middle,middle,inlet,21.17,normalized-temperature,good,t5039
2025-12-30T19:55:00Z,cab-a01,sensor-bottom,front_bottom,bottom,inlet,20.27,normalized-temperature,good,t5040
2025-12-30T20:00:00Z,cab-a01,sensor-top,front_top,top,inlet,22.272,normalized-temperature,good,t5041
2025-12-30T20:00:00Z,cab-a01,sensor-middle,front_middle,middle,inlet,21.172,normalized-temperature,good,t5042
2025-12-30T20:00:00Z,cab-a01,sensor-bottom,front_bottom,bottom,inlet,20.272,normalized-temperature,good,t5043
2025-12-30T20:05:00Z,cab-a01,sensor-top,front_top,top,inlet,22.273,normalized-temperature,good,t5044
2025-12-30T20:05:00Z,cab-a01,sensor-middle,front_middle,middle,inlet,21.173,normalized-temperature,good,t5045
2025-12-30T20:05:00Z,cab-a01,sensor-bottom,front_bottom,bottom,inlet,20.273,normalized-temperature,good,t5046
2025-12-30T20:10:00Z,cab-a01,sensor-top,front_top,top,inlet,22.273,normalized-temperature,good,t5047
2025-12-30T20:10:00Z,cab-a01,sensor-middle,front_middle,middle,inlet,21.173,normalized-temperature,good,t5048
2025-12-30T20:10:00Z,cab-a01,sensor-bottom,front_bottom,bottom,inlet,20.273,normalized-temperature,good,t5049
2025-12-30T20:15:00Z,cab-a01,sensor-top,front_top,top,inlet,22.273,normalized-temperature,good,t5050
2025-12-30T20:15:00Z,cab-a01,sensor-middle,front_middle,middle,inlet,21.173,normalized-temperature,good,t5051
2025-12-30T20:15:00Z,cab-a01,sensor-bottom,front_bottom,bottom,inlet,20.273,normalized-temperature,good,t5052
2025-12-30T20:20:00Z,cab-a01,sensor-top,front_top,top,inlet,22.272,normalized-temperature,good,t5053
2025-12-30T20:20:00Z,cab-a01,sensor-middle,front_middle,middle,inlet,21.172,normalized-temperature,good,t5054
2025-12-30T20:20:00Z,cab-a01,sensor-bottom,front_bottom,bottom,inlet,20.272,normalized-temperature,good,t5055
2025-12-30T20:25:00Z,cab-a01,sensor-top,front_top,top,inlet,22.271,normalized-temperature,good,t5056
2025-12-30T20:25:00Z,cab-a01,sensor-middle,front_middle,middle,inlet,21.171,normalized-temperature,good,t5057
2025-12-30T20:25:00Z,cab-a01,sensor-bottom,front_bottom,bottom,inlet,20.271,normalized-temperature,good,t5058
2025-12-30T20:30:00Z,cab-a01,sensor-top,front_top,top,inlet,22.269,normalized-temperature,good,t5059
2025-12-30T20:30:00Z,cab-a01,sensor-middle,front_middle,middle,inlet,21.169,normalized-temperature,good,t5060
2025-12-30T20:30:00Z,cab-a01,sensor-bottom,front_bottom,bottom,inlet,20.269,normalized-temperature,good,t5061
2025-12-30T20:35:00Z,cab-a01,sensor-top,front_top,top,inlet,22.268,normalized-temperature,good,t5062
2025-12-30T20:35:00Z,cab-a01,sensor-middle,front_middle,middle,inlet,21.168,normalized-temperature,good,t5063
2025-12-30T20:35:00Z,cab-a01,sensor-bottom,front_bottom,bottom,inlet,20.268,normalized-temperature,good,t5064
2025-12-30T20:40:00Z,cab-a01,sensor-top,front_top,top,inlet,22.266,normalized-temperature,good,t5065
2025-12-30T20:40:00Z,cab-a01,sensor-middle,front_middle,middle,inlet,21.166,normalized-temperature,good,t5066
2025-12-30T20:40:00Z,cab-a01,sensor-bottom,front_bottom,bottom,inlet,20.266,normalized-temperature,good,t5067
2025-12-30T20:45:00Z,cab-a01,sensor-top,front_top,top,inlet,22.264,normalized-temperature,good,t5068
2025-12-30T20:45:00Z,cab-a01,sensor-middle,front_middle,middle,inlet,21.164,normalized-temperature,good,t5069
2025-12-30T20:45:00Z,cab-a01,sensor-bottom,front_bottom,bottom,inlet,20.264,normalized-temperature,good,t5070
2025-12-30T20:50:00Z,cab-a01,sensor-top,front_top,top,inlet,22.261,normalized-temperature,good,t5071
2025-12-30T20:50:00Z,cab-a01,sensor-middle,front_middle,middle,inlet,21.161,normalized-temperature,good,t5072
2025-12-30T20:50:00Z,cab-a01,sensor-bottom,front_bottom,bottom,inlet,20.261,normalized-temperature,good,t5073
2025-12-30T20:55:00Z,cab-a01,sensor-top,front_top,top,inlet,22.259,normalized-temperature,good,t5074
2025-12-30T20:55:00Z,cab-a01,sensor-middle,front_middle,middle,inlet,21.159,normalized-temperature,good,t5075
2025-12-30T20:55:00Z,cab-a01,sensor-bottom,front_bottom,bottom,inlet,20.259,normalized-temperature,good,t5076
2025-12-30T21:00:00Z,cab-a01,sensor-top,front_top,top,inlet,22.257,normalized-temperature,good,t5077
2025-12-30T21:00:00Z,cab-a01,sensor-middle,front_middle,middle,inlet,21.157,normalized-temperature,good,t5078
2025-12-30T21:00:00Z,cab-a01,sensor-bottom,front_bottom,bottom,inlet,20.257,normalized-temperature,good,t5079
2025-12-30T21:05:00Z,cab-a01,sensor-top,front_top,top,inlet,22.254,normalized-temperature,good,t5080
2025-12-30T21:05:00Z,cab-a01,sensor-middle,front_middle,middle,inlet,21.154,normalized-temperature,good,t5081
2025-12-30T21:05:00Z,cab-a01,sensor-bottom,front_bottom,bottom,inlet,20.254,normalized-temperature,good,t5082
2025-12-30T21:10:00Z,cab-a01,sensor-top,front_top,top,inlet,22.252,normalized-temperature,good,t5083
2025-12-30T21:10:00Z,cab-a01,sensor-middle,front_middle,middle,inlet,21.152,normalized-temperature,good,t5084
2025-12-30T21:10:00Z,cab-a01,sensor-bottom,front_bottom,bottom,inlet,20.252,normalized-temperature,good,t5085
2025-12-30T21:15:00Z,cab-a01,sensor-top,front_top,top,inlet,22.251,normalized-temperature,good,t5086
2025-12-30T21:15:00Z,cab-a01,sensor-middle,front_middle,middle,inlet,21.151,normalized-temperature,good,t5087
2025-12-30T21:15:00Z,cab-a01,sensor-bottom,front_bottom,bottom,inlet,20.251,normalized-temperature,good,t5088
2025-12-30T21:20:00Z,cab-a01,sensor-top,front_top,top,inlet,22.249,normalized-temperature,good,t5089
2025-12-30T21:20:00Z,cab-a01,sensor-middle,front_middle,middle,inlet,21.149,normalized-temperature,good,t5090
2025-12-30T21:20:00Z,cab-a01,sensor-bottom,front_bottom,bottom,inlet,20.249,normalized-temperature,good,t5091
2025-12-30T21:25:00Z,cab-a01,sensor-top,front_top,top,inlet,22.248,normalized-temperature,good,t5092
2025-12-30T21:25:00Z,cab-a01,sensor-middle,front_middle,middle,inlet,21.148,normalized-temperature,good,t5093
2025-12-30T21:25:00Z,cab-a01,sensor-bottom,front_bottom,bottom,inlet,20.248,normalized-temperature,good,t5094
2025-12-30T21:30:00Z,cab-a01,sensor-top,front_top,top,inlet,22.247,normalized-temperature,good,t5095
2025-12-30T21:30:00Z,cab-a01,sensor-middle,front_middle,middle,inlet,21.147,normalized-temperature,good,t5096
2025-12-30T21:30:00Z,cab-a01,sensor-bottom,front_bottom,bottom,inlet,20.247,normalized-temperature,good,t5097
2025-12-30T21:35:00Z,cab-a01,sensor-top,front_top,top,inlet,22.247,normalized-temperature,good,t5098
2025-12-30T21:35:00Z,cab-a01,sensor-middle,front_middle,middle,inlet,21.147,normalized-temperature,good,t5099
2025-12-30T21:35:00Z,cab-a01,sensor-bottom,front_bottom,bottom,inlet,20.247,normalized-temperature,good,t5100
2025-12-30T21:40:00Z,cab-a01,sensor-top,front_top,top,inlet,22.248,normalized-temperature,good,t5101
2025-12-30T21:40:00Z,cab-a01,sensor-middle,front_middle,middle,inlet,21.148,normalized-temperature,good,t5102
2025-12-30T21:40:00Z,cab-a01,sensor-bottom,front_bottom,bottom,inlet,20.248,normalized-temperature,good,t5103
2025-12-30T21:45:00Z,cab-a01,sensor-top,front_top,top,inlet,22.249,normalized-temperature,good,t5104
2025-12-30T21:45:00Z,cab-a01,sensor-middle,front_middle,middle,inlet,21.149,normalized-temperature,good,t5105
2025-12-30T21:45:00Z,cab-a01,sensor-bottom,front_bottom,bottom,inlet,20.249,normalized-temperature,good,t5106
2025-12-30T21:50:00Z,cab-a01,sensor-top,front_top,top,inlet,22.25,normalized-temperature,good,t5107
2025-12-30T21:50:00Z,cab-a01,sensor-middle,front_middle,middle,inlet,21.15,normalized-temperature,good,t5108
2025-12-30T21:50:00Z,cab-a01,sensor-bottom,front_bottom,bottom,inlet,20.25,normalized-temperature,good,t5109
2025-12-30T21:55:00Z,cab-a01,sensor-top,front_top,top,inlet,22.253,normalized-temperature,good,t5110
2025-12-30T21:55:00Z,cab-a01,sensor-middle,front_middle,middle,inlet,21.153,normalized-temperature,good,t5111
2025-12-30T21:55:00Z,cab-a01,sensor-bottom,front_bottom,bottom,inlet,20.253,normalized-temperature,good,t5112
2025-12-30T22:00:00Z,cab-a01,sensor-top,front_top,top,inlet,22.256,normalized-temperature,good,t5113
2025-12-30T22:00:00Z,cab-a01,sensor-middle,front_middle,middle,inlet,21.156,normalized-temperature,good,t5114
2025-12-30T22:00:00Z,cab-a01,sensor-bottom,front_bottom,bottom,inlet,20.256,normalized-temperature,good,t5115
2025-12-30T22:05:00Z,cab-a01,sensor-top,front_top,top,inlet,22.26,normalized-temperature,good,t5116
2025-12-30T22:05:00Z,cab-a01,sensor-middle,front_middle,middle,inlet,21.16,normalized-temperature,good,t5117
2025-12-30T22:05:00Z,cab-a01,sensor-bottom,front_bottom,bottom,inlet,20.26,normalized-temperature,good,t5118
2025-12-30T22:10:00Z,cab-a01,sensor-top,front_top,top,inlet,22.264,normalized-temperature,good,t5119
2025-12-30T22:10:00Z,cab-a01,sensor-middle,front_middle,middle,inlet,21.164,normalized-temperature,good,t5120
2025-12-30T22:10:00Z,cab-a01,sensor-bottom,front_bottom,bottom,inlet,20.264,normalized-temperature,good,t5121
2025-12-30T22:15:00Z,cab-a01,sensor-top,front_top,top,inlet,22.27,normalized-temperature,good,t5122
2025-12-30T22:15:00Z,cab-a01,sensor-middle,front_middle,middle,inlet,21.17,normalized-temperature,good,t5123
2025-12-30T22:15:00Z,cab-a01,sensor-bottom,front_bottom,bottom,inlet,20.27,normalized-temperature,good,t5124
2025-12-30T22:20:00Z,cab-a01,sensor-top,front_top,top,inlet,22.276,normalized-temperature,good,t5125
2025-12-30T22:20:00Z,cab-a01,sensor-middle,front_middle,middle,inlet,21.176,normalized-temperature,good,t5126
2025-12-30T22:20:00Z,cab-a01,sensor-bottom,front_bottom,bottom,inlet,20.276,normalized-temperature,good,t5127
2025-12-30T22:25:00Z,cab-a01,sensor-top,front_top,top,inlet,22.283,normalized-temperature,good,t5128
2025-12-30T22:25:00Z,cab-a01,sensor-middle,front_middle,middle,inlet,21.183,normalized-temperature,good,t5129
2025-12-30T22:25:00Z,cab-a01,sensor-bottom,front_bottom,bottom,inlet,20.283,normalized-temperature,good,t5130
2025-12-30T22:30:00Z,cab-a01,sensor-top,front_top,top,inlet,22.292,normalized-temperature,good,t5131
2025-12-30T22:30:00Z,cab-a01,sensor-middle,front_middle,middle,inlet,21.192,normalized-temperature,good,t5132
2025-12-30T22:30:00Z,cab-a01,sensor-bottom,front_bottom,bottom,inlet,20.292,normalized-temperature,good,t5133
2025-12-30T22:35:00Z,cab-a01,sensor-top,front_top,top,inlet,22.301,normalized-temperature,good,t5134
2025-12-30T22:35:00Z,cab-a01,sensor-middle,front_middle,middle,inlet,21.201,normalized-temperature,good,t5135
2025-12-30T22:35:00Z,cab-a01,sensor-bottom,front_bottom,bottom,inlet,20.301,normalized-temperature,good,t5136
2025-12-30T22:40:00Z,cab-a01,sensor-top,front_top,top,inlet,22.31,normalized-temperature,good,t5137
2025-12-30T22:40:00Z,cab-a01,sensor-middle,front_middle,middle,inlet,21.21,normalized-temperature,good,t5138
2025-12-30T22:40:00Z,cab-a01,sensor-bottom,front_bottom,bottom,inlet,20.31,normalized-temperature,good,t5139
2025-12-30T22:45:00Z,cab-a01,sensor-top,front_top,top,inlet,22.321,normalized-temperature,good,t5140
2025-12-30T22:45:00Z,cab-a01,sensor-middle,front_middle,middle,inlet,21.221,normalized-temperature,good,t5141
2025-12-30T22:45:00Z,cab-a01,sensor-bottom,front_bottom,bottom,inlet,20.321,normalized-temperature,good,t5142
2025-12-30T22:50:00Z,cab-a01,sensor-top,front_top,top,inlet,22.332,normalized-temperature,good,t5143
2025-12-30T22:50:00Z,cab-a01,sensor-middle,front_middle,middle,inlet,21.232,normalized-temperature,good,t5144
2025-12-30T22:50:00Z,cab-a01,sensor-bottom,front_bottom,bottom,inlet,20.332,normalized-temperature,good,t5145
2025-12-30T22:55:00Z,cab-a01,sensor-top,front_top,top,inlet,22.345,normalized-temperature,good,t5146
2025-12-30T22:55:00Z,cab-a01,sensor-middle,front_middle,middle,inlet,21.245,normalized-temperature,good,t5147
2025-12-30T22:55:00Z,cab-a01,sensor-bottom,front_bottom,bottom,inlet,20.345,normalized-temperature,good,t5148
2025-12-30T23:00:00Z,cab-a01,sensor-top,front_top,top,inlet,22.358,normalized-temperature,good,t5149
2025-12-30T23:00:00Z,cab-a01,sensor-middle,front_middle,middle,inlet,21.258,normalized-temperature,good,t5150
2025-12-30T23:00:00Z,cab-a01,sensor-bottom,front_bottom,bottom,inlet,20.358,normalized-temperature,good,t5151
2025-12-30T23:05:00Z,cab-a01,sensor-top,front_top,top,inlet,22.372,normalized-temperature,good,t5152
2025-12-30T23:05:00Z,cab-a01,sensor-middle,front_middle,middle,inlet,21.272,normalized-temperature,good,t5153
2025-12-30T23:05:00Z,cab-a01,sensor-bottom,front_bottom,bottom,inlet,20.372,normalized-temperature,good,t5154
2025-12-30T23:10:00Z,cab-a01,sensor-top,front_top,top,inlet,22.386,normalized-temperature,good,t5155
2025-12-30T23:10:00Z,cab-a01,sensor-middle,front_middle,middle,inlet,21.286,normalized-temperature,good,t5156
2025-12-30T23:10:00Z,cab-a01,sensor-bottom,front_bottom,bottom,inlet,20.386,normalized-temperature,good,t5157
2025-12-30T23:15:00Z,cab-a01,sensor-top,front_top,top,inlet,22.401,normalized-temperature,good,t5158
2025-12-30T23:15:00Z,cab-a01,sensor-middle,front_middle,middle,inlet,21.301,normalized-temperature,good,t5159
2025-12-30T23:15:00Z,cab-a01,sensor-bottom,front_bottom,bottom,inlet,20.401,normalized-temperature,good,t5160
2025-12-30T23:20:00Z,cab-a01,sensor-top,front_top,top,inlet,22.417,normalized-temperature,good,t5161
2025-12-30T23:20:00Z,cab-a01,sensor-middle,front_middle,middle,inlet,21.317,normalized-temperature,good,t5162
2025-12-30T23:20:00Z,cab-a01,sensor-bottom,front_bottom,bottom,inlet,20.417,normalized-temperature,good,t5163
2025-12-30T23:25:00Z,cab-a01,sensor-top,front_top,top,inlet,22.433,normalized-temperature,good,t5164
2025-12-30T23:25:00Z,cab-a01,sensor-middle,front_middle,middle,inlet,21.333,normalized-temperature,good,t5165
2025-12-30T23:25:00Z,cab-a01,sensor-bottom,front_bottom,bottom,inlet,20.433,normalized-temperature,good,t5166
2025-12-30T23:30:00Z,cab-a01,sensor-top,front_top,top,inlet,22.45,normalized-temperature,good,t5167
2025-12-30T23:30:00Z,cab-a01,sensor-middle,front_middle,middle,inlet,21.35,normalized-temperature,good,t5168
2025-12-30T23:30:00Z,cab-a01,sensor-bottom,front_bottom,bottom,inlet,20.45,normalized-temperature,good,t5169
2025-12-30T23:35:00Z,cab-a01,sensor-top,front_top,top,inlet,22.467,normalized-temperature,good,t5170
2025-12-30T23:35:00Z,cab-a01,sensor-middle,front_middle,middle,inlet,21.367,normalized-temperature,good,t5171
2025-12-30T23:35:00Z,cab-a01,sensor-bottom,front_bottom,bottom,inlet,20.467,normalized-temperature,good,t5172
2025-12-30T23:40:00Z,cab-a01,sensor-top,front_top,top,inlet,23.144,normalized-temperature,good,t5173
2025-12-30T23:40:00Z,cab-a01,sensor-middle,front_middle,middle,inlet,22.044,normalized-temperature,good,t5174
2025-12-30T23:40:00Z,cab-a01,sensor-bottom,front_bottom,bottom,inlet,21.144,normalized-temperature,good,t5175
2025-12-30T23:45:00Z,cab-a01,sensor-top,front_top,top,inlet,23.162,normalized-temperature,good,t5176
2025-12-30T23:45:00Z,cab-a01,sensor-middle,front_middle,middle,inlet,22.062,normalized-temperature,good,t5177
2025-12-30T23:45:00Z,cab-a01,sensor-bottom,front_bottom,bottom,inlet,21.162,normalized-temperature,good,t5178
2025-12-30T23:50:00Z,cab-a01,sensor-top,front_top,top,inlet,23.18,normalized-temperature,good,t5179
2025-12-30T23:50:00Z,cab-a01,sensor-middle,front_middle,middle,inlet,22.08,normalized-temperature,good,t5180
2025-12-30T23:50:00Z,cab-a01,sensor-bottom,front_bottom,bottom,inlet,21.18,normalized-temperature,good,t5181
2025-12-30T23:55:00Z,cab-a01,sensor-top,front_top,top,inlet,22.538,normalized-temperature,good,t5182
2025-12-30T23:55:00Z,cab-a01,sensor-middle,front_middle,middle,inlet,21.438,normalized-temperature,good,t5183
2025-12-30T23:55:00Z,cab-a01,sensor-bottom,front_bottom,bottom,inlet,20.538,normalized-temperature,good,t5184
2025-12-31T00:00:00Z,cab-a01,sensor-top,front_top,top,inlet,22.556,normalized-temperature,good,t5185
2025-12-31T00:00:00Z,cab-a01,sensor-middle,front_middle,middle,inlet,21.456,normalized-temperature,good,t5186
2025-12-31T00:00:00Z,cab-a01,sensor-bottom,front_bottom,bottom,inlet,20.556,normalized-temperature,good,t5187
2025-12-31T00:05:00Z,cab-a01,sensor-top,front_top,top,inlet,22.574,normalized-temperature,good,t5188
2025-12-31T00:05:00Z,cab-a01,sensor-middle,front_middle,middle,inlet,21.474,normalized-temperature,good,t5189
2025-12-31T00:05:00Z,cab-a01,sensor-bottom,front_bottom,bottom,inlet,20.574,normalized-temperature,good,t5190
2025-12-31T00:10:00Z,cab-a01,sensor-top,front_top,top,inlet,22.592,normalized-temperature,good,t5191
2025-12-31T00:10:00Z,cab-a01,sensor-middle,front_middle,middle,inlet,21.492,normalized-temperature,good,t5192
2025-12-31T00:10:00Z,cab-a01,sensor-bottom,front_bottom,bottom,inlet,20.592,normalized-temperature,good,t5193
2025-12-31T00:15:00Z,cab-a01,sensor-top,front_top,top,inlet,22.609,normalized-temperature,good,t5194
2025-12-31T00:15:00Z,cab-a01,sensor-middle,front_middle,middle,inlet,21.509,normalized-temperature,good,t5195
2025-12-31T00:15:00Z,cab-a01,sensor-bottom,front_bottom,bottom,inlet,20.609,normalized-temperature,good,t5196
2025-12-31T00:20:00Z,cab-a01,sensor-top,front_top,top,inlet,22.627,normalized-temperature,good,t5197
2025-12-31T00:20:00Z,cab-a01,sensor-middle,front_middle,middle,inlet,21.527,normalized-temperature,good,t5198
2025-12-31T00:20:00Z,cab-a01,sensor-bottom,front_bottom,bottom,inlet,20.627,normalized-temperature,good,t5199
2025-12-31T00:25:00Z,cab-a01,sensor-top,front_top,top,inlet,22.644,normalized-temperature,good,t5200
2025-12-31T00:25:00Z,cab-a01,sensor-middle,front_middle,middle,inlet,21.544,normalized-temperature,good,t5201
2025-12-31T00:25:00Z,cab-a01,sensor-bottom,front_bottom,bottom,inlet,20.644,normalized-temperature,good,t5202
2025-12-31T00:30:00Z,cab-a01,sensor-top,front_top,top,inlet,22.66,normalized-temperature,good,t5203
2025-12-31T00:30:00Z,cab-a01,sensor-middle,front_middle,middle,inlet,21.56,normalized-temperature,good,t5204
2025-12-31T00:30:00Z,cab-a01,sensor-bottom,front_bottom,bottom,inlet,20.66,normalized-temperature,good,t5205
2025-12-31T00:35:00Z,cab-a01,sensor-top,front_top,top,inlet,22.677,normalized-temperature,good,t5206
2025-12-31T00:35:00Z,cab-a01,sensor-middle,front_middle,middle,inlet,21.577,normalized-temperature,good,t5207
2025-12-31T00:35:00Z,cab-a01,sensor-bottom,front_bottom,bottom,inlet,20.677,normalized-temperature,good,t5208
2025-12-31T00:40:00Z,cab-a01,sensor-top,front_top,top,inlet,22.692,normalized-temperature,good,t5209
2025-12-31T00:40:00Z,cab-a01,sensor-middle,front_middle,middle,inlet,21.592,normalized-temperature,good,t5210
2025-12-31T00:40:00Z,cab-a01,sensor-bottom,front_bottom,bottom,inlet,20.692,normalized-temperature,good,t5211
2025-12-31T00:45:00Z,cab-a01,sensor-top,front_top,top,inlet,22.707,normalized-temperature,good,t5212
2025-12-31T00:45:00Z,cab-a01,sensor-middle,front_middle,middle,inlet,21.607,normalized-temperature,good,t5213
2025-12-31T00:45:00Z,cab-a01,sensor-bottom,front_bottom,bottom,inlet,20.707,normalized-temperature,good,t5214
2025-12-31T00:50:00Z,cab-a01,sensor-top,front_top,top,inlet,22.721,normalized-temperature,good,t5215
2025-12-31T00:50:00Z,cab-a01,sensor-middle,front_middle,middle,inlet,21.621,normalized-temperature,good,t5216
2025-12-31T00:50:00Z,cab-a01,sensor-bottom,front_bottom,bottom,inlet,20.721,normalized-temperature,good,t5217
2025-12-31T00:55:00Z,cab-a01,sensor-top,front_top,top,inlet,22.735,normalized-temperature,good,t5218
2025-12-31T00:55:00Z,cab-a01,sensor-middle,front_middle,middle,inlet,21.635,normalized-temperature,good,t5219
2025-12-31T00:55:00Z,cab-a01,sensor-bottom,front_bottom,bottom,inlet,20.735,normalized-temperature,good,t5220
2025-12-31T01:00:00Z,cab-a01,sensor-top,front_top,top,inlet,22.748,normalized-temperature,good,t5221
2025-12-31T01:00:00Z,cab-a01,sensor-middle,front_middle,middle,inlet,21.648,normalized-temperature,good,t5222
2025-12-31T01:00:00Z,cab-a01,sensor-bottom,front_bottom,bottom,inlet,20.748,normalized-temperature,good,t5223
2025-12-31T01:05:00Z,cab-a01,sensor-top,front_top,top,inlet,22.76,normalized-temperature,good,t5224
2025-12-31T01:05:00Z,cab-a01,sensor-middle,front_middle,middle,inlet,21.66,normalized-temperature,good,t5225
2025-12-31T01:05:00Z,cab-a01,sensor-bottom,front_bottom,bottom,inlet,20.76,normalized-temperature,good,t5226
2025-12-31T01:10:00Z,cab-a01,sensor-top,front_top,top,inlet,22.771,normalized-temperature,good,t5227
2025-12-31T01:10:00Z,cab-a01,sensor-middle,front_middle,middle,inlet,21.671,normalized-temperature,good,t5228
2025-12-31T01:10:00Z,cab-a01,sensor-bottom,front_bottom,bottom,inlet,20.771,normalized-temperature,good,t5229
2025-12-31T01:15:00Z,cab-a01,sensor-top,front_top,top,inlet,22.781,normalized-temperature,good,t5230
2025-12-31T01:15:00Z,cab-a01,sensor-middle,front_middle,middle,inlet,21.681,normalized-temperature,good,t5231
2025-12-31T01:15:00Z,cab-a01,sensor-bottom,front_bottom,bottom,inlet,20.781,normalized-temperature,good,t5232
2025-12-31T01:20:00Z,cab-a01,sensor-top,front_top,top,inlet,22.79,normalized-temperature,good,t5233
2025-12-31T01:20:00Z,cab-a01,sensor-middle,front_middle,middle,inlet,21.69,normalized-temperature,good,t5234
2025-12-31T01:20:00Z,cab-a01,sensor-bottom,front_bottom,bottom,inlet,20.79,normalized-temperature,good,t5235
2025-12-31T01:25:00Z,cab-a01,sensor-top,front_top,top,inlet,22.799,normalized-temperature,good,t5236
2025-12-31T01:25:00Z,cab-a01,sensor-middle,front_middle,middle,inlet,21.699,normalized-temperature,good,t5237
2025-12-31T01:25:00Z,cab-a01,sensor-bottom,front_bottom,bottom,inlet,20.799,normalized-temperature,good,t5238
2025-12-31T01:30:00Z,cab-a01,sensor-top,front_top,top,inlet,22.806,normalized-temperature,good,t5239
2025-12-31T01:30:00Z,cab-a01,sensor-middle,front_middle,middle,inlet,21.706,normalized-temperature,good,t5240
2025-12-31T01:30:00Z,cab-a01,sensor-bottom,front_bottom,bottom,inlet,20.806,normalized-temperature,good,t5241
2025-12-31T01:35:00Z,cab-a01,sensor-top,front_top,top,inlet,22.813,normalized-temperature,good,t5242
2025-12-31T01:35:00Z,cab-a01,sensor-middle,front_middle,middle,inlet,21.713,normalized-temperature,good,t5243
2025-12-31T01:35:00Z,cab-a01,sensor-bottom,front_bottom,bottom,inlet,20.813,normalized-temperature,good,t5244
2025-12-31T01:40:00Z,cab-a01,sensor-top,front_top,top,inlet,22.818,normalized-temperature,good,t5245
2025-12-31T01:40:00Z,cab-a01,sensor-middle,front_middle,middle,inlet,21.718,normalized-temperature,good,t5246
2025-12-31T01:40:00Z,cab-a01,sensor-bottom,front_bottom,bottom,inlet,20.818,normalized-temperature,good,t5247
2025-12-31T01:45:00Z,cab-a01,sensor-top,front_top,top,inlet,22.823,normalized-temperature,good,t5248
2025-12-31T01:45:00Z,cab-a01,sensor-middle,front_middle,middle,inlet,21.723,normalized-temperature,good,t5249
2025-12-31T01:45:00Z,cab-a01,sensor-bottom,front_bottom,bottom,inlet,20.823,normalized-temperature,good,t5250
2025-12-31T01:50:00Z,cab-a01,sensor-top,front_top,top,inlet,22.827,normalized-temperature,good,t5251
2025-12-31T01:50:00Z,cab-a01,sensor-middle,front_middle,middle,inlet,21.727,normalized-temperature,good,t5252
2025-12-31T01:50:00Z,cab-a01,sensor-bottom,front_bottom,bottom,inlet,20.827,normalized-temperature,good,t5253
2025-12-31T01:55:00Z,cab-a01,sensor-top,front_top,top,inlet,22.83,normalized-temperature,good,t5254
2025-12-31T01:55:00Z,cab-a01,sensor-middle,front_middle,middle,inlet,21.73,normalized-temperature,good,t5255
2025-12-31T01:55:00Z,cab-a01,sensor-bottom,front_bottom,bottom,inlet,20.83,normalized-temperature,good,t5256
2025-12-31T02:00:00Z,cab-a01,sensor-top,front_top,top,inlet,22.831,normalized-temperature,good,t5257
2025-12-31T02:00:00Z,cab-a01,sensor-middle,front_middle,middle,inlet,21.731,normalized-temperature,good,t5258
2025-12-31T02:00:00Z,cab-a01,sensor-bottom,front_bottom,bottom,inlet,20.831,normalized-temperature,good,t5259
2025-12-31T02:05:00Z,cab-a01,sensor-top,front_top,top,inlet,22.832,normalized-temperature,good,t5260
2025-12-31T02:05:00Z,cab-a01,sensor-middle,front_middle,middle,inlet,21.732,normalized-temperature,good,t5261
2025-12-31T02:05:00Z,cab-a01,sensor-bottom,front_bottom,bottom,inlet,20.832,normalized-temperature,good,t5262
2025-12-31T02:10:00Z,cab-a01,sensor-top,front_top,top,inlet,22.833,normalized-temperature,good,t5263
2025-12-31T02:10:00Z,cab-a01,sensor-middle,front_middle,middle,inlet,21.733,normalized-temperature,good,t5264
2025-12-31T02:10:00Z,cab-a01,sensor-bottom,front_bottom,bottom,inlet,20.833,normalized-temperature,good,t5265
2025-12-31T02:15:00Z,cab-a01,sensor-top,front_top,top,inlet,22.832,normalized-temperature,good,t5266
2025-12-31T02:15:00Z,cab-a01,sensor-middle,front_middle,middle,inlet,21.732,normalized-temperature,good,t5267
2025-12-31T02:15:00Z,cab-a01,sensor-bottom,front_bottom,bottom,inlet,20.832,normalized-temperature,good,t5268
2025-12-31T02:20:00Z,cab-a01,sensor-top,front_top,top,inlet,22.831,normalized-temperature,good,t5269
2025-12-31T02:20:00Z,cab-a01,sensor-middle,front_middle,middle,inlet,21.731,normalized-temperature,good,t5270
2025-12-31T02:20:00Z,cab-a01,sensor-bottom,front_bottom,bottom,inlet,20.831,normalized-temperature,good,t5271
2025-12-31T02:25:00Z,cab-a01,sensor-top,front_top,top,inlet,22.829,normalized-temperature,good,t5272
2025-12-31T02:25:00Z,cab-a01,sensor-middle,front_middle,middle,inlet,21.729,normalized-temperature,good,t5273
2025-12-31T02:25:00Z,cab-a01,sensor-bottom,front_bottom,bottom,inlet,20.829,normalized-temperature,good,t5274
2025-12-31T02:30:00Z,cab-a01,sensor-top,front_top,top,inlet,22.826,normalized-temperature,good,t5275
2025-12-31T02:30:00Z,cab-a01,sensor-middle,front_middle,middle,inlet,21.726,normalized-temperature,good,t5276
2025-12-31T02:30:00Z,cab-a01,sensor-bottom,front_bottom,bottom,inlet,20.826,normalized-temperature,good,t5277
2025-12-31T02:35:00Z,cab-a01,sensor-top,front_top,top,inlet,22.823,normalized-temperature,good,t5278
2025-12-31T02:35:00Z,cab-a01,sensor-middle,front_middle,middle,inlet,21.723,normalized-temperature,good,t5279
2025-12-31T02:35:00Z,cab-a01,sensor-bottom,front_bottom,bottom,inlet,20.823,normalized-temperature,good,t5280
2025-12-31T02:40:00Z,cab-a01,sensor-top,front_top,top,inlet,22.82,normalized-temperature,good,t5281
2025-12-31T02:40:00Z,cab-a01,sensor-middle,front_middle,middle,inlet,21.72,normalized-temperature,good,t5282
2025-12-31T02:40:00Z,cab-a01,sensor-bottom,front_bottom,bottom,inlet,20.82,normalized-temperature,good,t5283
2025-12-31T02:45:00Z,cab-a01,sensor-top,front_top,top,inlet,22.816,normalized-temperature,good,t5284
2025-12-31T02:45:00Z,cab-a01,sensor-middle,front_middle,middle,inlet,21.716,normalized-temperature,good,t5285
2025-12-31T02:45:00Z,cab-a01,sensor-bottom,front_bottom,bottom,inlet,20.816,normalized-temperature,good,t5286
2025-12-31T02:50:00Z,cab-a01,sensor-top,front_top,top,inlet,22.811,normalized-temperature,good,t5287
2025-12-31T02:50:00Z,cab-a01,sensor-middle,front_middle,middle,inlet,21.711,normalized-temperature,good,t5288
2025-12-31T02:50:00Z,cab-a01,sensor-bottom,front_bottom,bottom,inlet,20.811,normalized-temperature,good,t5289
2025-12-31T02:55:00Z,cab-a01,sensor-top,front_top,top,inlet,22.806,normalized-temperature,good,t5290
2025-12-31T02:55:00Z,cab-a01,sensor-middle,front_middle,middle,inlet,21.706,normalized-temperature,good,t5291
2025-12-31T02:55:00Z,cab-a01,sensor-bottom,front_bottom,bottom,inlet,20.806,normalized-temperature,good,t5292
2025-12-31T03:00:00Z,cab-a01,sensor-top,front_top,top,inlet,22.801,normalized-temperature,good,t5293
2025-12-31T03:00:00Z,cab-a01,sensor-middle,front_middle,middle,inlet,21.701,normalized-temperature,good,t5294
2025-12-31T03:00:00Z,cab-a01,sensor-bottom,front_bottom,bottom,inlet,20.801,normalized-temperature,good,t5295
2025-12-31T03:05:00Z,cab-a01,sensor-top,front_top,top,inlet,22.796,normalized-temperature,good,t5296
2025-12-31T03:05:00Z,cab-a01,sensor-middle,front_middle,middle,inlet,21.696,normalized-temperature,good,t5297
2025-12-31T03:05:00Z,cab-a01,sensor-bottom,front_bottom,bottom,inlet,20.796,normalized-temperature,good,t5298
2025-12-31T03:10:00Z,cab-a01,sensor-top,front_top,top,inlet,22.791,normalized-temperature,good,t5299
2025-12-31T03:10:00Z,cab-a01,sensor-middle,front_middle,middle,inlet,21.691,normalized-temperature,good,t5300
2025-12-31T03:10:00Z,cab-a01,sensor-bottom,front_bottom,bottom,inlet,20.791,normalized-temperature,good,t5301
2025-12-31T03:15:00Z,cab-a01,sensor-top,front_top,top,inlet,22.786,normalized-temperature,good,t5302
2025-12-31T03:15:00Z,cab-a01,sensor-middle,front_middle,middle,inlet,21.686,normalized-temperature,good,t5303
2025-12-31T03:15:00Z,cab-a01,sensor-bottom,front_bottom,bottom,inlet,20.786,normalized-temperature,good,t5304
2025-12-31T03:20:00Z,cab-a01,sensor-top,front_top,top,inlet,22.78,normalized-temperature,good,t5305
2025-12-31T03:20:00Z,cab-a01,sensor-middle,front_middle,middle,inlet,21.68,normalized-temperature,good,t5306
2025-12-31T03:20:00Z,cab-a01,sensor-bottom,front_bottom,bottom,inlet,20.78,normalized-temperature,good,t5307
2025-12-31T03:25:00Z,cab-a01,sensor-top,front_top,top,inlet,22.775,normalized-temperature,good,t5308
2025-12-31T03:25:00Z,cab-a01,sensor-middle,front_middle,middle,inlet,21.675,normalized-temperature,good,t5309
2025-12-31T03:25:00Z,cab-a01,sensor-bottom,front_bottom,bottom,inlet,20.775,normalized-temperature,good,t5310
2025-12-31T03:30:00Z,cab-a01,sensor-top,front_top,top,inlet,22.771,normalized-temperature,good,t5311
2025-12-31T03:30:00Z,cab-a01,sensor-middle,front_middle,middle,inlet,21.671,normalized-temperature,good,t5312
2025-12-31T03:30:00Z,cab-a01,sensor-bottom,front_bottom,bottom,inlet,20.771,normalized-temperature,good,t5313
2025-12-31T03:35:00Z,cab-a01,sensor-top,front_top,top,inlet,22.766,normalized-temperature,good,t5314
2025-12-31T03:35:00Z,cab-a01,sensor-middle,front_middle,middle,inlet,21.666,normalized-temperature,good,t5315
2025-12-31T03:35:00Z,cab-a01,sensor-bottom,front_bottom,bottom,inlet,20.766,normalized-temperature,good,t5316
2025-12-31T03:40:00Z,cab-a01,sensor-top,front_top,top,inlet,22.762,normalized-temperature,good,t5317
2025-12-31T03:40:00Z,cab-a01,sensor-middle,front_middle,middle,inlet,21.662,normalized-temperature,good,t5318
2025-12-31T03:40:00Z,cab-a01,sensor-bottom,front_bottom,bottom,inlet,20.762,normalized-temperature,good,t5319
2025-12-31T03:45:00Z,cab-a01,sensor-top,front_top,top,inlet,22.758,normalized-temperature,good,t5320
2025-12-31T03:45:00Z,cab-a01,sensor-middle,front_middle,middle,inlet,21.658,normalized-temperature,good,t5321
2025-12-31T03:45:00Z,cab-a01,sensor-bottom,front_bottom,bottom,inlet,20.758,normalized-temperature,good,t5322
2025-12-31T03:50:00Z,cab-a01,sensor-top,front_top,top,inlet,22.754,normalized-temperature,good,t5323
2025-12-31T03:50:00Z,cab-a01,sensor-middle,front_middle,middle,inlet,21.654,normalized-temperature,good,t5324
2025-12-31T03:50:00Z,cab-a01,sensor-bottom,front_bottom,bottom,inlet,20.754,normalized-temperature,good,t5325
2025-12-31T03:55:00Z,cab-a01,sensor-top,front_top,top,inlet,22.751,normalized-temperature,good,t5326
2025-12-31T03:55:00Z,cab-a01,sensor-middle,front_middle,middle,inlet,21.651,normalized-temperature,good,t5327
2025-12-31T03:55:00Z,cab-a01,sensor-bottom,front_bottom,bottom,inlet,20.751,normalized-temperature,good,t5328
2025-12-31T04:00:00Z,cab-a01,sensor-top,front_top,top,inlet,22.748,normalized-temperature,good,t5329
2025-12-31T04:00:00Z,cab-a01,sensor-middle,front_middle,middle,inlet,21.648,normalized-temperature,good,t5330
2025-12-31T04:00:00Z,cab-a01,sensor-bottom,front_bottom,bottom,inlet,20.748,normalized-temperature,good,t5331
2025-12-31T04:05:00Z,cab-a01,sensor-top,front_top,top,inlet,22.746,normalized-temperature,good,t5332
2025-12-31T04:05:00Z,cab-a01,sensor-middle,front_middle,middle,inlet,21.646,normalized-temperature,good,t5333
2025-12-31T04:05:00Z,cab-a01,sensor-bottom,front_bottom,bottom,inlet,20.746,normalized-temperature,good,t5334
2025-12-31T04:10:00Z,cab-a01,sensor-top,front_top,top,inlet,22.745,normalized-temperature,good,t5335
2025-12-31T04:10:00Z,cab-a01,sensor-middle,front_middle,middle,inlet,21.645,normalized-temperature,good,t5336
2025-12-31T04:10:00Z,cab-a01,sensor-bottom,front_bottom,bottom,inlet,20.745,normalized-temperature,good,t5337
2025-12-31T04:15:00Z,cab-a01,sensor-top,front_top,top,inlet,22.744,normalized-temperature,good,t5338
2025-12-31T04:15:00Z,cab-a01,sensor-middle,front_middle,middle,inlet,21.644,normalized-temperature,good,t5339
2025-12-31T04:15:00Z,cab-a01,sensor-bottom,front_bottom,bottom,inlet,20.744,normalized-temperature,good,t5340
2025-12-31T04:20:00Z,cab-a01,sensor-top,front_top,top,inlet,22.744,normalized-temperature,good,t5341
2025-12-31T04:20:00Z,cab-a01,sensor-middle,front_middle,middle,inlet,21.644,normalized-temperature,good,t5342
2025-12-31T04:20:00Z,cab-a01,sensor-bottom,front_bottom,bottom,inlet,20.744,normalized-temperature,good,t5343
2025-12-31T04:25:00Z,cab-a01,sensor-top,front_top,top,inlet,22.744,normalized-temperature,good,t5344
2025-12-31T04:25:00Z,cab-a01,sensor-middle,front_middle,middle,inlet,21.644,normalized-temperature,good,t5345
2025-12-31T04:25:00Z,cab-a01,sensor-bottom,front_bottom,bottom,inlet,20.744,normalized-temperature,good,t5346
2025-12-31T04:30:00Z,cab-a01,sensor-top,front_top,top,inlet,22.745,normalized-temperature,good,t5347
2025-12-31T04:30:00Z,cab-a01,sensor-middle,front_middle,middle,inlet,21.645,normalized-temperature,good,t5348
2025-12-31T04:30:00Z,cab-a01,sensor-bottom,front_bottom,bottom,inlet,20.745,normalized-temperature,good,t5349
2025-12-31T04:35:00Z,cab-a01,sensor-top,front_top,top,inlet,22.747,normalized-temperature,good,t5350
2025-12-31T04:35:00Z,cab-a01,sensor-middle,front_middle,middle,inlet,21.647,normalized-temperature,good,t5351
2025-12-31T04:35:00Z,cab-a01,sensor-bottom,front_bottom,bottom,inlet,20.747,normalized-temperature,good,t5352
2025-12-31T04:40:00Z,cab-a01,sensor-top,front_top,top,inlet,22.749,normalized-temperature,good,t5353
2025-12-31T04:40:00Z,cab-a01,sensor-middle,front_middle,middle,inlet,21.649,normalized-temperature,good,t5354
2025-12-31T04:40:00Z,cab-a01,sensor-bottom,front_bottom,bottom,inlet,20.749,normalized-temperature,good,t5355
2025-12-31T04:45:00Z,cab-a01,sensor-top,front_top,top,inlet,22.752,normalized-temperature,good,t5356
2025-12-31T04:45:00Z,cab-a01,sensor-middle,front_middle,middle,inlet,21.652,normalized-temperature,good,t5357
2025-12-31T04:45:00Z,cab-a01,sensor-bottom,front_bottom,bottom,inlet,20.752,normalized-temperature,good,t5358
2025-12-31T04:50:00Z,cab-a01,sensor-top,front_top,top,inlet,22.756,normalized-temperature,good,t5359
2025-12-31T04:50:00Z,cab-a01,sensor-middle,front_middle,middle,inlet,21.656,normalized-temperature,good,t5360
2025-12-31T04:50:00Z,cab-a01,sensor-bottom,front_bottom,bottom,inlet,20.756,normalized-temperature,good,t5361
2025-12-31T04:55:00Z,cab-a01,sensor-top,front_top,top,inlet,22.76,normalized-temperature,good,t5362
2025-12-31T04:55:00Z,cab-a01,sensor-middle,front_middle,middle,inlet,21.66,normalized-temperature,good,t5363
2025-12-31T04:55:00Z,cab-a01,sensor-bottom,front_bottom,bottom,inlet,20.76,normalized-temperature,good,t5364
2025-12-31T05:00:00Z,cab-a01,sensor-top,front_top,top,inlet,22.765,normalized-temperature,good,t5365
2025-12-31T05:00:00Z,cab-a01,sensor-middle,front_middle,middle,inlet,21.665,normalized-temperature,good,t5366
2025-12-31T05:00:00Z,cab-a01,sensor-bottom,front_bottom,bottom,inlet,20.765,normalized-temperature,good,t5367
2025-12-31T05:05:00Z,cab-a01,sensor-top,front_top,top,inlet,22.77,normalized-temperature,good,t5368
2025-12-31T05:05:00Z,cab-a01,sensor-middle,front_middle,middle,inlet,21.67,normalized-temperature,good,t5369
2025-12-31T05:05:00Z,cab-a01,sensor-bottom,front_bottom,bottom,inlet,20.77,normalized-temperature,good,t5370
2025-12-31T05:10:00Z,cab-a01,sensor-top,front_top,top,inlet,22.776,normalized-temperature,good,t5371
2025-12-31T05:10:00Z,cab-a01,sensor-middle,front_middle,middle,inlet,21.676,normalized-temperature,good,t5372
2025-12-31T05:10:00Z,cab-a01,sensor-bottom,front_bottom,bottom,inlet,20.776,normalized-temperature,good,t5373
2025-12-31T05:15:00Z,cab-a01,sensor-top,front_top,top,inlet,22.782,normalized-temperature,good,t5374
2025-12-31T05:15:00Z,cab-a01,sensor-middle,front_middle,middle,inlet,21.682,normalized-temperature,good,t5375
2025-12-31T05:15:00Z,cab-a01,sensor-bottom,front_bottom,bottom,inlet,20.782,normalized-temperature,good,t5376
2025-12-31T05:20:00Z,cab-a01,sensor-top,front_top,top,inlet,22.789,normalized-temperature,good,t5377
2025-12-31T05:20:00Z,cab-a01,sensor-middle,front_middle,middle,inlet,21.689,normalized-temperature,good,t5378
2025-12-31T05:20:00Z,cab-a01,sensor-bottom,front_bottom,bottom,inlet,20.789,normalized-temperature,good,t5379
2025-12-31T05:25:00Z,cab-a01,sensor-top,front_top,top,inlet,22.796,normalized-temperature,good,t5380
2025-12-31T05:25:00Z,cab-a01,sensor-middle,front_middle,middle,inlet,21.696,normalized-temperature,good,t5381
2025-12-31T05:25:00Z,cab-a01,sensor-bottom,front_bottom,bottom,inlet,20.796,normalized-temperature,good,t5382
2025-12-31T05:30:00Z,cab-a01,sensor-top,front_top,top,inlet,22.803,normalized-temperature,good,t5383
2025-12-31T05:30:00Z,cab-a01,sensor-middle,front_middle,middle,inlet,21.703,normalized-temperature,good,t5384
2025-12-31T05:30:00Z,cab-a01,sensor-bottom,front_bottom,bottom,inlet,20.803,normalized-temperature,good,t5385
2025-12-31T05:35:00Z,cab-a01,sensor-top,front_top,top,inlet,22.81,normalized-temperature,good,t5386
2025-12-31T05:35:00Z,cab-a01,sensor-middle,front_middle,middle,inlet,21.71,normalized-temperature,good,t5387
2025-12-31T05:35:00Z,cab-a01,sensor-bottom,front_bottom,bottom,inlet,20.81,normalized-temperature,good,t5388
2025-12-31T05:40:00Z,cab-a01,sensor-top,front_top,top,inlet,22.818,normalized-temperature,good,t5389
2025-12-31T05:40:00Z,cab-a01,sensor-middle,front_middle,middle,inlet,21.718,normalized-temperature,good,t5390
2025-12-31T05:40:00Z,cab-a01,sensor-bottom,front_bottom,bottom,inlet,20.818,normalized-temperature,good,t5391
2025-12-31T05:45:00Z,cab-a01,sensor-top,front_top,top,inlet,22.826,normalized-temperature,good,t5392
2025-12-31T05:45:00Z,cab-a01,sensor-middle,front_middle,middle,inlet,21.726,normalized-temperature,good,t5393
2025-12-31T05:45:00Z,cab-a01,sensor-bottom,front_bottom,bottom,inlet,20.826,normalized-temperature,good,t5394
2025-12-31T05:50:00Z,cab-a01,sensor-top,front_top,top,inlet,22.834,normalized-temperature,good,t5395
2025-12-31T05:50:00Z,cab-a01,sensor-middle,front_middle,middle,inlet,21.734,normalized-temperature,good,t5396
2025-12-31T05:50:00Z,cab-a01,sensor-bottom,front_bottom,bottom,inlet,20.834,normalized-temperature,good,t5397
2025-12-31T05:55:00Z,cab-a01,sensor-top,front_top,top,inlet,22.841,normalized-temperature,good,t5398
2025-12-31T05:55:00Z,cab-a01,sensor-middle,front_middle,middle,inlet,21.741,normalized-temperature,good,t5399
2025-12-31T05:55:00Z,cab-a01,sensor-bottom,front_bottom,bottom,inlet,20.841,normalized-temperature,good,t5400
2025-12-31T06:00:00Z,cab-a01,sensor-top,front_top,top,inlet,22.849,normalized-temperature,good,t5401
2025-12-31T06:00:00Z,cab-a01,sensor-middle,front_middle,middle,inlet,21.749,normalized-temperature,good,t5402
2025-12-31T06:00:00Z,cab-a01,sensor-bottom,front_bottom,bottom,inlet,20.849,normalized-temperature,good,t5403
2025-12-31T06:05:00Z,cab-a01,sensor-top,front_top,top,inlet,22.857,normalized-temperature,good,t5404
2025-12-31T06:05:00Z,cab-a01,sensor-middle,front_middle,middle,inlet,21.757,normalized-temperature,good,t5405
2025-12-31T06:05:00Z,cab-a01,sensor-bottom,front_bottom,bottom,inlet,20.857,normalized-temperature,good,t5406
2025-12-31T06:10:00Z,cab-a01,sensor-top,front_top,top,inlet,22.864,normalized-temperature,good,t5407
2025-12-31T06:10:00Z,cab-a01,sensor-middle,front_middle,middle,inlet,21.764,normalized-temperature,good,t5408
2025-12-31T06:10:00Z,cab-a01,sensor-bottom,front_bottom,bottom,inlet,20.864,normalized-temperature,good,t5409
2025-12-31T06:15:00Z,cab-a01,sensor-top,front_top,top,inlet,22.871,normalized-temperature,good,t5410
2025-12-31T06:15:00Z,cab-a01,sensor-middle,front_middle,middle,inlet,21.771,normalized-temperature,good,t5411
2025-12-31T06:15:00Z,cab-a01,sensor-bottom,front_bottom,bottom,inlet,20.871,normalized-temperature,good,t5412
2025-12-31T06:20:00Z,cab-a01,sensor-top,front_top,top,inlet,22.877,normalized-temperature,good,t5413
2025-12-31T06:20:00Z,cab-a01,sensor-middle,front_middle,middle,inlet,21.777,normalized-temperature,good,t5414
2025-12-31T06:20:00Z,cab-a01,sensor-bottom,front_bottom,bottom,inlet,20.877,normalized-temperature,good,t5415
2025-12-31T06:25:00Z,cab-a01,sensor-top,front_top,top,inlet,22.883,normalized-temperature,good,t5416
2025-12-31T06:25:00Z,cab-a01,sensor-middle,front_middle,middle,inlet,21.783,normalized-temperature,good,t5417
2025-12-31T06:25:00Z,cab-a01,sensor-bottom,front_bottom,bottom,inlet,20.883,normalized-temperature,good,t5418
2025-12-31T06:30:00Z,cab-a01,sensor-top,front_top,top,inlet,22.889,normalized-temperature,good,t5419
2025-12-31T06:30:00Z,cab-a01,sensor-middle,front_middle,middle,inlet,21.789,normalized-temperature,good,t5420
2025-12-31T06:30:00Z,cab-a01,sensor-bottom,front_bottom,bottom,inlet,20.889,normalized-temperature,good,t5421
2025-12-31T06:35:00Z,cab-a01,sensor-top,front_top,top,inlet,22.894,normalized-temperature,good,t5422
2025-12-31T06:35:00Z,cab-a01,sensor-middle,front_middle,middle,inlet,21.794,normalized-temperature,good,t5423
2025-12-31T06:35:00Z,cab-a01,sensor-bottom,front_bottom,bottom,inlet,20.894,normalized-temperature,good,t5424
2025-12-31T06:40:00Z,cab-a01,sensor-top,front_top,top,inlet,22.898,normalized-temperature,good,t5425
2025-12-31T06:40:00Z,cab-a01,sensor-middle,front_middle,middle,inlet,21.798,normalized-temperature,good,t5426
2025-12-31T06:40:00Z,cab-a01,sensor-bottom,front_bottom,bottom,inlet,20.898,normalized-temperature,good,t5427
2025-12-31T06:45:00Z,cab-a01,sensor-top,front_top,top,inlet,22.902,normalized-temperature,good,t5428
2025-12-31T06:45:00Z,cab-a01,sensor-middle,front_middle,middle,inlet,21.802,normalized-temperature,good,t5429
2025-12-31T06:45:00Z,cab-a01,sensor-bottom,front_bottom,bottom,inlet,20.902,normalized-temperature,good,t5430
2025-12-31T06:50:00Z,cab-a01,sensor-top,front_top,top,inlet,22.904,normalized-temperature,good,t5431
2025-12-31T06:50:00Z,cab-a01,sensor-middle,front_middle,middle,inlet,21.804,normalized-temperature,good,t5432
2025-12-31T06:50:00Z,cab-a01,sensor-bottom,front_bottom,bottom,inlet,20.904,normalized-temperature,good,t5433
2025-12-31T06:55:00Z,cab-a01,sensor-top,front_top,top,inlet,22.906,normalized-temperature,good,t5434
2025-12-31T06:55:00Z,cab-a01,sensor-middle,front_middle,middle,inlet,21.806,normalized-temperature,good,t5435
2025-12-31T06:55:00Z,cab-a01,sensor-bottom,front_bottom,bottom,inlet,20.906,normalized-temperature,good,t5436
2025-12-31T07:00:00Z,cab-a01,sensor-top,front_top,top,inlet,22.907,normalized-temperature,good,t5437
2025-12-31T07:00:00Z,cab-a01,sensor-middle,front_middle,middle,inlet,21.807,normalized-temperature,good,t5438
2025-12-31T07:00:00Z,cab-a01,sensor-bottom,front_bottom,bottom,inlet,20.907,normalized-temperature,good,t5439
2025-12-31T07:05:00Z,cab-a01,sensor-top,front_top,top,inlet,22.908,normalized-temperature,good,t5440
2025-12-31T07:05:00Z,cab-a01,sensor-middle,front_middle,middle,inlet,21.808,normalized-temperature,good,t5441
2025-12-31T07:05:00Z,cab-a01,sensor-bottom,front_bottom,bottom,inlet,20.908,normalized-temperature,good,t5442
2025-12-31T07:10:00Z,cab-a01,sensor-top,front_top,top,inlet,22.907,normalized-temperature,good,t5443
2025-12-31T07:10:00Z,cab-a01,sensor-middle,front_middle,middle,inlet,21.807,normalized-temperature,good,t5444
2025-12-31T07:10:00Z,cab-a01,sensor-bottom,front_bottom,bottom,inlet,20.907,normalized-temperature,good,t5445
2025-12-31T07:15:00Z,cab-a01,sensor-top,front_top,top,inlet,22.905,normalized-temperature,good,t5446
2025-12-31T07:15:00Z,cab-a01,sensor-middle,front_middle,middle,inlet,21.805,normalized-temperature,good,t5447
2025-12-31T07:15:00Z,cab-a01,sensor-bottom,front_bottom,bottom,inlet,20.905,normalized-temperature,good,t5448
2025-12-31T07:20:00Z,cab-a01,sensor-top,front_top,top,inlet,22.903,normalized-temperature,good,t5449
2025-12-31T07:20:00Z,cab-a01,sensor-middle,front_middle,middle,inlet,21.803,normalized-temperature,good,t5450
2025-12-31T07:20:00Z,cab-a01,sensor-bottom,front_bottom,bottom,inlet,20.903,normalized-temperature,good,t5451
2025-12-31T07:25:00Z,cab-a01,sensor-top,front_top,top,inlet,22.899,normalized-temperature,good,t5452
2025-12-31T07:25:00Z,cab-a01,sensor-middle,front_middle,middle,inlet,21.799,normalized-temperature,good,t5453
2025-12-31T07:25:00Z,cab-a01,sensor-bottom,front_bottom,bottom,inlet,20.899,normalized-temperature,good,t5454
2025-12-31T07:30:00Z,cab-a01,sensor-top,front_top,top,inlet,22.895,normalized-temperature,good,t5455
2025-12-31T07:30:00Z,cab-a01,sensor-middle,front_middle,middle,inlet,21.795,normalized-temperature,good,t5456
2025-12-31T07:30:00Z,cab-a01,sensor-bottom,front_bottom,bottom,inlet,20.895,normalized-temperature,good,t5457
2025-12-31T07:35:00Z,cab-a01,sensor-top,front_top,top,inlet,22.889,normalized-temperature,good,t5458
2025-12-31T07:35:00Z,cab-a01,sensor-middle,front_middle,middle,inlet,21.789,normalized-temperature,good,t5459
2025-12-31T07:35:00Z,cab-a01,sensor-bottom,front_bottom,bottom,inlet,20.889,normalized-temperature,good,t5460
2025-12-31T07:40:00Z,cab-a01,sensor-top,front_top,top,inlet,22.883,normalized-temperature,good,t5461
2025-12-31T07:40:00Z,cab-a01,sensor-middle,front_middle,middle,inlet,21.783,normalized-temperature,good,t5462
2025-12-31T07:40:00Z,cab-a01,sensor-bottom,front_bottom,bottom,inlet,20.883,normalized-temperature,good,t5463
2025-12-31T07:45:00Z,cab-a01,sensor-top,front_top,top,inlet,22.875,normalized-temperature,good,t5464
2025-12-31T07:45:00Z,cab-a01,sensor-middle,front_middle,middle,inlet,21.775,normalized-temperature,good,t5465
2025-12-31T07:45:00Z,cab-a01,sensor-bottom,front_bottom,bottom,inlet,20.875,normalized-temperature,good,t5466
2025-12-31T07:50:00Z,cab-a01,sensor-top,front_top,top,inlet,22.867,normalized-temperature,good,t5467
2025-12-31T07:50:00Z,cab-a01,sensor-middle,front_middle,middle,inlet,21.767,normalized-temperature,good,t5468
2025-12-31T07:50:00Z,cab-a01,sensor-bottom,front_bottom,bottom,inlet,20.867,normalized-temperature,good,t5469
2025-12-31T07:55:00Z,cab-a01,sensor-top,front_top,top,inlet,22.857,normalized-temperature,good,t5470
2025-12-31T07:55:00Z,cab-a01,sensor-middle,front_middle,middle,inlet,21.757,normalized-temperature,good,t5471
2025-12-31T07:55:00Z,cab-a01,sensor-bottom,front_bottom,bottom,inlet,20.857,normalized-temperature,good,t5472
2025-12-31T08:00:00Z,cab-a01,sensor-top,front_top,top,inlet,22.847,normalized-temperature,good,t5473
2025-12-31T08:00:00Z,cab-a01,sensor-middle,front_middle,middle,inlet,21.747,normalized-temperature,good,t5474
2025-12-31T08:00:00Z,cab-a01,sensor-bottom,front_bottom,bottom,inlet,20.847,normalized-temperature,good,t5475
2025-12-31T08:05:00Z,cab-a01,sensor-top,front_top,top,inlet,22.836,normalized-temperature,good,t5476
2025-12-31T08:05:00Z,cab-a01,sensor-middle,front_middle,middle,inlet,21.736,normalized-temperature,good,t5477
2025-12-31T08:05:00Z,cab-a01,sensor-bottom,front_bottom,bottom,inlet,20.836,normalized-temperature,good,t5478
2025-12-31T08:10:00Z,cab-a01,sensor-top,front_top,top,inlet,22.824,normalized-temperature,good,t5479
2025-12-31T08:10:00Z,cab-a01,sensor-middle,front_middle,middle,inlet,21.724,normalized-temperature,good,t5480
2025-12-31T08:10:00Z,cab-a01,sensor-bottom,front_bottom,bottom,inlet,20.824,normalized-temperature,good,t5481
2025-12-31T08:15:00Z,cab-a01,sensor-top,front_top,top,inlet,22.811,normalized-temperature,good,t5482
2025-12-31T08:15:00Z,cab-a01,sensor-middle,front_middle,middle,inlet,21.711,normalized-temperature,good,t5483
2025-12-31T08:15:00Z,cab-a01,sensor-bottom,front_bottom,bottom,inlet,20.811,normalized-temperature,good,t5484
2025-12-31T08:20:00Z,cab-a01,sensor-top,front_top,top,inlet,22.797,normalized-temperature,good,t5485
2025-12-31T08:20:00Z,cab-a01,sensor-middle,front_middle,middle,inlet,21.697,normalized-temperature,good,t5486
2025-12-31T08:20:00Z,cab-a01,sensor-bottom,front_bottom,bottom,inlet,20.797,normalized-temperature,good,t5487
2025-12-31T08:25:00Z,cab-a01,sensor-top,front_top,top,inlet,22.783,normalized-temperature,good,t5488
2025-12-31T08:25:00Z,cab-a01,sensor-middle,front_middle,middle,inlet,21.683,normalized-temperature,good,t5489
2025-12-31T08:25:00Z,cab-a01,sensor-bottom,front_bottom,bottom,inlet,20.783,normalized-temperature,good,t5490
2025-12-31T08:30:00Z,cab-a01,sensor-top,front_top,top,inlet,22.769,normalized-temperature,good,t5491
2025-12-31T08:30:00Z,cab-a01,sensor-middle,front_middle,middle,inlet,21.669,normalized-temperature,good,t5492
2025-12-31T08:30:00Z,cab-a01,sensor-bottom,front_bottom,bottom,inlet,20.769,normalized-temperature,good,t5493
2025-12-31T08:35:00Z,cab-a01,sensor-top,front_top,top,inlet,22.753,normalized-temperature,good,t5494
2025-12-31T08:35:00Z,cab-a01,sensor-middle,front_middle,middle,inlet,21.653,normalized-temperature,good,t5495
2025-12-31T08:35:00Z,cab-a01,sensor-bottom,front_bottom,bottom,inlet,20.753,normalized-temperature,good,t5496
2025-12-31T08:40:00Z,cab-a01,sensor-top,front_top,top,inlet,22.738,normalized-temperature,good,t5497
2025-12-31T08:40:00Z,cab-a01,sensor-middle,front_middle,middle,inlet,21.638,normalized-temperature,good,t5498
2025-12-31T08:40:00Z,cab-a01,sensor-bottom,front_bottom,bottom,inlet,20.738,normalized-temperature,good,t5499
2025-12-31T08:45:00Z,cab-a01,sensor-top,front_top,top,inlet,22.721,normalized-temperature,good,t5500
2025-12-31T08:45:00Z,cab-a01,sensor-middle,front_middle,middle,inlet,21.621,normalized-temperature,good,t5501
2025-12-31T08:45:00Z,cab-a01,sensor-bottom,front_bottom,bottom,inlet,20.721,normalized-temperature,good,t5502
2025-12-31T08:50:00Z,cab-a01,sensor-top,front_top,top,inlet,22.705,normalized-temperature,good,t5503
2025-12-31T08:50:00Z,cab-a01,sensor-middle,front_middle,middle,inlet,21.605,normalized-temperature,good,t5504
2025-12-31T08:50:00Z,cab-a01,sensor-bottom,front_bottom,bottom,inlet,20.705,normalized-temperature,good,t5505
2025-12-31T08:55:00Z,cab-a01,sensor-top,front_top,top,inlet,22.688,normalized-temperature,good,t5506
2025-12-31T08:55:00Z,cab-a01,sensor-middle,front_middle,middle,inlet,21.588,normalized-temperature,good,t5507
2025-12-31T08:55:00Z,cab-a01,sensor-bottom,front_bottom,bottom,inlet,20.688,normalized-temperature,good,t5508
2025-12-31T09:00:00Z,cab-a01,sensor-top,front_top,top,inlet,22.671,normalized-temperature,good,t5509
2025-12-31T09:00:00Z,cab-a01,sensor-middle,front_middle,middle,inlet,21.571,normalized-temperature,good,t5510
2025-12-31T09:00:00Z,cab-a01,sensor-bottom,front_bottom,bottom,inlet,20.671,normalized-temperature,good,t5511
2025-12-31T09:05:00Z,cab-a01,sensor-top,front_top,top,inlet,22.654,normalized-temperature,good,t5512
2025-12-31T09:05:00Z,cab-a01,sensor-middle,front_middle,middle,inlet,21.554,normalized-temperature,good,t5513
2025-12-31T09:05:00Z,cab-a01,sensor-bottom,front_bottom,bottom,inlet,20.654,normalized-temperature,good,t5514
2025-12-31T09:10:00Z,cab-a01,sensor-top,front_top,top,inlet,22.637,normalized-temperature,good,t5515
2025-12-31T09:10:00Z,cab-a01,sensor-middle,front_middle,middle,inlet,21.537,normalized-temperature,good,t5516
2025-12-31T09:10:00Z,cab-a01,sensor-bottom,front_bottom,bottom,inlet,20.637,normalized-temperature,good,t5517
2025-12-31T09:15:00Z,cab-a01,sensor-top,front_top,top,inlet,22.62,normalized-temperature,good,t5518
2025-12-31T09:15:00Z,cab-a01,sensor-middle,front_middle,middle,inlet,21.52,normalized-temperature,good,t5519
2025-12-31T09:15:00Z,cab-a01,sensor-bottom,front_bottom,bottom,inlet,20.62,normalized-temperature,good,t5520
2025-12-31T09:20:00Z,cab-a01,sensor-top,front_top,top,inlet,22.604,normalized-temperature,good,t5521
2025-12-31T09:20:00Z,cab-a01,sensor-middle,front_middle,middle,inlet,21.504,normalized-temperature,good,t5522
2025-12-31T09:20:00Z,cab-a01,sensor-bottom,front_bottom,bottom,inlet,20.604,normalized-temperature,good,t5523
2025-12-31T09:25:00Z,cab-a01,sensor-top,front_top,top,inlet,22.587,normalized-temperature,good,t5524
2025-12-31T09:25:00Z,cab-a01,sensor-middle,front_middle,middle,inlet,21.487,normalized-temperature,good,t5525
2025-12-31T09:25:00Z,cab-a01,sensor-bottom,front_bottom,bottom,inlet,20.587,normalized-temperature,good,t5526
2025-12-31T09:30:00Z,cab-a01,sensor-top,front_top,top,inlet,22.571,normalized-temperature,good,t5527
2025-12-31T09:30:00Z,cab-a01,sensor-middle,front_middle,middle,inlet,21.471,normalized-temperature,good,t5528
2025-12-31T09:30:00Z,cab-a01,sensor-bottom,front_bottom,bottom,inlet,20.571,normalized-temperature,good,t5529
2025-12-31T09:35:00Z,cab-a01,sensor-top,front_top,top,inlet,22.555,normalized-temperature,good,t5530
2025-12-31T09:35:00Z,cab-a01,sensor-middle,front_middle,middle,inlet,21.455,normalized-temperature,good,t5531
2025-12-31T09:35:00Z,cab-a01,sensor-bottom,front_bottom,bottom,inlet,20.555,normalized-temperature,good,t5532
2025-12-31T09:40:00Z,cab-a01,sensor-top,front_top,top,inlet,22.539,normalized-temperature,good,t5533
2025-12-31T09:40:00Z,cab-a01,sensor-middle,front_middle,middle,inlet,21.439,normalized-temperature,good,t5534
2025-12-31T09:40:00Z,cab-a01,sensor-bottom,front_bottom,bottom,inlet,20.539,normalized-temperature,good,t5535
2025-12-31T09:45:00Z,cab-a01,sensor-top,front_top,top,inlet,22.524,normalized-temperature,good,t5536
2025-12-31T09:45:00Z,cab-a01,sensor-middle,front_middle,middle,inlet,21.424,normalized-temperature,good,t5537
2025-12-31T09:45:00Z,cab-a01,sensor-bottom,front_bottom,bottom,inlet,20.524,normalized-temperature,good,t5538
2025-12-31T09:50:00Z,cab-a01,sensor-top,front_top,top,inlet,22.509,normalized-temperature,good,t5539
2025-12-31T09:50:00Z,cab-a01,sensor-middle,front_middle,middle,inlet,21.409,normalized-temperature,good,t5540
2025-12-31T09:50:00Z,cab-a01,sensor-bottom,front_bottom,bottom,inlet,20.509,normalized-temperature,good,t5541
2025-12-31T09:55:00Z,cab-a01,sensor-top,front_top,top,inlet,22.495,normalized-temperature,good,t5542
2025-12-31T09:55:00Z,cab-a01,sensor-middle,front_middle,middle,inlet,21.395,normalized-temperature,good,t5543
2025-12-31T09:55:00Z,cab-a01,sensor-bottom,front_bottom,bottom,inlet,20.495,normalized-temperature,good,t5544
2025-12-31T10:00:00Z,cab-a01,sensor-top,front_top,top,inlet,22.482,normalized-temperature,good,t5545
2025-12-31T10:00:00Z,cab-a01,sensor-middle,front_middle,middle,inlet,21.382,normalized-temperature,good,t5546
2025-12-31T10:00:00Z,cab-a01,sensor-bottom,front_bottom,bottom,inlet,20.482,normalized-temperature,good,t5547
2025-12-31T10:05:00Z,cab-a01,sensor-top,front_top,top,inlet,22.469,normalized-temperature,good,t5548
2025-12-31T10:05:00Z,cab-a01,sensor-middle,front_middle,middle,inlet,21.369,normalized-temperature,good,t5549
2025-12-31T10:05:00Z,cab-a01,sensor-bottom,front_bottom,bottom,inlet,20.469,normalized-temperature,good,t5550
2025-12-31T10:10:00Z,cab-a01,sensor-top,front_top,top,inlet,22.457,normalized-temperature,good,t5551
2025-12-31T10:10:00Z,cab-a01,sensor-middle,front_middle,middle,inlet,21.357,normalized-temperature,good,t5552
2025-12-31T10:10:00Z,cab-a01,sensor-bottom,front_bottom,bottom,inlet,20.457,normalized-temperature,good,t5553
2025-12-31T10:15:00Z,cab-a01,sensor-top,front_top,top,inlet,22.446,normalized-temperature,good,t5554
2025-12-31T10:15:00Z,cab-a01,sensor-middle,front_middle,middle,inlet,21.346,normalized-temperature,good,t5555
2025-12-31T10:15:00Z,cab-a01,sensor-bottom,front_bottom,bottom,inlet,20.446,normalized-temperature,good,t5556
2025-12-31T10:20:00Z,cab-a01,sensor-top,front_top,top,inlet,22.435,normalized-temperature,good,t5557
2025-12-31T10:20:00Z,cab-a01,sensor-middle,front_middle,middle,inlet,21.335,normalized-temperature,good,t5558
2025-12-31T10:20:00Z,cab-a01,sensor-bottom,front_bottom,bottom,inlet,20.435,normalized-temperature,good,t5559
2025-12-31T10:25:00Z,cab-a01,sensor-top,front_top,top,inlet,22.425,normalized-temperature,good,t5560
2025-12-31T10:25:00Z,cab-a01,sensor-middle,front_middle,middle,inlet,21.325,normalized-temperature,good,t5561
2025-12-31T10:25:00Z,cab-a01,sensor-bottom,front_bottom,bottom,inlet,20.425,normalized-temperature,good,t5562
2025-12-31T10:30:00Z,cab-a01,sensor-top,front_top,top,inlet,22.416,normalized-temperature,good,t5563
2025-12-31T10:30:00Z,cab-a01,sensor-middle,front_middle,middle,inlet,21.316,normalized-temperature,good,t5564
2025-12-31T10:30:00Z,cab-a01,sensor-bottom,front_bottom,bottom,inlet,20.416,normalized-temperature,good,t5565
2025-12-31T10:35:00Z,cab-a01,sensor-top,front_top,top,inlet,22.408,normalized-temperature,good,t5566
2025-12-31T10:35:00Z,cab-a01,sensor-middle,front_middle,middle,inlet,21.308,normalized-temperature,good,t5567
2025-12-31T10:35:00Z,cab-a01,sensor-bottom,front_bottom,bottom,inlet,20.408,normalized-temperature,good,t5568
2025-12-31T10:40:00Z,cab-a01,sensor-top,front_top,top,inlet,22.401,normalized-temperature,good,t5569
2025-12-31T10:40:00Z,cab-a01,sensor-middle,front_middle,middle,inlet,21.301,normalized-temperature,good,t5570
2025-12-31T10:40:00Z,cab-a01,sensor-bottom,front_bottom,bottom,inlet,20.401,normalized-temperature,good,t5571
2025-12-31T10:45:00Z,cab-a01,sensor-top,front_top,top,inlet,22.394,normalized-temperature,good,t5572
2025-12-31T10:45:00Z,cab-a01,sensor-middle,front_middle,middle,inlet,21.294,normalized-temperature,good,t5573
2025-12-31T10:45:00Z,cab-a01,sensor-bottom,front_bottom,bottom,inlet,20.394,normalized-temperature,good,t5574
2025-12-31T10:50:00Z,cab-a01,sensor-top,front_top,top,inlet,22.389,normalized-temperature,good,t5575
2025-12-31T10:50:00Z,cab-a01,sensor-middle,front_middle,middle,inlet,21.289,normalized-temperature,good,t5576
2025-12-31T10:50:00Z,cab-a01,sensor-bottom,front_bottom,bottom,inlet,20.389,normalized-temperature,good,t5577
2025-12-31T10:55:00Z,cab-a01,sensor-top,front_top,top,inlet,22.384,normalized-temperature,good,t5578
2025-12-31T10:55:00Z,cab-a01,sensor-middle,front_middle,middle,inlet,21.284,normalized-temperature,good,t5579
2025-12-31T10:55:00Z,cab-a01,sensor-bottom,front_bottom,bottom,inlet,20.384,normalized-temperature,good,t5580
2025-12-31T11:00:00Z,cab-a01,sensor-top,front_top,top,inlet,22.38,normalized-temperature,good,t5581
2025-12-31T11:00:00Z,cab-a01,sensor-middle,front_middle,middle,inlet,21.28,normalized-temperature,good,t5582
2025-12-31T11:00:00Z,cab-a01,sensor-bottom,front_bottom,bottom,inlet,20.38,normalized-temperature,good,t5583
2025-12-31T11:05:00Z,cab-a01,sensor-top,front_top,top,inlet,22.376,normalized-temperature,good,t5584
2025-12-31T11:05:00Z,cab-a01,sensor-middle,front_middle,middle,inlet,21.276,normalized-temperature,good,t5585
2025-12-31T11:05:00Z,cab-a01,sensor-bottom,front_bottom,bottom,inlet,20.376,normalized-temperature,good,t5586
2025-12-31T11:10:00Z,cab-a01,sensor-top,front_top,top,inlet,22.373,normalized-temperature,good,t5587
2025-12-31T11:10:00Z,cab-a01,sensor-middle,front_middle,middle,inlet,21.273,normalized-temperature,good,t5588
2025-12-31T11:10:00Z,cab-a01,sensor-bottom,front_bottom,bottom,inlet,20.373,normalized-temperature,good,t5589
2025-12-31T11:15:00Z,cab-a01,sensor-top,front_top,top,inlet,22.371,normalized-temperature,good,t5590
2025-12-31T11:15:00Z,cab-a01,sensor-middle,front_middle,middle,inlet,21.271,normalized-temperature,good,t5591
2025-12-31T11:15:00Z,cab-a01,sensor-bottom,front_bottom,bottom,inlet,20.371,normalized-temperature,good,t5592
2025-12-31T11:20:00Z,cab-a01,sensor-top,front_top,top,inlet,22.37,normalized-temperature,good,t5593
2025-12-31T11:20:00Z,cab-a01,sensor-middle,front_middle,middle,inlet,21.27,normalized-temperature,good,t5594
2025-12-31T11:20:00Z,cab-a01,sensor-bottom,front_bottom,bottom,inlet,20.37,normalized-temperature,good,t5595
2025-12-31T11:25:00Z,cab-a01,sensor-top,front_top,top,inlet,22.369,normalized-temperature,good,t5596
2025-12-31T11:25:00Z,cab-a01,sensor-middle,front_middle,middle,inlet,21.269,normalized-temperature,good,t5597
2025-12-31T11:25:00Z,cab-a01,sensor-bottom,front_bottom,bottom,inlet,20.369,normalized-temperature,good,t5598
2025-12-31T11:30:00Z,cab-a01,sensor-top,front_top,top,inlet,22.368,normalized-temperature,good,t5599
2025-12-31T11:30:00Z,cab-a01,sensor-middle,front_middle,middle,inlet,21.268,normalized-temperature,good,t5600
2025-12-31T11:30:00Z,cab-a01,sensor-bottom,front_bottom,bottom,inlet,20.368,normalized-temperature,good,t5601
2025-12-31T11:35:00Z,cab-a01,sensor-top,front_top,top,inlet,22.368,normalized-temperature,good,t5602
2025-12-31T11:35:00Z,cab-a01,sensor-middle,front_middle,middle,inlet,21.268,normalized-temperature,good,t5603
2025-12-31T11:35:00Z,cab-a01,sensor-bottom,front_bottom,bottom,inlet,20.368,normalized-temperature,good,t5604
2025-12-31T11:40:00Z,cab-a01,sensor-top,front_top,top,inlet,22.368,normalized-temperature,good,t5605
2025-12-31T11:40:00Z,cab-a01,sensor-middle,front_middle,middle,inlet,21.268,normalized-temperature,good,t5606
2025-12-31T11:40:00Z,cab-a01,sensor-bottom,front_bottom,bottom,inlet,20.368,normalized-temperature,good,t5607
2025-12-31T11:45:00Z,cab-a01,sensor-top,front_top,top,inlet,22.369,normalized-temperature,good,t5608
2025-12-31T11:45:00Z,cab-a01,sensor-middle,front_middle,middle,inlet,21.269,normalized-temperature,good,t5609
2025-12-31T11:45:00Z,cab-a01,sensor-bottom,front_bottom,bottom,inlet,20.369,normalized-temperature,good,t5610
2025-12-31T11:50:00Z,cab-a01,sensor-top,front_top,top,inlet,22.37,normalized-temperature,good,t5611
2025-12-31T11:50:00Z,cab-a01,sensor-middle,front_middle,middle,inlet,21.27,normalized-temperature,good,t5612
2025-12-31T11:50:00Z,cab-a01,sensor-bottom,front_bottom,bottom,inlet,20.37,normalized-temperature,good,t5613
2025-12-31T11:55:00Z,cab-a01,sensor-top,front_top,top,inlet,22.371,normalized-temperature,good,t5614
2025-12-31T11:55:00Z,cab-a01,sensor-middle,front_middle,middle,inlet,21.271,normalized-temperature,good,t5615
2025-12-31T11:55:00Z,cab-a01,sensor-bottom,front_bottom,bottom,inlet,20.371,normalized-temperature,good,t5616
2025-12-31T12:00:00Z,cab-a01,sensor-top,front_top,top,inlet,22.372,normalized-temperature,good,t5617
2025-12-31T12:00:00Z,cab-a01,sensor-middle,front_middle,middle,inlet,21.272,normalized-temperature,good,t5618
2025-12-31T12:00:00Z,cab-a01,sensor-bottom,front_bottom,bottom,inlet,20.372,normalized-temperature,good,t5619
2025-12-31T12:05:00Z,cab-a01,sensor-top,front_top,top,inlet,22.373,normalized-temperature,good,t5620
2025-12-31T12:05:00Z,cab-a01,sensor-middle,front_middle,middle,inlet,21.273,normalized-temperature,good,t5621
2025-12-31T12:05:00Z,cab-a01,sensor-bottom,front_bottom,bottom,inlet,20.373,normalized-temperature,good,t5622
2025-12-31T12:10:00Z,cab-a01,sensor-top,front_top,top,inlet,22.374,normalized-temperature,good,t5623
2025-12-31T12:10:00Z,cab-a01,sensor-middle,front_middle,middle,inlet,21.274,normalized-temperature,good,t5624
2025-12-31T12:10:00Z,cab-a01,sensor-bottom,front_bottom,bottom,inlet,20.374,normalized-temperature,good,t5625
2025-12-31T12:15:00Z,cab-a01,sensor-top,front_top,top,inlet,22.376,normalized-temperature,good,t5626
2025-12-31T12:15:00Z,cab-a01,sensor-middle,front_middle,middle,inlet,21.276,normalized-temperature,good,t5627
2025-12-31T12:15:00Z,cab-a01,sensor-bottom,front_bottom,bottom,inlet,20.376,normalized-temperature,good,t5628
2025-12-31T12:20:00Z,cab-a01,sensor-top,front_top,top,inlet,22.376,normalized-temperature,good,t5629
2025-12-31T12:20:00Z,cab-a01,sensor-middle,front_middle,middle,inlet,21.276,normalized-temperature,good,t5630
2025-12-31T12:20:00Z,cab-a01,sensor-bottom,front_bottom,bottom,inlet,20.376,normalized-temperature,good,t5631
2025-12-31T12:25:00Z,cab-a01,sensor-top,front_top,top,inlet,22.377,normalized-temperature,good,t5632
2025-12-31T12:25:00Z,cab-a01,sensor-middle,front_middle,middle,inlet,21.277,normalized-temperature,good,t5633
2025-12-31T12:25:00Z,cab-a01,sensor-bottom,front_bottom,bottom,inlet,20.377,normalized-temperature,good,t5634
2025-12-31T12:30:00Z,cab-a01,sensor-top,front_top,top,inlet,22.378,normalized-temperature,good,t5635
2025-12-31T12:30:00Z,cab-a01,sensor-middle,front_middle,middle,inlet,21.278,normalized-temperature,good,t5636
2025-12-31T12:30:00Z,cab-a01,sensor-bottom,front_bottom,bottom,inlet,20.378,normalized-temperature,good,t5637
2025-12-31T12:35:00Z,cab-a01,sensor-top,front_top,top,inlet,22.378,normalized-temperature,good,t5638
2025-12-31T12:35:00Z,cab-a01,sensor-middle,front_middle,middle,inlet,21.278,normalized-temperature,good,t5639
2025-12-31T12:35:00Z,cab-a01,sensor-bottom,front_bottom,bottom,inlet,20.378,normalized-temperature,good,t5640
2025-12-31T12:40:00Z,cab-a01,sensor-top,front_top,top,inlet,22.377,normalized-temperature,good,t5641
2025-12-31T12:40:00Z,cab-a01,sensor-middle,front_middle,middle,inlet,21.277,normalized-temperature,good,t5642
2025-12-31T12:40:00Z,cab-a01,sensor-bottom,front_bottom,bottom,inlet,20.377,normalized-temperature,good,t5643
2025-12-31T12:45:00Z,cab-a01,sensor-top,front_top,top,inlet,22.376,normalized-temperature,good,t5644
2025-12-31T12:45:00Z,cab-a01,sensor-middle,front_middle,middle,inlet,21.276,normalized-temperature,good,t5645
2025-12-31T12:45:00Z,cab-a01,sensor-bottom,front_bottom,bottom,inlet,20.376,normalized-temperature,good,t5646
2025-12-31T12:50:00Z,cab-a01,sensor-top,front_top,top,inlet,22.375,normalized-temperature,good,t5647
2025-12-31T12:50:00Z,cab-a01,sensor-middle,front_middle,middle,inlet,21.275,normalized-temperature,good,t5648
2025-12-31T12:50:00Z,cab-a01,sensor-bottom,front_bottom,bottom,inlet,20.375,normalized-temperature,good,t5649
2025-12-31T12:55:00Z,cab-a01,sensor-top,front_top,top,inlet,22.373,normalized-temperature,good,t5650
2025-12-31T12:55:00Z,cab-a01,sensor-middle,front_middle,middle,inlet,21.273,normalized-temperature,good,t5651
2025-12-31T12:55:00Z,cab-a01,sensor-bottom,front_bottom,bottom,inlet,20.373,normalized-temperature,good,t5652
2025-12-31T13:00:00Z,cab-a01,sensor-top,front_top,top,inlet,22.371,normalized-temperature,good,t5653
2025-12-31T13:00:00Z,cab-a01,sensor-middle,front_middle,middle,inlet,21.271,normalized-temperature,good,t5654
2025-12-31T13:00:00Z,cab-a01,sensor-bottom,front_bottom,bottom,inlet,20.371,normalized-temperature,good,t5655
2025-12-31T13:05:00Z,cab-a01,sensor-top,front_top,top,inlet,22.368,normalized-temperature,good,t5656
2025-12-31T13:05:00Z,cab-a01,sensor-middle,front_middle,middle,inlet,21.268,normalized-temperature,good,t5657
2025-12-31T13:05:00Z,cab-a01,sensor-bottom,front_bottom,bottom,inlet,20.368,normalized-temperature,good,t5658
2025-12-31T13:10:00Z,cab-a01,sensor-top,front_top,top,inlet,22.364,normalized-temperature,good,t5659
2025-12-31T13:10:00Z,cab-a01,sensor-middle,front_middle,middle,inlet,21.264,normalized-temperature,good,t5660
2025-12-31T13:10:00Z,cab-a01,sensor-bottom,front_bottom,bottom,inlet,20.364,normalized-temperature,good,t5661
2025-12-31T13:15:00Z,cab-a01,sensor-top,front_top,top,inlet,22.359,normalized-temperature,good,t5662
2025-12-31T13:15:00Z,cab-a01,sensor-middle,front_middle,middle,inlet,21.259,normalized-temperature,good,t5663
2025-12-31T13:15:00Z,cab-a01,sensor-bottom,front_bottom,bottom,inlet,20.359,normalized-temperature,good,t5664
2025-12-31T13:20:00Z,cab-a01,sensor-top,front_top,top,inlet,22.354,normalized-temperature,good,t5665
2025-12-31T13:20:00Z,cab-a01,sensor-middle,front_middle,middle,inlet,21.254,normalized-temperature,good,t5666
2025-12-31T13:20:00Z,cab-a01,sensor-bottom,front_bottom,bottom,inlet,20.354,normalized-temperature,good,t5667
2025-12-31T13:25:00Z,cab-a01,sensor-top,front_top,top,inlet,22.348,normalized-temperature,good,t5668
2025-12-31T13:25:00Z,cab-a01,sensor-middle,front_middle,middle,inlet,21.248,normalized-temperature,good,t5669
2025-12-31T13:25:00Z,cab-a01,sensor-bottom,front_bottom,bottom,inlet,20.348,normalized-temperature,good,t5670
2025-12-31T13:30:00Z,cab-a01,sensor-top,front_top,top,inlet,22.342,normalized-temperature,good,t5671
2025-12-31T13:30:00Z,cab-a01,sensor-middle,front_middle,middle,inlet,21.242,normalized-temperature,good,t5672
2025-12-31T13:30:00Z,cab-a01,sensor-bottom,front_bottom,bottom,inlet,20.342,normalized-temperature,good,t5673
2025-12-31T13:35:00Z,cab-a01,sensor-top,front_top,top,inlet,22.334,normalized-temperature,good,t5674
2025-12-31T13:35:00Z,cab-a01,sensor-middle,front_middle,middle,inlet,21.234,normalized-temperature,good,t5675
2025-12-31T13:35:00Z,cab-a01,sensor-bottom,front_bottom,bottom,inlet,20.334,normalized-temperature,good,t5676
2025-12-31T13:40:00Z,cab-a01,sensor-top,front_top,top,inlet,22.326,normalized-temperature,good,t5677
2025-12-31T13:40:00Z,cab-a01,sensor-middle,front_middle,middle,inlet,21.226,normalized-temperature,good,t5678
2025-12-31T13:40:00Z,cab-a01,sensor-bottom,front_bottom,bottom,inlet,20.326,normalized-temperature,good,t5679
2025-12-31T13:45:00Z,cab-a01,sensor-top,front_top,top,inlet,22.317,normalized-temperature,good,t5680
2025-12-31T13:45:00Z,cab-a01,sensor-middle,front_middle,middle,inlet,21.217,normalized-temperature,good,t5681
2025-12-31T13:45:00Z,cab-a01,sensor-bottom,front_bottom,bottom,inlet,20.317,normalized-temperature,good,t5682
2025-12-31T13:50:00Z,cab-a01,sensor-top,front_top,top,inlet,22.308,normalized-temperature,good,t5683
2025-12-31T13:50:00Z,cab-a01,sensor-middle,front_middle,middle,inlet,21.208,normalized-temperature,good,t5684
2025-12-31T13:50:00Z,cab-a01,sensor-bottom,front_bottom,bottom,inlet,20.308,normalized-temperature,good,t5685
2025-12-31T13:55:00Z,cab-a01,sensor-top,front_top,top,inlet,22.298,normalized-temperature,good,t5686
2025-12-31T13:55:00Z,cab-a01,sensor-middle,front_middle,middle,inlet,21.198,normalized-temperature,good,t5687
2025-12-31T13:55:00Z,cab-a01,sensor-bottom,front_bottom,bottom,inlet,20.298,normalized-temperature,good,t5688
2025-12-31T14:00:00Z,cab-a01,sensor-top,front_top,top,inlet,22.287,normalized-temperature,good,t5689
2025-12-31T14:00:00Z,cab-a01,sensor-middle,front_middle,middle,inlet,21.187,normalized-temperature,good,t5690
2025-12-31T14:00:00Z,cab-a01,sensor-bottom,front_bottom,bottom,inlet,20.287,normalized-temperature,good,t5691
2025-12-31T14:05:00Z,cab-a01,sensor-top,front_top,top,inlet,22.276,normalized-temperature,good,t5692
2025-12-31T14:05:00Z,cab-a01,sensor-middle,front_middle,middle,inlet,21.176,normalized-temperature,good,t5693
2025-12-31T14:05:00Z,cab-a01,sensor-bottom,front_bottom,bottom,inlet,20.276,normalized-temperature,good,t5694
2025-12-31T14:10:00Z,cab-a01,sensor-top,front_top,top,inlet,22.264,normalized-temperature,good,t5695
2025-12-31T14:10:00Z,cab-a01,sensor-middle,front_middle,middle,inlet,21.164,normalized-temperature,good,t5696
2025-12-31T14:10:00Z,cab-a01,sensor-bottom,front_bottom,bottom,inlet,20.264,normalized-temperature,good,t5697
2025-12-31T14:15:00Z,cab-a01,sensor-top,front_top,top,inlet,22.251,normalized-temperature,good,t5698
2025-12-31T14:15:00Z,cab-a01,sensor-middle,front_middle,middle,inlet,21.151,normalized-temperature,good,t5699
2025-12-31T14:15:00Z,cab-a01,sensor-bottom,front_bottom,bottom,inlet,20.251,normalized-temperature,good,t5700
2025-12-31T14:20:00Z,cab-a01,sensor-top,front_top,top,inlet,22.239,normalized-temperature,good,t5701
2025-12-31T14:20:00Z,cab-a01,sensor-middle,front_middle,middle,inlet,21.139,normalized-temperature,good,t5702
2025-12-31T14:20:00Z,cab-a01,sensor-bottom,front_bottom,bottom,inlet,20.239,normalized-temperature,good,t5703
2025-12-31T14:25:00Z,cab-a01,sensor-top,front_top,top,inlet,22.225,normalized-temperature,good,t5704
2025-12-31T14:25:00Z,cab-a01,sensor-middle,front_middle,middle,inlet,21.125,normalized-temperature,good,t5705
2025-12-31T14:25:00Z,cab-a01,sensor-bottom,front_bottom,bottom,inlet,20.225,normalized-temperature,good,t5706
2025-12-31T14:30:00Z,cab-a01,sensor-top,front_top,top,inlet,22.212,normalized-temperature,good,t5707
2025-12-31T14:30:00Z,cab-a01,sensor-middle,front_middle,middle,inlet,21.112,normalized-temperature,good,t5708
2025-12-31T14:30:00Z,cab-a01,sensor-bottom,front_bottom,bottom,inlet,20.212,normalized-temperature,good,t5709
2025-12-31T14:35:00Z,cab-a01,sensor-top,front_top,top,inlet,22.198,normalized-temperature,good,t5710
2025-12-31T14:35:00Z,cab-a01,sensor-middle,front_middle,middle,inlet,21.098,normalized-temperature,good,t5711
2025-12-31T14:35:00Z,cab-a01,sensor-bottom,front_bottom,bottom,inlet,20.198,normalized-temperature,good,t5712
2025-12-31T14:40:00Z,cab-a01,sensor-top,front_top,top,inlet,22.184,normalized-temperature,good,t5713
2025-12-31T14:40:00Z,cab-a01,sensor-middle,front_middle,middle,inlet,21.084,normalized-temperature,good,t5714
2025-12-31T14:40:00Z,cab-a01,sensor-bottom,front_bottom,bottom,inlet,20.184,normalized-temperature,good,t5715
2025-12-31T14:45:00Z,cab-a01,sensor-top,front_top,top,inlet,22.169,normalized-temperature,good,t5716
2025-12-31T14:45:00Z,cab-a01,sensor-middle,front_middle,middle,inlet,21.069,normalized-temperature,good,t5717
2025-12-31T14:45:00Z,cab-a01,sensor-bottom,front_bottom,bottom,inlet,20.169,normalized-temperature,good,t5718
2025-12-31T14:50:00Z,cab-a01,sensor-top,front_top,top,inlet,22.155,normalized-temperature,good,t5719
2025-12-31T14:50:00Z,cab-a01,sensor-middle,front_middle,middle,inlet,21.055,normalized-temperature,good,t5720
2025-12-31T14:50:00Z,cab-a01,sensor-bottom,front_bottom,bottom,inlet,20.155,normalized-temperature,good,t5721
2025-12-31T14:55:00Z,cab-a01,sensor-top,front_top,top,inlet,22.141,normalized-temperature,good,t5722
2025-12-31T14:55:00Z,cab-a01,sensor-middle,front_middle,middle,inlet,21.041,normalized-temperature,good,t5723
2025-12-31T14:55:00Z,cab-a01,sensor-bottom,front_bottom,bottom,inlet,20.141,normalized-temperature,good,t5724
2025-12-31T15:00:00Z,cab-a01,sensor-top,front_top,top,inlet,22.127,normalized-temperature,good,t5725
2025-12-31T15:00:00Z,cab-a01,sensor-middle,front_middle,middle,inlet,21.027,normalized-temperature,good,t5726
2025-12-31T15:00:00Z,cab-a01,sensor-bottom,front_bottom,bottom,inlet,20.127,normalized-temperature,good,t5727
2025-12-31T15:05:00Z,cab-a01,sensor-top,front_top,top,inlet,22.113,normalized-temperature,good,t5728
2025-12-31T15:05:00Z,cab-a01,sensor-middle,front_middle,middle,inlet,21.013,normalized-temperature,good,t5729
2025-12-31T15:05:00Z,cab-a01,sensor-bottom,front_bottom,bottom,inlet,20.113,normalized-temperature,good,t5730
2025-12-31T15:10:00Z,cab-a01,sensor-top,front_top,top,inlet,22.099,normalized-temperature,good,t5731
2025-12-31T15:10:00Z,cab-a01,sensor-middle,front_middle,middle,inlet,20.999,normalized-temperature,good,t5732
2025-12-31T15:10:00Z,cab-a01,sensor-bottom,front_bottom,bottom,inlet,20.099,normalized-temperature,good,t5733
2025-12-31T15:15:00Z,cab-a01,sensor-top,front_top,top,inlet,22.085,normalized-temperature,good,t5734
2025-12-31T15:15:00Z,cab-a01,sensor-middle,front_middle,middle,inlet,20.985,normalized-temperature,good,t5735
2025-12-31T15:15:00Z,cab-a01,sensor-bottom,front_bottom,bottom,inlet,20.085,normalized-temperature,good,t5736
2025-12-31T15:20:00Z,cab-a01,sensor-top,front_top,top,inlet,22.072,normalized-temperature,good,t5737
2025-12-31T15:20:00Z,cab-a01,sensor-middle,front_middle,middle,inlet,20.972,normalized-temperature,good,t5738
2025-12-31T15:20:00Z,cab-a01,sensor-bottom,front_bottom,bottom,inlet,20.072,normalized-temperature,good,t5739
2025-12-31T15:25:00Z,cab-a01,sensor-top,front_top,top,inlet,22.06,normalized-temperature,good,t5740
2025-12-31T15:25:00Z,cab-a01,sensor-middle,front_middle,middle,inlet,20.96,normalized-temperature,good,t5741
2025-12-31T15:25:00Z,cab-a01,sensor-bottom,front_bottom,bottom,inlet,20.06,normalized-temperature,good,t5742
2025-12-31T15:30:00Z,cab-a01,sensor-top,front_top,top,inlet,22.047,normalized-temperature,good,t5743
2025-12-31T15:30:00Z,cab-a01,sensor-middle,front_middle,middle,inlet,20.947,normalized-temperature,good,t5744
2025-12-31T15:30:00Z,cab-a01,sensor-bottom,front_bottom,bottom,inlet,20.047,normalized-temperature,good,t5745
2025-12-31T15:35:00Z,cab-a01,sensor-top,front_top,top,inlet,22.036,normalized-temperature,good,t5746
2025-12-31T15:35:00Z,cab-a01,sensor-middle,front_middle,middle,inlet,20.936,normalized-temperature,good,t5747
2025-12-31T15:35:00Z,cab-a01,sensor-bottom,front_bottom,bottom,inlet,20.036,normalized-temperature,good,t5748
2025-12-31T15:40:00Z,cab-a01,sensor-top,front_top,top,inlet,22.025,normalized-temperature,good,t5749
2025-12-31T15:40:00Z,cab-a01,sensor-middle,front_middle,middle,inlet,20.925,normalized-temperature,good,t5750
2025-12-31T15:40:00Z,cab-a01,sensor-bottom,front_bottom,bottom,inlet,20.025,normalized-temperature,good,t5751
2025-12-31T15:45:00Z,cab-a01,sensor-top,front_top,top,inlet,22.015,normalized-temperature,good,t5752
2025-12-31T15:45:00Z,cab-a01,sensor-middle,front_middle,middle,inlet,20.915,normalized-temperature,good,t5753
2025-12-31T15:45:00Z,cab-a01,sensor-bottom,front_bottom,bottom,inlet,20.015,normalized-temperature,good,t5754
2025-12-31T15:50:00Z,cab-a01,sensor-top,front_top,top,inlet,22.006,normalized-temperature,good,t5755
2025-12-31T15:50:00Z,cab-a01,sensor-middle,front_middle,middle,inlet,20.906,normalized-temperature,good,t5756
2025-12-31T15:50:00Z,cab-a01,sensor-bottom,front_bottom,bottom,inlet,20.006,normalized-temperature,good,t5757
2025-12-31T15:55:00Z,cab-a01,sensor-top,front_top,top,inlet,21.997,normalized-temperature,good,t5758
2025-12-31T15:55:00Z,cab-a01,sensor-middle,front_middle,middle,inlet,20.897,normalized-temperature,good,t5759
2025-12-31T15:55:00Z,cab-a01,sensor-bottom,front_bottom,bottom,inlet,19.997,normalized-temperature,good,t5760
2025-12-31T16:00:00Z,cab-a01,sensor-top,front_top,top,inlet,21.989,normalized-temperature,good,t5761
2025-12-31T16:00:00Z,cab-a01,sensor-middle,front_middle,middle,inlet,20.889,normalized-temperature,good,t5762
2025-12-31T16:00:00Z,cab-a01,sensor-bottom,front_bottom,bottom,inlet,19.989,normalized-temperature,good,t5763
2025-12-31T16:05:00Z,cab-a01,sensor-top,front_top,top,inlet,21.982,normalized-temperature,good,t5764
2025-12-31T16:05:00Z,cab-a01,sensor-middle,front_middle,middle,inlet,20.882,normalized-temperature,good,t5765
2025-12-31T16:05:00Z,cab-a01,sensor-bottom,front_bottom,bottom,inlet,19.982,normalized-temperature,good,t5766
2025-12-31T16:10:00Z,cab-a01,sensor-top,front_top,top,inlet,21.977,normalized-temperature,good,t5767
2025-12-31T16:10:00Z,cab-a01,sensor-middle,front_middle,middle,inlet,20.877,normalized-temperature,good,t5768
2025-12-31T16:10:00Z,cab-a01,sensor-bottom,front_bottom,bottom,inlet,19.977,normalized-temperature,good,t5769
2025-12-31T16:15:00Z,cab-a01,sensor-top,front_top,top,inlet,21.972,normalized-temperature,good,t5770
2025-12-31T16:15:00Z,cab-a01,sensor-middle,front_middle,middle,inlet,20.872,normalized-temperature,good,t5771
2025-12-31T16:15:00Z,cab-a01,sensor-bottom,front_bottom,bottom,inlet,19.972,normalized-temperature,good,t5772
2025-12-31T16:20:00Z,cab-a01,sensor-top,front_top,top,inlet,21.968,normalized-temperature,good,t5773
2025-12-31T16:20:00Z,cab-a01,sensor-middle,front_middle,middle,inlet,20.868,normalized-temperature,good,t5774
2025-12-31T16:20:00Z,cab-a01,sensor-bottom,front_bottom,bottom,inlet,19.968,normalized-temperature,good,t5775
2025-12-31T16:25:00Z,cab-a01,sensor-top,front_top,top,inlet,21.965,normalized-temperature,good,t5776
2025-12-31T16:25:00Z,cab-a01,sensor-middle,front_middle,middle,inlet,20.865,normalized-temperature,good,t5777
2025-12-31T16:25:00Z,cab-a01,sensor-bottom,front_bottom,bottom,inlet,19.965,normalized-temperature,good,t5778
2025-12-31T16:30:00Z,cab-a01,sensor-top,front_top,top,inlet,21.963,normalized-temperature,good,t5779
2025-12-31T16:30:00Z,cab-a01,sensor-middle,front_middle,middle,inlet,20.863,normalized-temperature,good,t5780
2025-12-31T16:30:00Z,cab-a01,sensor-bottom,front_bottom,bottom,inlet,19.963,normalized-temperature,good,t5781
2025-12-31T16:35:00Z,cab-a01,sensor-top,front_top,top,inlet,21.962,normalized-temperature,good,t5782
2025-12-31T16:35:00Z,cab-a01,sensor-middle,front_middle,middle,inlet,20.862,normalized-temperature,good,t5783
2025-12-31T16:35:00Z,cab-a01,sensor-bottom,front_bottom,bottom,inlet,19.962,normalized-temperature,good,t5784
2025-12-31T16:40:00Z,cab-a01,sensor-top,front_top,top,inlet,21.962,normalized-temperature,good,t5785
2025-12-31T16:40:00Z,cab-a01,sensor-middle,front_middle,middle,inlet,20.862,normalized-temperature,good,t5786
2025-12-31T16:40:00Z,cab-a01,sensor-bottom,front_bottom,bottom,inlet,19.962,normalized-temperature,good,t5787
2025-12-31T16:45:00Z,cab-a01,sensor-top,front_top,top,inlet,21.964,normalized-temperature,good,t5788
2025-12-31T16:45:00Z,cab-a01,sensor-middle,front_middle,middle,inlet,20.864,normalized-temperature,good,t5789
2025-12-31T16:45:00Z,cab-a01,sensor-bottom,front_bottom,bottom,inlet,19.964,normalized-temperature,good,t5790
2025-12-31T16:50:00Z,cab-a01,sensor-top,front_top,top,inlet,21.966,normalized-temperature,good,t5791
2025-12-31T16:50:00Z,cab-a01,sensor-middle,front_middle,middle,inlet,20.866,normalized-temperature,good,t5792
2025-12-31T16:50:00Z,cab-a01,sensor-bottom,front_bottom,bottom,inlet,19.966,normalized-temperature,good,t5793
2025-12-31T16:55:00Z,cab-a01,sensor-top,front_top,top,inlet,21.969,normalized-temperature,good,t5794
2025-12-31T16:55:00Z,cab-a01,sensor-middle,front_middle,middle,inlet,20.869,normalized-temperature,good,t5795
2025-12-31T16:55:00Z,cab-a01,sensor-bottom,front_bottom,bottom,inlet,19.969,normalized-temperature,good,t5796
2025-12-31T17:00:00Z,cab-a01,sensor-top,front_top,top,inlet,21.973,normalized-temperature,good,t5797
2025-12-31T17:00:00Z,cab-a01,sensor-middle,front_middle,middle,inlet,20.873,normalized-temperature,good,t5798
2025-12-31T17:00:00Z,cab-a01,sensor-bottom,front_bottom,bottom,inlet,19.973,normalized-temperature,good,t5799
2025-12-31T17:05:00Z,cab-a01,sensor-top,front_top,top,inlet,21.978,normalized-temperature,good,t5800
2025-12-31T17:05:00Z,cab-a01,sensor-middle,front_middle,middle,inlet,20.878,normalized-temperature,good,t5801
2025-12-31T17:05:00Z,cab-a01,sensor-bottom,front_bottom,bottom,inlet,19.978,normalized-temperature,good,t5802
2025-12-31T17:10:00Z,cab-a01,sensor-top,front_top,top,inlet,21.984,normalized-temperature,good,t5803
2025-12-31T17:10:00Z,cab-a01,sensor-middle,front_middle,middle,inlet,20.884,normalized-temperature,good,t5804
2025-12-31T17:10:00Z,cab-a01,sensor-bottom,front_bottom,bottom,inlet,19.984,normalized-temperature,good,t5805
2025-12-31T17:15:00Z,cab-a01,sensor-top,front_top,top,inlet,21.991,normalized-temperature,good,t5806
2025-12-31T17:15:00Z,cab-a01,sensor-middle,front_middle,middle,inlet,20.891,normalized-temperature,good,t5807
2025-12-31T17:15:00Z,cab-a01,sensor-bottom,front_bottom,bottom,inlet,19.991,normalized-temperature,good,t5808
2025-12-31T17:20:00Z,cab-a01,sensor-top,front_top,top,inlet,21.998,normalized-temperature,good,t5809
2025-12-31T17:20:00Z,cab-a01,sensor-middle,front_middle,middle,inlet,20.898,normalized-temperature,good,t5810
2025-12-31T17:20:00Z,cab-a01,sensor-bottom,front_bottom,bottom,inlet,19.998,normalized-temperature,good,t5811
2025-12-31T17:25:00Z,cab-a01,sensor-top,front_top,top,inlet,22.006,normalized-temperature,good,t5812
2025-12-31T17:25:00Z,cab-a01,sensor-middle,front_middle,middle,inlet,20.906,normalized-temperature,good,t5813
2025-12-31T17:25:00Z,cab-a01,sensor-bottom,front_bottom,bottom,inlet,20.006,normalized-temperature,good,t5814
2025-12-31T17:30:00Z,cab-a01,sensor-top,front_top,top,inlet,22.015,normalized-temperature,good,t5815
2025-12-31T17:30:00Z,cab-a01,sensor-middle,front_middle,middle,inlet,20.915,normalized-temperature,good,t5816
2025-12-31T17:30:00Z,cab-a01,sensor-bottom,front_bottom,bottom,inlet,20.015,normalized-temperature,good,t5817
2025-12-31T17:35:00Z,cab-a01,sensor-top,front_top,top,inlet,22.025,normalized-temperature,good,t5818
2025-12-31T17:35:00Z,cab-a01,sensor-middle,front_middle,middle,inlet,20.925,normalized-temperature,good,t5819
2025-12-31T17:35:00Z,cab-a01,sensor-bottom,front_bottom,bottom,inlet,20.025,normalized-temperature,good,t5820
2025-12-31T17:40:00Z,cab-a01,sensor-top,front_top,top,inlet,22.035,normalized-temperature,good,t5821
2025-12-31T17:40:00Z,cab-a01,sensor-middle,front_middle,middle,inlet,20.935,normalized-temperature,good,t5822
2025-12-31T17:40:00Z,cab-a01,sensor-bottom,front_bottom,bottom,inlet,20.035,normalized-temperature,good,t5823
2025-12-31T17:45:00Z,cab-a01,sensor-top,front_top,top,inlet,22.045,normalized-temperature,good,t5824
2025-12-31T17:45:00Z,cab-a01,sensor-middle,front_middle,middle,inlet,20.945,normalized-temperature,good,t5825
2025-12-31T17:45:00Z,cab-a01,sensor-bottom,front_bottom,bottom,inlet,20.045,normalized-temperature,good,t5826
2025-12-31T17:50:00Z,cab-a01,sensor-top,front_top,top,inlet,22.056,normalized-temperature,good,t5827
2025-12-31T17:50:00Z,cab-a01,sensor-middle,front_middle,middle,inlet,20.956,normalized-temperature,good,t5828
2025-12-31T17:50:00Z,cab-a01,sensor-bottom,front_bottom,bottom,inlet,20.056,normalized-temperature,good,t5829
2025-12-31T17:55:00Z,cab-a01,sensor-top,front_top,top,inlet,22.067,normalized-temperature,good,t5830
2025-12-31T17:55:00Z,cab-a01,sensor-middle,front_middle,middle,inlet,20.967,normalized-temperature,good,t5831
2025-12-31T17:55:00Z,cab-a01,sensor-bottom,front_bottom,bottom,inlet,20.067,normalized-temperature,good,t5832
2025-12-31T18:00:00Z,cab-a01,sensor-top,front_top,top,inlet,22.079,normalized-temperature,good,t5833
2025-12-31T18:00:00Z,cab-a01,sensor-middle,front_middle,middle,inlet,20.979,normalized-temperature,good,t5834
2025-12-31T18:00:00Z,cab-a01,sensor-bottom,front_bottom,bottom,inlet,20.079,normalized-temperature,good,t5835
2025-12-31T18:05:00Z,cab-a01,sensor-top,front_top,top,inlet,22.091,normalized-temperature,good,t5836
2025-12-31T18:05:00Z,cab-a01,sensor-middle,front_middle,middle,inlet,20.991,normalized-temperature,good,t5837
2025-12-31T18:05:00Z,cab-a01,sensor-bottom,front_bottom,bottom,inlet,20.091,normalized-temperature,good,t5838
2025-12-31T18:10:00Z,cab-a01,sensor-top,front_top,top,inlet,22.102,normalized-temperature,good,t5839
2025-12-31T18:10:00Z,cab-a01,sensor-middle,front_middle,middle,inlet,21.002,normalized-temperature,good,t5840
2025-12-31T18:10:00Z,cab-a01,sensor-bottom,front_bottom,bottom,inlet,20.102,normalized-temperature,good,t5841
2025-12-31T18:15:00Z,cab-a01,sensor-top,front_top,top,inlet,22.114,normalized-temperature,good,t5842
2025-12-31T18:15:00Z,cab-a01,sensor-middle,front_middle,middle,inlet,21.014,normalized-temperature,good,t5843
2025-12-31T18:15:00Z,cab-a01,sensor-bottom,front_bottom,bottom,inlet,20.114,normalized-temperature,good,t5844
2025-12-31T18:20:00Z,cab-a01,sensor-top,front_top,top,inlet,22.126,normalized-temperature,good,t5845
2025-12-31T18:20:00Z,cab-a01,sensor-middle,front_middle,middle,inlet,21.026,normalized-temperature,good,t5846
2025-12-31T18:20:00Z,cab-a01,sensor-bottom,front_bottom,bottom,inlet,20.126,normalized-temperature,good,t5847
2025-12-31T18:25:00Z,cab-a01,sensor-top,front_top,top,inlet,22.138,normalized-temperature,good,t5848
2025-12-31T18:25:00Z,cab-a01,sensor-middle,front_middle,middle,inlet,21.038,normalized-temperature,good,t5849
2025-12-31T18:25:00Z,cab-a01,sensor-bottom,front_bottom,bottom,inlet,20.138,normalized-temperature,good,t5850
2025-12-31T18:30:00Z,cab-a01,sensor-top,front_top,top,inlet,22.149,normalized-temperature,good,t5851
2025-12-31T18:30:00Z,cab-a01,sensor-middle,front_middle,middle,inlet,21.049,normalized-temperature,good,t5852
2025-12-31T18:30:00Z,cab-a01,sensor-bottom,front_bottom,bottom,inlet,20.149,normalized-temperature,good,t5853
2025-12-31T18:35:00Z,cab-a01,sensor-top,front_top,top,inlet,22.16,normalized-temperature,good,t5854
2025-12-31T18:35:00Z,cab-a01,sensor-middle,front_middle,middle,inlet,21.06,normalized-temperature,good,t5855
2025-12-31T18:35:00Z,cab-a01,sensor-bottom,front_bottom,bottom,inlet,20.16,normalized-temperature,good,t5856
2025-12-31T18:40:00Z,cab-a01,sensor-top,front_top,top,inlet,22.171,normalized-temperature,good,t5857
2025-12-31T18:40:00Z,cab-a01,sensor-middle,front_middle,middle,inlet,21.071,normalized-temperature,good,t5858
2025-12-31T18:40:00Z,cab-a01,sensor-bottom,front_bottom,bottom,inlet,20.171,normalized-temperature,good,t5859
2025-12-31T18:45:00Z,cab-a01,sensor-top,front_top,top,inlet,22.182,normalized-temperature,good,t5860
2025-12-31T18:45:00Z,cab-a01,sensor-middle,front_middle,middle,inlet,21.082,normalized-temperature,good,t5861
2025-12-31T18:45:00Z,cab-a01,sensor-bottom,front_bottom,bottom,inlet,20.182,normalized-temperature,good,t5862
2025-12-31T18:50:00Z,cab-a01,sensor-top,front_top,top,inlet,22.192,normalized-temperature,good,t5863
2025-12-31T18:50:00Z,cab-a01,sensor-middle,front_middle,middle,inlet,21.092,normalized-temperature,good,t5864
2025-12-31T18:50:00Z,cab-a01,sensor-bottom,front_bottom,bottom,inlet,20.192,normalized-temperature,good,t5865
2025-12-31T18:55:00Z,cab-a01,sensor-top,front_top,top,inlet,22.202,normalized-temperature,good,t5866
2025-12-31T18:55:00Z,cab-a01,sensor-middle,front_middle,middle,inlet,21.102,normalized-temperature,good,t5867
2025-12-31T18:55:00Z,cab-a01,sensor-bottom,front_bottom,bottom,inlet,20.202,normalized-temperature,good,t5868
2025-12-31T19:00:00Z,cab-a01,sensor-top,front_top,top,inlet,22.211,normalized-temperature,good,t5869
2025-12-31T19:00:00Z,cab-a01,sensor-middle,front_middle,middle,inlet,21.111,normalized-temperature,good,t5870
2025-12-31T19:00:00Z,cab-a01,sensor-bottom,front_bottom,bottom,inlet,20.211,normalized-temperature,good,t5871
2025-12-31T19:05:00Z,cab-a01,sensor-top,front_top,top,inlet,22.22,normalized-temperature,good,t5872
2025-12-31T19:05:00Z,cab-a01,sensor-middle,front_middle,middle,inlet,21.12,normalized-temperature,good,t5873
2025-12-31T19:05:00Z,cab-a01,sensor-bottom,front_bottom,bottom,inlet,20.22,normalized-temperature,good,t5874
2025-12-31T19:10:00Z,cab-a01,sensor-top,front_top,top,inlet,22.228,normalized-temperature,good,t5875
2025-12-31T19:10:00Z,cab-a01,sensor-middle,front_middle,middle,inlet,21.128,normalized-temperature,good,t5876
2025-12-31T19:10:00Z,cab-a01,sensor-bottom,front_bottom,bottom,inlet,20.228,normalized-temperature,good,t5877
2025-12-31T19:15:00Z,cab-a01,sensor-top,front_top,top,inlet,22.235,normalized-temperature,good,t5878
2025-12-31T19:15:00Z,cab-a01,sensor-middle,front_middle,middle,inlet,21.135,normalized-temperature,good,t5879
2025-12-31T19:15:00Z,cab-a01,sensor-bottom,front_bottom,bottom,inlet,20.235,normalized-temperature,good,t5880
2025-12-31T19:20:00Z,cab-a01,sensor-top,front_top,top,inlet,22.242,normalized-temperature,good,t5881
2025-12-31T19:20:00Z,cab-a01,sensor-middle,front_middle,middle,inlet,21.142,normalized-temperature,good,t5882
2025-12-31T19:20:00Z,cab-a01,sensor-bottom,front_bottom,bottom,inlet,20.242,normalized-temperature,good,t5883
2025-12-31T19:25:00Z,cab-a01,sensor-top,front_top,top,inlet,22.248,normalized-temperature,good,t5884
2025-12-31T19:25:00Z,cab-a01,sensor-middle,front_middle,middle,inlet,21.148,normalized-temperature,good,t5885
2025-12-31T19:25:00Z,cab-a01,sensor-bottom,front_bottom,bottom,inlet,20.248,normalized-temperature,good,t5886
2025-12-31T19:30:00Z,cab-a01,sensor-top,front_top,top,inlet,22.253,normalized-temperature,good,t5887
2025-12-31T19:30:00Z,cab-a01,sensor-middle,front_middle,middle,inlet,21.153,normalized-temperature,good,t5888
2025-12-31T19:30:00Z,cab-a01,sensor-bottom,front_bottom,bottom,inlet,20.253,normalized-temperature,good,t5889
2025-12-31T19:35:00Z,cab-a01,sensor-top,front_top,top,inlet,22.258,normalized-temperature,good,t5890
2025-12-31T19:35:00Z,cab-a01,sensor-middle,front_middle,middle,inlet,21.158,normalized-temperature,good,t5891
2025-12-31T19:35:00Z,cab-a01,sensor-bottom,front_bottom,bottom,inlet,20.258,normalized-temperature,good,t5892
2025-12-31T19:40:00Z,cab-a01,sensor-top,front_top,top,inlet,22.262,normalized-temperature,good,t5893
2025-12-31T19:40:00Z,cab-a01,sensor-middle,front_middle,middle,inlet,21.162,normalized-temperature,good,t5894
2025-12-31T19:40:00Z,cab-a01,sensor-bottom,front_bottom,bottom,inlet,20.262,normalized-temperature,good,t5895
2025-12-31T19:45:00Z,cab-a01,sensor-top,front_top,top,inlet,22.265,normalized-temperature,good,t5896
2025-12-31T19:45:00Z,cab-a01,sensor-middle,front_middle,middle,inlet,21.165,normalized-temperature,good,t5897
2025-12-31T19:45:00Z,cab-a01,sensor-bottom,front_bottom,bottom,inlet,20.265,normalized-temperature,good,t5898
2025-12-31T19:50:00Z,cab-a01,sensor-top,front_top,top,inlet,22.268,normalized-temperature,good,t5899
2025-12-31T19:50:00Z,cab-a01,sensor-middle,front_middle,middle,inlet,21.168,normalized-temperature,good,t5900
2025-12-31T19:50:00Z,cab-a01,sensor-bottom,front_bottom,bottom,inlet,20.268,normalized-temperature,good,t5901
2025-12-31T19:55:00Z,cab-a01,sensor-top,front_top,top,inlet,22.27,normalized-temperature,good,t5902
2025-12-31T19:55:00Z,cab-a01,sensor-middle,front_middle,middle,inlet,21.17,normalized-temperature,good,t5903
2025-12-31T19:55:00Z,cab-a01,sensor-bottom,front_bottom,bottom,inlet,20.27,normalized-temperature,good,t5904
2025-12-31T20:00:00Z,cab-a01,sensor-top,front_top,top,inlet,22.272,normalized-temperature,good,t5905
2025-12-31T20:00:00Z,cab-a01,sensor-middle,front_middle,middle,inlet,21.172,normalized-temperature,good,t5906
2025-12-31T20:00:00Z,cab-a01,sensor-bottom,front_bottom,bottom,inlet,20.272,normalized-temperature,good,t5907
2025-12-31T20:05:00Z,cab-a01,sensor-top,front_top,top,inlet,22.273,normalized-temperature,good,t5908
2025-12-31T20:05:00Z,cab-a01,sensor-middle,front_middle,middle,inlet,21.173,normalized-temperature,good,t5909
2025-12-31T20:05:00Z,cab-a01,sensor-bottom,front_bottom,bottom,inlet,20.273,normalized-temperature,good,t5910
2025-12-31T20:10:00Z,cab-a01,sensor-top,front_top,top,inlet,22.273,normalized-temperature,good,t5911
2025-12-31T20:10:00Z,cab-a01,sensor-middle,front_middle,middle,inlet,21.173,normalized-temperature,good,t5912
2025-12-31T20:10:00Z,cab-a01,sensor-bottom,front_bottom,bottom,inlet,20.273,normalized-temperature,good,t5913
2025-12-31T20:15:00Z,cab-a01,sensor-top,front_top,top,inlet,22.273,normalized-temperature,good,t5914
2025-12-31T20:15:00Z,cab-a01,sensor-middle,front_middle,middle,inlet,21.173,normalized-temperature,good,t5915
2025-12-31T20:15:00Z,cab-a01,sensor-bottom,front_bottom,bottom,inlet,20.273,normalized-temperature,good,t5916
2025-12-31T20:20:00Z,cab-a01,sensor-top,front_top,top,inlet,22.272,normalized-temperature,good,t5917
2025-12-31T20:20:00Z,cab-a01,sensor-middle,front_middle,middle,inlet,21.172,normalized-temperature,good,t5918
2025-12-31T20:20:00Z,cab-a01,sensor-bottom,front_bottom,bottom,inlet,20.272,normalized-temperature,good,t5919
2025-12-31T20:25:00Z,cab-a01,sensor-top,front_top,top,inlet,22.271,normalized-temperature,good,t5920
2025-12-31T20:25:00Z,cab-a01,sensor-middle,front_middle,middle,inlet,21.171,normalized-temperature,good,t5921
2025-12-31T20:25:00Z,cab-a01,sensor-bottom,front_bottom,bottom,inlet,20.271,normalized-temperature,good,t5922
2025-12-31T20:30:00Z,cab-a01,sensor-top,front_top,top,inlet,22.269,normalized-temperature,good,t5923
2025-12-31T20:30:00Z,cab-a01,sensor-middle,front_middle,middle,inlet,21.169,normalized-temperature,good,t5924
2025-12-31T20:30:00Z,cab-a01,sensor-bottom,front_bottom,bottom,inlet,20.269,normalized-temperature,good,t5925
2025-12-31T20:35:00Z,cab-a01,sensor-top,front_top,top,inlet,22.268,normalized-temperature,good,t5926
2025-12-31T20:35:00Z,cab-a01,sensor-middle,front_middle,middle,inlet,21.168,normalized-temperature,good,t5927
2025-12-31T20:35:00Z,cab-a01,sensor-bottom,front_bottom,bottom,inlet,20.268,normalized-temperature,good,t5928
2025-12-31T20:40:00Z,cab-a01,sensor-top,front_top,top,inlet,22.266,normalized-temperature,good,t5929
2025-12-31T20:40:00Z,cab-a01,sensor-middle,front_middle,middle,inlet,21.166,normalized-temperature,good,t5930
2025-12-31T20:40:00Z,cab-a01,sensor-bottom,front_bottom,bottom,inlet,20.266,normalized-temperature,good,t5931
2025-12-31T20:45:00Z,cab-a01,sensor-top,front_top,top,inlet,22.264,normalized-temperature,good,t5932
2025-12-31T20:45:00Z,cab-a01,sensor-middle,front_middle,middle,inlet,21.164,normalized-temperature,good,t5933
2025-12-31T20:45:00Z,cab-a01,sensor-bottom,front_bottom,bottom,inlet,20.264,normalized-temperature,good,t5934
2025-12-31T20:50:00Z,cab-a01,sensor-top,front_top,top,inlet,22.261,normalized-temperature,good,t5935
2025-12-31T20:50:00Z,cab-a01,sensor-middle,front_middle,middle,inlet,21.161,normalized-temperature,good,t5936
2025-12-31T20:50:00Z,cab-a01,sensor-bottom,front_bottom,bottom,inlet,20.261,normalized-temperature,good,t5937
2025-12-31T20:55:00Z,cab-a01,sensor-top,front_top,top,inlet,22.259,normalized-temperature,good,t5938
2025-12-31T20:55:00Z,cab-a01,sensor-middle,front_middle,middle,inlet,21.159,normalized-temperature,good,t5939
2025-12-31T20:55:00Z,cab-a01,sensor-bottom,front_bottom,bottom,inlet,20.259,normalized-temperature,good,t5940
2025-12-31T21:00:00Z,cab-a01,sensor-top,front_top,top,inlet,22.257,normalized-temperature,good,t5941
2025-12-31T21:00:00Z,cab-a01,sensor-middle,front_middle,middle,inlet,21.157,normalized-temperature,good,t5942
2025-12-31T21:00:00Z,cab-a01,sensor-bottom,front_bottom,bottom,inlet,20.257,normalized-temperature,good,t5943
2025-12-31T21:05:00Z,cab-a01,sensor-top,front_top,top,inlet,22.254,normalized-temperature,good,t5944
2025-12-31T21:05:00Z,cab-a01,sensor-middle,front_middle,middle,inlet,21.154,normalized-temperature,good,t5945
2025-12-31T21:05:00Z,cab-a01,sensor-bottom,front_bottom,bottom,inlet,20.254,normalized-temperature,good,t5946
2025-12-31T21:10:00Z,cab-a01,sensor-top,front_top,top,inlet,22.252,normalized-temperature,good,t5947
2025-12-31T21:10:00Z,cab-a01,sensor-middle,front_middle,middle,inlet,21.152,normalized-temperature,good,t5948
2025-12-31T21:10:00Z,cab-a01,sensor-bottom,front_bottom,bottom,inlet,20.252,normalized-temperature,good,t5949
2025-12-31T21:15:00Z,cab-a01,sensor-top,front_top,top,inlet,22.251,normalized-temperature,good,t5950
2025-12-31T21:15:00Z,cab-a01,sensor-middle,front_middle,middle,inlet,21.151,normalized-temperature,good,t5951
2025-12-31T21:15:00Z,cab-a01,sensor-bottom,front_bottom,bottom,inlet,20.251,normalized-temperature,good,t5952
2025-12-31T21:20:00Z,cab-a01,sensor-top,front_top,top,inlet,22.249,normalized-temperature,good,t5953
2025-12-31T21:20:00Z,cab-a01,sensor-middle,front_middle,middle,inlet,21.149,normalized-temperature,good,t5954
2025-12-31T21:20:00Z,cab-a01,sensor-bottom,front_bottom,bottom,inlet,20.249,normalized-temperature,good,t5955
2025-12-31T21:25:00Z,cab-a01,sensor-top,front_top,top,inlet,22.248,normalized-temperature,good,t5956
2025-12-31T21:25:00Z,cab-a01,sensor-middle,front_middle,middle,inlet,21.148,normalized-temperature,good,t5957
2025-12-31T21:25:00Z,cab-a01,sensor-bottom,front_bottom,bottom,inlet,20.248,normalized-temperature,good,t5958
2025-12-31T21:30:00Z,cab-a01,sensor-top,front_top,top,inlet,22.247,normalized-temperature,good,t5959
2025-12-31T21:30:00Z,cab-a01,sensor-middle,front_middle,middle,inlet,21.147,normalized-temperature,good,t5960
2025-12-31T21:30:00Z,cab-a01,sensor-bottom,front_bottom,bottom,inlet,20.247,normalized-temperature,good,t5961
2025-12-31T21:35:00Z,cab-a01,sensor-top,front_top,top,inlet,22.247,normalized-temperature,good,t5962
2025-12-31T21:35:00Z,cab-a01,sensor-middle,front_middle,middle,inlet,21.147,normalized-temperature,good,t5963
2025-12-31T21:35:00Z,cab-a01,sensor-bottom,front_bottom,bottom,inlet,20.247,normalized-temperature,good,t5964
2025-12-31T21:40:00Z,cab-a01,sensor-top,front_top,top,inlet,22.248,normalized-temperature,good,t5965
2025-12-31T21:40:00Z,cab-a01,sensor-middle,front_middle,middle,inlet,21.148,normalized-temperature,good,t5966
2025-12-31T21:40:00Z,cab-a01,sensor-bottom,front_bottom,bottom,inlet,20.248,normalized-temperature,good,t5967
2025-12-31T21:45:00Z,cab-a01,sensor-top,front_top,top,inlet,22.249,normalized-temperature,good,t5968
2025-12-31T21:45:00Z,cab-a01,sensor-middle,front_middle,middle,inlet,21.149,normalized-temperature,good,t5969
2025-12-31T21:45:00Z,cab-a01,sensor-bottom,front_bottom,bottom,inlet,20.249,normalized-temperature,good,t5970
2025-12-31T21:50:00Z,cab-a01,sensor-top,front_top,top,inlet,22.25,normalized-temperature,good,t5971
2025-12-31T21:50:00Z,cab-a01,sensor-middle,front_middle,middle,inlet,21.15,normalized-temperature,good,t5972
2025-12-31T21:50:00Z,cab-a01,sensor-bottom,front_bottom,bottom,inlet,20.25,normalized-temperature,good,t5973
2025-12-31T21:55:00Z,cab-a01,sensor-top,front_top,top,inlet,22.253,normalized-temperature,good,t5974
2025-12-31T21:55:00Z,cab-a01,sensor-middle,front_middle,middle,inlet,21.153,normalized-temperature,good,t5975
2025-12-31T21:55:00Z,cab-a01,sensor-bottom,front_bottom,bottom,inlet,20.253,normalized-temperature,good,t5976
2025-12-31T22:00:00Z,cab-a01,sensor-top,front_top,top,inlet,22.256,normalized-temperature,good,t5977
2025-12-31T22:00:00Z,cab-a01,sensor-middle,front_middle,middle,inlet,21.156,normalized-temperature,good,t5978
2025-12-31T22:00:00Z,cab-a01,sensor-bottom,front_bottom,bottom,inlet,20.256,normalized-temperature,good,t5979
2025-12-31T22:05:00Z,cab-a01,sensor-top,front_top,top,inlet,22.26,normalized-temperature,good,t5980
2025-12-31T22:05:00Z,cab-a01,sensor-middle,front_middle,middle,inlet,21.16,normalized-temperature,good,t5981
2025-12-31T22:05:00Z,cab-a01,sensor-bottom,front_bottom,bottom,inlet,20.26,normalized-temperature,good,t5982
2025-12-31T22:10:00Z,cab-a01,sensor-top,front_top,top,inlet,22.264,normalized-temperature,good,t5983
2025-12-31T22:10:00Z,cab-a01,sensor-middle,front_middle,middle,inlet,21.164,normalized-temperature,good,t5984
2025-12-31T22:10:00Z,cab-a01,sensor-bottom,front_bottom,bottom,inlet,20.264,normalized-temperature,good,t5985
2025-12-31T22:15:00Z,cab-a01,sensor-top,front_top,top,inlet,22.27,normalized-temperature,good,t5986
2025-12-31T22:15:00Z,cab-a01,sensor-middle,front_middle,middle,inlet,21.17,normalized-temperature,good,t5987
2025-12-31T22:15:00Z,cab-a01,sensor-bottom,front_bottom,bottom,inlet,20.27,normalized-temperature,good,t5988
2025-12-31T22:20:00Z,cab-a01,sensor-top,front_top,top,inlet,22.276,normalized-temperature,good,t5989
2025-12-31T22:20:00Z,cab-a01,sensor-middle,front_middle,middle,inlet,21.176,normalized-temperature,good,t5990
2025-12-31T22:20:00Z,cab-a01,sensor-bottom,front_bottom,bottom,inlet,20.276,normalized-temperature,good,t5991
2025-12-31T22:25:00Z,cab-a01,sensor-top,front_top,top,inlet,22.283,normalized-temperature,good,t5992
2025-12-31T22:25:00Z,cab-a01,sensor-middle,front_middle,middle,inlet,21.183,normalized-temperature,good,t5993
2025-12-31T22:25:00Z,cab-a01,sensor-bottom,front_bottom,bottom,inlet,20.283,normalized-temperature,good,t5994
2025-12-31T22:30:00Z,cab-a01,sensor-top,front_top,top,inlet,22.292,normalized-temperature,good,t5995
2025-12-31T22:30:00Z,cab-a01,sensor-middle,front_middle,middle,inlet,21.192,normalized-temperature,good,t5996
2025-12-31T22:30:00Z,cab-a01,sensor-bottom,front_bottom,bottom,inlet,20.292,normalized-temperature,good,t5997
2025-12-31T22:35:00Z,cab-a01,sensor-top,front_top,top,inlet,22.301,normalized-temperature,good,t5998
2025-12-31T22:35:00Z,cab-a01,sensor-middle,front_middle,middle,inlet,21.201,normalized-temperature,good,t5999
2025-12-31T22:35:00Z,cab-a01,sensor-bottom,front_bottom,bottom,inlet,20.301,normalized-temperature,good,t6000
2025-12-31T22:40:00Z,cab-a01,sensor-top,front_top,top,inlet,22.31,normalized-temperature,good,t6001
2025-12-31T22:40:00Z,cab-a01,sensor-middle,front_middle,middle,inlet,21.21,normalized-temperature,good,t6002
2025-12-31T22:40:00Z,cab-a01,sensor-bottom,front_bottom,bottom,inlet,20.31,normalized-temperature,good,t6003
2025-12-31T22:45:00Z,cab-a01,sensor-top,front_top,top,inlet,22.321,normalized-temperature,good,t6004
2025-12-31T22:45:00Z,cab-a01,sensor-middle,front_middle,middle,inlet,21.221,normalized-temperature,good,t6005
2025-12-31T22:45:00Z,cab-a01,sensor-bottom,front_bottom,bottom,inlet,20.321,normalized-temperature,good,t6006
2025-12-31T22:50:00Z,cab-a01,sensor-top,front_top,top,inlet,22.332,normalized-temperature,good,t6007
2025-12-31T22:50:00Z,cab-a01,sensor-middle,front_middle,middle,inlet,21.232,normalized-temperature,good,t6008
2025-12-31T22:50:00Z,cab-a01,sensor-bottom,front_bottom,bottom,inlet,20.332,normalized-temperature,good,t6009
2025-12-31T22:55:00Z,cab-a01,sensor-top,front_top,top,inlet,22.345,normalized-temperature,good,t6010
2025-12-31T22:55:00Z,cab-a01,sensor-middle,front_middle,middle,inlet,21.245,normalized-temperature,good,t6011
2025-12-31T22:55:00Z,cab-a01,sensor-bottom,front_bottom,bottom,inlet,20.345,normalized-temperature,good,t6012
2025-12-31T23:00:00Z,cab-a01,sensor-top,front_top,top,inlet,22.358,normalized-temperature,good,t6013
2025-12-31T23:00:00Z,cab-a01,sensor-middle,front_middle,middle,inlet,21.258,normalized-temperature,good,t6014
2025-12-31T23:00:00Z,cab-a01,sensor-bottom,front_bottom,bottom,inlet,20.358,normalized-temperature,good,t6015
2025-12-31T23:05:00Z,cab-a01,sensor-top,front_top,top,inlet,22.372,normalized-temperature,good,t6016
2025-12-31T23:05:00Z,cab-a01,sensor-middle,front_middle,middle,inlet,21.272,normalized-temperature,good,t6017
2025-12-31T23:05:00Z,cab-a01,sensor-bottom,front_bottom,bottom,inlet,20.372,normalized-temperature,good,t6018
2025-12-31T23:10:00Z,cab-a01,sensor-top,front_top,top,inlet,22.386,normalized-temperature,good,t6019
2025-12-31T23:10:00Z,cab-a01,sensor-middle,front_middle,middle,inlet,21.286,normalized-temperature,good,t6020
2025-12-31T23:10:00Z,cab-a01,sensor-bottom,front_bottom,bottom,inlet,20.386,normalized-temperature,good,t6021
2025-12-31T23:15:00Z,cab-a01,sensor-top,front_top,top,inlet,22.401,normalized-temperature,good,t6022
2025-12-31T23:15:00Z,cab-a01,sensor-middle,front_middle,middle,inlet,21.301,normalized-temperature,good,t6023
2025-12-31T23:15:00Z,cab-a01,sensor-bottom,front_bottom,bottom,inlet,20.401,normalized-temperature,good,t6024
2025-12-31T23:20:00Z,cab-a01,sensor-top,front_top,top,inlet,22.417,normalized-temperature,good,t6025
2025-12-31T23:20:00Z,cab-a01,sensor-middle,front_middle,middle,inlet,21.317,normalized-temperature,good,t6026
2025-12-31T23:20:00Z,cab-a01,sensor-bottom,front_bottom,bottom,inlet,20.417,normalized-temperature,good,t6027
2025-12-31T23:25:00Z,cab-a01,sensor-top,front_top,top,inlet,22.433,normalized-temperature,good,t6028
2025-12-31T23:25:00Z,cab-a01,sensor-middle,front_middle,middle,inlet,21.333,normalized-temperature,good,t6029
2025-12-31T23:25:00Z,cab-a01,sensor-bottom,front_bottom,bottom,inlet,20.433,normalized-temperature,good,t6030
2025-12-31T23:30:00Z,cab-a01,sensor-top,front_top,top,inlet,22.45,normalized-temperature,good,t6031
2025-12-31T23:30:00Z,cab-a01,sensor-middle,front_middle,middle,inlet,21.35,normalized-temperature,good,t6032
2025-12-31T23:30:00Z,cab-a01,sensor-bottom,front_bottom,bottom,inlet,20.45,normalized-temperature,good,t6033
2025-12-31T23:35:00Z,cab-a01,sensor-top,front_top,top,inlet,22.467,normalized-temperature,good,t6034
2025-12-31T23:35:00Z,cab-a01,sensor-middle,front_middle,middle,inlet,21.367,normalized-temperature,good,t6035
2025-12-31T23:35:00Z,cab-a01,sensor-bottom,front_bottom,bottom,inlet,20.467,normalized-temperature,good,t6036
2025-12-31T23:40:00Z,cab-a01,sensor-top,front_top,top,inlet,22.484,normalized-temperature,good,t6037
2025-12-31T23:40:00Z,cab-a01,sensor-middle,front_middle,middle,inlet,21.384,normalized-temperature,good,t6038
2025-12-31T23:40:00Z,cab-a01,sensor-bottom,front_bottom,bottom,inlet,20.484,normalized-temperature,good,t6039
2025-12-31T23:45:00Z,cab-a01,sensor-top,front_top,top,inlet,22.502,normalized-temperature,good,t6040
2025-12-31T23:45:00Z,cab-a01,sensor-middle,front_middle,middle,inlet,21.402,normalized-temperature,good,t6041
2025-12-31T23:45:00Z,cab-a01,sensor-bottom,front_bottom,bottom,inlet,20.502,normalized-temperature,good,t6042
2025-12-31T23:50:00Z,cab-a01,sensor-top,front_top,top,inlet,22.52,normalized-temperature,good,t6043
2025-12-31T23:50:00Z,cab-a01,sensor-middle,front_middle,middle,inlet,21.42,normalized-temperature,good,t6044
2025-12-31T23:50:00Z,cab-a01,sensor-bottom,front_bottom,bottom,inlet,20.52,normalized-temperature,good,t6045
2025-12-31T23:55:00Z,cab-a01,sensor-top,front_top,top,inlet,22.538,normalized-temperature,good,t6046
2025-12-31T23:55:00Z,cab-a01,sensor-middle,front_middle,middle,inlet,21.438,normalized-temperature,good,t6047
2025-12-31T23:55:00Z,cab-a01,sensor-bottom,front_bottom,bottom,inlet,20.538,normalized-temperature,good,t6048
