timestamp,cabinet_id,feed_id,pdu_id,reading_scope,reading_kw,source,reading_quality,source_row_id
2025-12-25T00:00:00Z,cab-a01,A,pdu-a,feed_total,9.984,normalized-power,good,p1
2025-12-25T00:00:00Z,cab-a01,B,pdu-b,feed_total,9.216,normalized-power,good,p2
2025-12-25T00:05:00Z,cab-a01,A,pdu-a,feed_total,10.035,normalized-power,good,p3
2025-12-25T00:05:00Z,cab-a01,B,pdu-b,feed_total,9.239,normalized-power,good,p4
2025-12-25T00:10:00Z,cab-a01,A,pdu-a,feed_total,10.086,normalized-power,good,p5
2025-12-25T00:10:00Z,cab-a01,B,pdu-b,feed_total,9.262,normalized-power,good,p6
2025-12-25T00:15:00Z,cab-a01,A,pdu-a,feed_total,8.571,normalized-power,good,p7
2025-12-25T00:15:00Z,cab-a01,B,pdu-b,feed_total,7.85,normalized-power,good,p8
2025-12-25T00:20:00Z,cab-a01,A,pdu-a,feed_total,8.619,normalized-power,good,p9
2025-12-25T00:20:00Z,cab-a01,B,pdu-b,feed_total,7.874,normalized-power,good,p10
2025-12-25T00:25:00Z,cab-a01,A,pdu-a,feed_total,8.666,normalized-power,good,p11
2025-12-25T00:25:00Z,cab-a01,B,pdu-b,feed_total,7.898,normalized-power,good,p12
2025-12-25T00:30:00Z,cab-a01,A,pdu-a,feed_total,8.713,normalized-power,good,p13
2025-12-25T00:30:00Z,cab-a01,B,pdu-b,feed_total,7.92,normalized-power,good,p14
2025-12-25T00:35:00Z,cab-a01,A,pdu-a,feed_total,8.759,normalized-power,good,p15
2025-12-25T00:35:00Z,cab-a01,B,pdu-b,feed_total,7.941,normalized-power,good,p16
2025-12-25T00:40:00Z,cab-a01,A,pdu-a,feed_total,8.803,normalized-power,good,p17
2025-12-25T00:40:00Z,cab-a01,B,pdu-b,feed_total,7.962,normalized-power,good,p18
2025-12-25T00:45:00Z,cab-a01,A,pdu-a,feed_total,8.846,normalized-power,good,p19
2025-12-25T00:45:00Z,cab-a01,B,pdu-b,feed_total,7.981,normalized-power,good,p20
2025-12-25T00:50:00Z,cab-a01,A,pdu-a,feed_total,8.888,normalized-power,good,p21
2025-12-25T00:50:00Z,cab-a01,B,pdu-b,feed_total,7.998,normalized-power,good,p22
2025-12-25T00:55:00Z,cab-a01,A,pdu-a,feed_total,8.928,normalized-power,good,p23
2025-12-25T00:55:00Z,cab-a01,B,pdu-b,feed_total,8.014,normalized-power,good,p24
2025-12-25T01:00:00Z,cab-a01,A,pdu-a,feed_total,8.966,normalized-power,good,p25
2025-12-25T01:00:00Z,cab-a01,B,pdu-b,feed_total,8.029,normalized-power,good,p26
2025-12-25T01:05:00Z,cab-a01,A,pdu-a,feed_total,9.002,normalized-power,good,p27
2025-12-25T01:05:00Z,cab-a01,B,pdu-b,feed_total,8.043,normalized-power,good,p28
2025-12-25T01:10:00Z,cab-a01,A,pdu-a,feed_total,9.036,normalized-power,good,p29
2025-12-25T01:10:00Z,cab-a01,B,pdu-b,feed_total,8.055,normalized-power,good,p30
2025-12-25T01:15:00Z,cab-a01,A,pdu-a,feed_total,9.069,normalized-power,good,p31
2025-12-25T01:15:00Z,cab-a01,B,pdu-b,feed_total,8.064,normalized-power,good,p32
2025-12-25T01:20:00Z,cab-a01,A,pdu-a,feed_total,9.098,normalized-power,good,p33
2025-12-25T01:20:00Z,cab-a01,B,pdu-b,feed_total,8.073,normalized-power,good,p34
2025-12-25T01:25:00Z,cab-a01,A,pdu-a,feed_total,9.127,normalized-power,good,p35
2025-12-25T01:25:00Z,cab-a01,B,pdu-b,feed_total,8.079,normalized-power,good,p36
2025-12-25T01:30:00Z,cab-a01,A,pdu-a,feed_total,9.152,normalized-power,good,p37
2025-12-25T01:30:00Z,cab-a01,B,pdu-b,feed_total,8.084,normalized-power,good,p38
2025-12-25T01:35:00Z,cab-a01,A,pdu-a,feed_total,9.175,normalized-power,good,p39
2025-12-25T01:35:00Z,cab-a01,B,pdu-b,feed_total,8.087,normalized-power,good,p40
2025-12-25T01:40:00Z,cab-a01,A,pdu-a,feed_total,9.196,normalized-power,good,p41
2025-12-25T01:40:00Z,cab-a01,B,pdu-b,feed_total,8.088,normalized-power,good,p42
2025-12-25T01:45:00Z,cab-a01,A,pdu-a,feed_total,9.214,normalized-power,good,p43
2025-12-25T01:45:00Z,cab-a01,B,pdu-b,feed_total,8.088,normalized-power,good,p44
2025-12-25T01:50:00Z,cab-a01,A,pdu-a,feed_total,9.23,normalized-power,good,p45
2025-12-25T01:50:00Z,cab-a01,B,pdu-b,feed_total,8.086,normalized-power,good,p46
2025-12-25T01:55:00Z,cab-a01,A,pdu-a,feed_total,9.244,normalized-power,good,p47
2025-12-25T01:55:00Z,cab-a01,B,pdu-b,feed_total,8.083,normalized-power,good,p48
2025-12-25T02:00:00Z,cab-a01,A,pdu-a,feed_total,9.256,normalized-power,good,p49
2025-12-25T02:00:00Z,cab-a01,B,pdu-b,feed_total,8.077,normalized-power,good,p50
2025-12-25T02:05:00Z,cab-a01,A,pdu-a,feed_total,9.265,normalized-power,good,p51
2025-12-25T02:05:00Z,cab-a01,B,pdu-b,feed_total,8.071,normalized-power,good,p52
2025-12-25T02:10:00Z,cab-a01,A,pdu-a,feed_total,9.272,normalized-power,good,p53
2025-12-25T02:10:00Z,cab-a01,B,pdu-b,feed_total,8.063,normalized-power,good,p54
2025-12-25T02:15:00Z,cab-a01,A,pdu-a,feed_total,9.277,normalized-power,good,p55
2025-12-25T02:15:00Z,cab-a01,B,pdu-b,feed_total,8.054,normalized-power,good,p56
2025-12-25T02:20:00Z,cab-a01,A,pdu-a,feed_total,9.281,normalized-power,good,p57
2025-12-25T02:20:00Z,cab-a01,B,pdu-b,feed_total,8.043,normalized-power,good,p58
2025-12-25T02:25:00Z,cab-a01,A,pdu-a,feed_total,9.283,normalized-power,good,p59
2025-12-25T02:25:00Z,cab-a01,B,pdu-b,feed_total,8.032,normalized-power,good,p60
2025-12-25T02:30:00Z,cab-a01,A,pdu-a,feed_total,9.282,normalized-power,good,p61
2025-12-25T02:30:00Z,cab-a01,B,pdu-b,feed_total,8.02,normalized-power,good,p62
2025-12-25T02:35:00Z,cab-a01,A,pdu-a,feed_total,9.281,normalized-power,good,p63
2025-12-25T02:35:00Z,cab-a01,B,pdu-b,feed_total,8.007,normalized-power,good,p64
2025-12-25T02:40:00Z,cab-a01,A,pdu-a,feed_total,9.277,normalized-power,good,p65
2025-12-25T02:40:00Z,cab-a01,B,pdu-b,feed_total,7.994,normalized-power,good,p66
2025-12-25T02:45:00Z,cab-a01,A,pdu-a,feed_total,9.273,normalized-power,good,p67
2025-12-25T02:45:00Z,cab-a01,B,pdu-b,feed_total,7.979,normalized-power,good,p68
2025-12-25T02:50:00Z,cab-a01,A,pdu-a,feed_total,9.268,normalized-power,good,p69
2025-12-25T02:50:00Z,cab-a01,B,pdu-b,feed_total,7.965,normalized-power,good,p70
2025-12-25T02:55:00Z,cab-a01,A,pdu-a,feed_total,9.261,normalized-power,good,p71
2025-12-25T02:55:00Z,cab-a01,B,pdu-b,feed_total,7.951,normalized-power,good,p72
2025-12-25T03:00:00Z,cab-a01,A,pdu-a,feed_total,9.254,normalized-power,good,p73
2025-12-25T03:00:00Z,cab-a01,B,pdu-b,feed_total,7.936,normalized-power,good,p74
2025-12-25T03:05:00Z,cab-a01,A,pdu-a,feed_total,9.247,normalized-power,good,p75
2025-12-25T03:05:00Z,cab-a01,B,pdu-b,feed_total,7.921,normalized-power,good,p76
2025-12-25T03:10:00Z,cab-a01,A,pdu-a,feed_total,9.238,normalized-power,good,p77
2025-12-25T03:10:00Z,cab-a01,B,pdu-b,feed_total,7.907,normalized-power,good,p78
2025-12-25T03:15:00Z,cab-a01,A,pdu-a,feed_total,9.23,normalized-power,good,p79
2025-12-25T03:15:00Z,cab-a01,B,pdu-b,feed_total,7.893,normalized-power,good,p80
2025-12-25T03:20:00Z,cab-a01,A,pdu-a,feed_total,9.221,normalized-power,good,p81
2025-12-25T03:20:00Z,cab-a01,B,pdu-b,feed_total,7.88,normalized-power,good,p82
2025-12-25T03:25:00Z,cab-a01,A,pdu-a,feed_total,9.213,normalized-power,good,p83
2025-12-25T03:25:00Z,cab-a01,B,pdu-b,feed_total,7.868,normalized-power,good,p84
2025-12-25T03:30:00Z,cab-a01,A,pdu-a,feed_total,9.205,normalized-power,good,p85
2025-12-25T03:30:00Z,cab-a01,B,pdu-b,feed_total,7.856,normalized-power,good,p86
2025-12-25T03:35:00Z,cab-a01,A,pdu-a,feed_total,9.197,normalized-power,good,p87
2025-12-25T03:35:00Z,cab-a01,B,pdu-b,feed_total,7.845,normalized-power,good,p88
2025-12-25T03:40:00Z,cab-a01,A,pdu-a,feed_total,9.19,normalized-power,good,p89
2025-12-25T03:40:00Z,cab-a01,B,pdu-b,feed_total,7.835,normalized-power,good,p90
2025-12-25T03:45:00Z,cab-a01,A,pdu-a,feed_total,9.184,normalized-power,good,p91
2025-12-25T03:45:00Z,cab-a01,B,pdu-b,feed_total,7.827,normalized-power,good,p92
2025-12-25T03:50:00Z,cab-a01,A,pdu-a,feed_total,9.178,normalized-power,good,p93
2025-12-25T03:50:00Z,cab-a01,B,pdu-b,feed_total,7.82,normalized-power,good,p94
2025-12-25T03:55:00Z,cab-a01,A,pdu-a,feed_total,9.172,normalized-power,good,p95
2025-12-25T03:55:00Z,cab-a01,B,pdu-b,feed_total,7.815,normalized-power,good,p96
2025-12-25T04:00:00Z,cab-a01,A,pdu-a,feed_total,9.169,normalized-power,good,p97
2025-12-25T04:00:00Z,cab-a01,B,pdu-b,feed_total,7.81,normalized-power,good,p98
2025-12-25T04:05:00Z,cab-a01,A,pdu-a,feed_total,9.166,normalized-power,good,p99
2025-12-25T04:05:00Z,cab-a01,B,pdu-b,feed_total,7.808,normalized-power,good,p100
2025-12-25T04:10:00Z,cab-a01,A,pdu-a,feed_total,9.165,normalized-power,good,p101
2025-12-25T04:10:00Z,cab-a01,B,pdu-b,feed_total,7.807,normalized-power,good,p102
2025-12-25T04:15:00Z,cab-a01,A,pdu-a,feed_total,9.164,normalized-power,good,p103
2025-12-25T04:15:00Z,cab-a01,B,pdu-b,feed_total,7.809,normalized-power,good,p104
2025-12-25T04:20:00Z,cab-a01,A,pdu-a,feed_total,9.165,normalized-power,good,p105
2025-12-25T04:20:00Z,cab-a01,B,pdu-b,feed_total,7.811,normalized-power,good,p106
2025-12-25T04:25:00Z,cab-a01,A,pdu-a,feed_total,9.168,normalized-power,good,p107
2025-12-25T04:25:00Z,cab-a01,B,pdu-b,feed_total,7.815,normalized-power,good,p108
2025-12-25T04:30:00Z,cab-a01,A,pdu-a,feed_total,9.171,normalized-power,good,p109
2025-12-25T04:30:00Z,cab-a01,B,pdu-b,feed_total,7.822,normalized-power,good,p110
2025-12-25T04:35:00Z,cab-a01,A,pdu-a,feed_total,9.177,normalized-power,good,p111
2025-12-25T04:35:00Z,cab-a01,B,pdu-b,feed_total,7.83,normalized-power,good,p112
2025-12-25T04:40:00Z,cab-a01,A,pdu-a,feed_total,9.183,normalized-power,good,p113
2025-12-25T04:40:00Z,cab-a01,B,pdu-b,feed_total,7.84,normalized-power,good,p114
2025-12-25T04:45:00Z,cab-a01,A,pdu-a,feed_total,9.191,normalized-power,good,p115
2025-12-25T04:45:00Z,cab-a01,B,pdu-b,feed_total,7.852,normalized-power,good,p116
2025-12-25T04:50:00Z,cab-a01,A,pdu-a,feed_total,9.2,normalized-power,good,p117
2025-12-25T04:50:00Z,cab-a01,B,pdu-b,feed_total,7.865,normalized-power,good,p118
2025-12-25T04:55:00Z,cab-a01,A,pdu-a,feed_total,9.21,normalized-power,good,p119
2025-12-25T04:55:00Z,cab-a01,B,pdu-b,feed_total,7.881,normalized-power,good,p120
2025-12-25T05:00:00Z,cab-a01,A,pdu-a,feed_total,9.222,normalized-power,good,p121
2025-12-25T05:00:00Z,cab-a01,B,pdu-b,feed_total,7.897,normalized-power,good,p122
2025-12-25T05:05:00Z,cab-a01,A,pdu-a,feed_total,9.234,normalized-power,good,p123
2025-12-25T05:05:00Z,cab-a01,B,pdu-b,feed_total,7.916,normalized-power,good,p124
2025-12-25T05:10:00Z,cab-a01,A,pdu-a,feed_total,9.248,normalized-power,good,p125
2025-12-25T05:10:00Z,cab-a01,B,pdu-b,feed_total,7.936,normalized-power,good,p126
2025-12-25T05:15:00Z,cab-a01,A,pdu-a,feed_total,9.263,normalized-power,good,p127
2025-12-25T05:15:00Z,cab-a01,B,pdu-b,feed_total,7.957,normalized-power,good,p128
2025-12-25T05:20:00Z,cab-a01,A,pdu-a,feed_total,9.278,normalized-power,good,p129
2025-12-25T05:20:00Z,cab-a01,B,pdu-b,feed_total,7.979,normalized-power,good,p130
2025-12-25T05:25:00Z,cab-a01,A,pdu-a,feed_total,9.294,normalized-power,good,p131
2025-12-25T05:25:00Z,cab-a01,B,pdu-b,feed_total,8.003,normalized-power,good,p132
2025-12-25T05:30:00Z,cab-a01,A,pdu-a,feed_total,9.31,normalized-power,good,p133
2025-12-25T05:30:00Z,cab-a01,B,pdu-b,feed_total,8.028,normalized-power,good,p134
2025-12-25T05:35:00Z,cab-a01,A,pdu-a,feed_total,9.326,normalized-power,good,p135
2025-12-25T05:35:00Z,cab-a01,B,pdu-b,feed_total,8.054,normalized-power,good,p136
2025-12-25T05:40:00Z,cab-a01,A,pdu-a,feed_total,9.344,normalized-power,good,p137
2025-12-25T05:40:00Z,cab-a01,B,pdu-b,feed_total,8.08,normalized-power,good,p138
2025-12-25T05:45:00Z,cab-a01,A,pdu-a,feed_total,9.36,normalized-power,good,p139
2025-12-25T05:45:00Z,cab-a01,B,pdu-b,feed_total,8.108,normalized-power,good,p140
2025-12-25T05:50:00Z,cab-a01,A,pdu-a,feed_total,9.377,normalized-power,good,p141
2025-12-25T05:50:00Z,cab-a01,B,pdu-b,feed_total,8.135,normalized-power,good,p142
2025-12-25T05:55:00Z,cab-a01,A,pdu-a,feed_total,9.393,normalized-power,good,p143
2025-12-25T05:55:00Z,cab-a01,B,pdu-b,feed_total,8.163,normalized-power,good,p144
2025-12-25T06:00:00Z,cab-a01,A,pdu-a,feed_total,9.409,normalized-power,good,p145
2025-12-25T06:00:00Z,cab-a01,B,pdu-b,feed_total,8.191,normalized-power,good,p146
2025-12-25T06:05:00Z,cab-a01,A,pdu-a,feed_total,9.424,normalized-power,good,p147
2025-12-25T06:05:00Z,cab-a01,B,pdu-b,feed_total,8.219,normalized-power,good,p148
2025-12-25T06:10:00Z,cab-a01,A,pdu-a,feed_total,9.438,normalized-power,good,p149
2025-12-25T06:10:00Z,cab-a01,B,pdu-b,feed_total,8.247,normalized-power,good,p150
2025-12-25T06:15:00Z,cab-a01,A,pdu-a,feed_total,9.452,normalized-power,good,p151
2025-12-25T06:15:00Z,cab-a01,B,pdu-b,feed_total,8.274,normalized-power,good,p152
2025-12-25T06:20:00Z,cab-a01,A,pdu-a,feed_total,9.464,normalized-power,good,p153
2025-12-25T06:20:00Z,cab-a01,B,pdu-b,feed_total,8.302,normalized-power,good,p154
2025-12-25T06:25:00Z,cab-a01,A,pdu-a,feed_total,9.475,normalized-power,good,p155
2025-12-25T06:25:00Z,cab-a01,B,pdu-b,feed_total,8.328,normalized-power,good,p156
2025-12-25T06:30:00Z,cab-a01,A,pdu-a,feed_total,9.485,normalized-power,good,p157
2025-12-25T06:30:00Z,cab-a01,B,pdu-b,feed_total,8.353,normalized-power,good,p158
2025-12-25T06:35:00Z,cab-a01,A,pdu-a,feed_total,9.492,normalized-power,good,p159
2025-12-25T06:35:00Z,cab-a01,B,pdu-b,feed_total,8.378,normalized-power,good,p160
2025-12-25T06:40:00Z,cab-a01,A,pdu-a,feed_total,9.498,normalized-power,good,p161
2025-12-25T06:40:00Z,cab-a01,B,pdu-b,feed_total,8.402,normalized-power,good,p162
2025-12-25T06:45:00Z,cab-a01,A,pdu-a,feed_total,9.503,normalized-power,good,p163
2025-12-25T06:45:00Z,cab-a01,B,pdu-b,feed_total,8.424,normalized-power,good,p164
2025-12-25T06:50:00Z,cab-a01,A,pdu-a,feed_total,9.505,normalized-power,good,p165
2025-12-25T06:50:00Z,cab-a01,B,pdu-b,feed_total,8.445,normalized-power,good,p166
2025-12-25T06:55:00Z,cab-a01,A,pdu-a,feed_total,9.505,normalized-power,good,p167
2025-12-25T06:55:00Z,cab-a01,B,pdu-b,feed_total,8.464,normalized-power,good,p168
2025-12-25T07:00:00Z,cab-a01,A,pdu-a,feed_total,9.503,normalized-power,good,p169
2025-12-25T07:00:00Z,cab-a01,B,pdu-b,feed_total,8.482,normalized-power,good,p170
2025-12-25T07:05:00Z,cab-a01,A,pdu-a,feed_total,9.498,normalized-power,good,p171
2025-12-25T07:05:00Z,cab-a01,B,pdu-b,feed_total,8.499,normalized-power,good,p172
2025-12-25T07:10:00Z,cab-a01,A,pdu-a,feed_total,9.492,normalized-power,good,p173
2025-12-25T07:10:00Z,cab-a01,B,pdu-b,feed_total,8.513,normalized-power,good,p174
2025-12-25T07:15:00Z,cab-a01,A,pdu-a,feed_total,9.483,normalized-power,good,p175
2025-12-25T07:15:00Z,cab-a01,B,pdu-b,feed_total,8.526,normalized-power,good,p176
2025-12-25T07:20:00Z,cab-a01,A,pdu-a,feed_total,9.472,normalized-power,good,p177
2025-12-25T07:20:00Z,cab-a01,B,pdu-b,feed_total,8.536,normalized-power,good,p178
2025-12-25T07:25:00Z,cab-a01,A,pdu-a,feed_total,9.458,normalized-power,good,p179
2025-12-25T07:25:00Z,cab-a01,B,pdu-b,feed_total,8.545,normalized-power,good,p180
2025-12-25T07:30:00Z,cab-a01,A,pdu-a,feed_total,9.441,normalized-power,good,p181
2025-12-25T07:30:00Z,cab-a01,B,pdu-b,feed_total,8.552,normalized-power,good,p182
2025-12-25T07:35:00Z,cab-a01,A,pdu-a,feed_total,9.423,normalized-power,good,p183
2025-12-25T07:35:00Z,cab-a01,B,pdu-b,feed_total,8.557,normalized-power,good,p184
2025-12-25T07:40:00Z,cab-a01,A,pdu-a,feed_total,9.402,normalized-power,good,p185
2025-12-25T07:40:00Z,cab-a01,B,pdu-b,feed_total,8.559,normalized-power,good,p186
2025-12-25T07:45:00Z,cab-a01,A,pdu-a,feed_total,9.379,normalized-power,good,p187
2025-12-25T07:45:00Z,cab-a01,B,pdu-b,feed_total,8.56,normalized-power,good,p188
2025-12-25T07:50:00Z,cab-a01,A,pdu-a,feed_total,9.353,normalized-power,good,p189
2025-12-25T07:50:00Z,cab-a01,B,pdu-b,feed_total,8.559,normalized-power,good,p190
2025-12-25T07:55:00Z,cab-a01,A,pdu-a,feed_total,9.326,normalized-power,good,p191
2025-12-25T07:55:00Z,cab-a01,B,pdu-b,feed_total,8.555,normalized-power,good,p192
2025-12-25T08:00:00Z,cab-a01,A,pdu-a,feed_total,9.295,normalized-power,good,p193
2025-12-25T08:00:00Z,cab-a01,B,pdu-b,feed_total,8.55,normalized-power,good,p194
2025-12-25T08:05:00Z,cab-a01,A,pdu-a,feed_total,9.264,normalized-power,good,p195
2025-12-25T08:05:00Z,cab-a01,B,pdu-b,feed_total,8.542,normalized-power,good,p196
2025-12-25T08:10:00Z,cab-a01,A,pdu-a,feed_total,9.23,normalized-power,good,p197
2025-12-25T08:10:00Z,cab-a01,B,pdu-b,feed_total,8.534,normalized-power,good,p198
2025-12-25T08:15:00Z,cab-a01,A,pdu-a,feed_total,9.195,normalized-power,good,p199
2025-12-25T08:15:00Z,cab-a01,B,pdu-b,feed_total,8.523,normalized-power,good,p200
2025-12-25T08:20:00Z,cab-a01,A,pdu-a,feed_total,9.158,normalized-power,good,p201
2025-12-25T08:20:00Z,cab-a01,B,pdu-b,feed_total,8.51,normalized-power,good,p202
2025-12-25T08:25:00Z,cab-a01,A,pdu-a,feed_total,9.119,normalized-power,good,p203
2025-12-25T08:25:00Z,cab-a01,B,pdu-b,feed_total,8.497,normalized-power,good,p204
2025-12-25T08:30:00Z,cab-a01,A,pdu-a,feed_total,9.08,normalized-power,good,p205
2025-12-25T08:30:00Z,cab-a01,B,pdu-b,feed_total,8.481,normalized-power,good,p206
2025-12-25T08:35:00Z,cab-a01,A,pdu-a,feed_total,9.039,normalized-power,good,p207
2025-12-25T08:35:00Z,cab-a01,B,pdu-b,feed_total,8.464,normalized-power,good,p208
2025-12-25T08:40:00Z,cab-a01,A,pdu-a,feed_total,8.997,normalized-power,good,p209
2025-12-25T08:40:00Z,cab-a01,B,pdu-b,feed_total,8.446,normalized-power,good,p210
2025-12-25T08:45:00Z,cab-a01,A,pdu-a,feed_total,8.954,normalized-power,good,p211
2025-12-25T08:45:00Z,cab-a01,B,pdu-b,feed_total,8.428,normalized-power,good,p212
2025-12-25T08:50:00Z,cab-a01,A,pdu-a,feed_total,8.911,normalized-power,good,p213
2025-12-25T08:50:00Z,cab-a01,B,pdu-b,feed_total,8.408,normalized-power,good,p214
2025-12-25T08:55:00Z,cab-a01,A,pdu-a,feed_total,8.867,normalized-power,good,p215
2025-12-25T08:55:00Z,cab-a01,B,pdu-b,feed_total,8.388,normalized-power,good,p216
2025-12-25T09:00:00Z,cab-a01,A,pdu-a,feed_total,8.823,normalized-power,good,p217
2025-12-25T09:00:00Z,cab-a01,B,pdu-b,feed_total,8.367,normalized-power,good,p218
2025-12-25T09:05:00Z,cab-a01,A,pdu-a,feed_total,8.78,normalized-power,good,p219
2025-12-25T09:05:00Z,cab-a01,B,pdu-b,feed_total,8.345,normalized-power,good,p220
2025-12-25T09:10:00Z,cab-a01,A,pdu-a,feed_total,8.736,normalized-power,good,p221
2025-12-25T09:10:00Z,cab-a01,B,pdu-b,feed_total,8.323,normalized-power,good,p222
2025-12-25T09:15:00Z,cab-a01,A,pdu-a,feed_total,8.692,normalized-power,good,p223
2025-12-25T09:15:00Z,cab-a01,B,pdu-b,feed_total,8.302,normalized-power,good,p224
2025-12-25T09:20:00Z,cab-a01,A,pdu-a,feed_total,8.649,normalized-power,good,p225
2025-12-25T09:20:00Z,cab-a01,B,pdu-b,feed_total,8.28,normalized-power,good,p226
2025-12-25T09:25:00Z,cab-a01,A,pdu-a,feed_total,8.607,normalized-power,good,p227
2025-12-25T09:25:00Z,cab-a01,B,pdu-b,feed_total,8.258,normalized-power,good,p228
2025-12-25T09:30:00Z,cab-a01,A,pdu-a,feed_total,8.565,normalized-power,good,p229
2025-12-25T09:30:00Z,cab-a01,B,pdu-b,feed_total,8.237,normalized-power,good,p230
2025-12-25T09:35:00Z,cab-a01,A,pdu-a,feed_total,8.525,normalized-power,good,p231
2025-12-25T09:35:00Z,cab-a01,B,pdu-b,feed_total,8.216,normalized-power,good,p232
2025-12-25T09:40:00Z,cab-a01,A,pdu-a,feed_total,8.486,normalized-power,good,p233
2025-12-25T09:40:00Z,cab-a01,B,pdu-b,feed_total,8.196,normalized-power,good,p234
2025-12-25T09:45:00Z,cab-a01,A,pdu-a,feed_total,8.448,normalized-power,good,p235
2025-12-25T09:45:00Z,cab-a01,B,pdu-b,feed_total,8.176,normalized-power,good,p236
2025-12-25T09:50:00Z,cab-a01,A,pdu-a,feed_total,8.411,normalized-power,good,p237
2025-12-25T09:50:00Z,cab-a01,B,pdu-b,feed_total,8.158,normalized-power,good,p238
2025-12-25T09:55:00Z,cab-a01,A,pdu-a,feed_total,8.377,normalized-power,good,p239
2025-12-25T09:55:00Z,cab-a01,B,pdu-b,feed_total,8.14,normalized-power,good,p240
2025-12-25T10:00:00Z,cab-a01,A,pdu-a,feed_total,8.343,normalized-power,good,p241
2025-12-25T10:00:00Z,cab-a01,B,pdu-b,feed_total,8.124,normalized-power,good,p242
2025-12-25T10:05:00Z,cab-a01,A,pdu-a,feed_total,8.312,normalized-power,good,p243
2025-12-25T10:05:00Z,cab-a01,B,pdu-b,feed_total,8.108,normalized-power,good,p244
2025-12-25T10:10:00Z,cab-a01,A,pdu-a,feed_total,8.282,normalized-power,good,p245
2025-12-25T10:10:00Z,cab-a01,B,pdu-b,feed_total,8.095,normalized-power,good,p246
2025-12-25T10:15:00Z,cab-a01,A,pdu-a,feed_total,8.254,normalized-power,good,p247
2025-12-25T10:15:00Z,cab-a01,B,pdu-b,feed_total,8.082,normalized-power,good,p248
2025-12-25T10:20:00Z,cab-a01,A,pdu-a,feed_total,8.229,normalized-power,good,p249
2025-12-25T10:20:00Z,cab-a01,B,pdu-b,feed_total,8.07,normalized-power,good,p250
2025-12-25T10:25:00Z,cab-a01,A,pdu-a,feed_total,8.205,normalized-power,good,p251
2025-12-25T10:25:00Z,cab-a01,B,pdu-b,feed_total,8.061,normalized-power,good,p252
2025-12-25T10:30:00Z,cab-a01,A,pdu-a,feed_total,8.184,normalized-power,good,p253
2025-12-25T10:30:00Z,cab-a01,B,pdu-b,feed_total,8.052,normalized-power,good,p254
2025-12-25T10:35:00Z,cab-a01,A,pdu-a,feed_total,8.164,normalized-power,good,p255
2025-12-25T10:35:00Z,cab-a01,B,pdu-b,feed_total,8.045,normalized-power,good,p256
2025-12-25T10:40:00Z,cab-a01,A,pdu-a,feed_total,8.147,normalized-power,good,p257
2025-12-25T10:40:00Z,cab-a01,B,pdu-b,feed_total,8.039,normalized-power,good,p258
2025-12-25T10:45:00Z,cab-a01,A,pdu-a,feed_total,8.131,normalized-power,good,p259
2025-12-25T10:45:00Z,cab-a01,B,pdu-b,feed_total,8.036,normalized-power,good,p260
2025-12-25T10:50:00Z,cab-a01,A,pdu-a,feed_total,8.118,normalized-power,good,p261
2025-12-25T10:50:00Z,cab-a01,B,pdu-b,feed_total,8.033,normalized-power,good,p262
2025-12-25T10:55:00Z,cab-a01,A,pdu-a,feed_total,8.107,normalized-power,good,p263
2025-12-25T10:55:00Z,cab-a01,B,pdu-b,feed_total,8.032,normalized-power,good,p264
2025-12-25T11:00:00Z,cab-a01,A,pdu-a,feed_total,8.097,normalized-power,good,p265
2025-12-25T11:00:00Z,cab-a01,B,pdu-b,feed_total,8.032,normalized-power,good,p266
2025-12-25T11:05:00Z,cab-a01,A,pdu-a,feed_total,8.09,normalized-power,good,p267
2025-12-25T11:05:00Z,cab-a01,B,pdu-b,feed_total,8.033,normalized-power,good,p268
2025-12-25T11:10:00Z,cab-a01,A,pdu-a,feed_total,8.084,normalized-power,good,p269
2025-12-25T11:10:00Z,cab-a01,B,pdu-b,feed_total,8.036,normalized-power,good,p270
2025-12-25T11:15:00Z,cab-a01,A,pdu-a,feed_total,8.08,normalized-power,good,p271
2025-12-25T11:15:00Z,cab-a01,B,pdu-b,feed_total,8.04,normalized-power,good,p272
2025-12-25T11:20:00Z,cab-a01,A,pdu-a,feed_total,8.078,normalized-power,good,p273
2025-12-25T11:20:00Z,cab-a01,B,pdu-b,feed_total,8.044,normalized-power,good,p274
2025-12-25T11:25:00Z,cab-a01,A,pdu-a,feed_total,8.077,normalized-power,good,p275
2025-12-25T11:25:00Z,cab-a01,B,pdu-b,feed_total,8.049,normalized-power,good,p276
2025-12-25T11:30:00Z,cab-a01,A,pdu-a,feed_total,8.077,normalized-power,good,p277
2025-12-25T11:30:00Z,cab-a01,B,pdu-b,feed_total,8.056,normalized-power,good,p278
2025-12-25T11:35:00Z,cab-a01,A,pdu-a,feed_total,8.079,normalized-power,good,p279
2025-12-25T11:35:00Z,cab-a01,B,pdu-b,feed_total,8.062,normalized-power,good,p280
2025-12-25T11:40:00Z,cab-a01,A,pdu-a,feed_total,8.082,normalized-power,good,p281
2025-12-25T11:40:00Z,cab-a01,B,pdu-b,feed_total,8.069,normalized-power,good,p282
2025-12-25T11:45:00Z,cab-a01,A,pdu-a,feed_total,8.085,normalized-power,good,p283
2025-12-25T11:45:00Z,cab-a01,B,pdu-b,feed_total,8.077,normalized-power,good,p284
2025-12-25T11:50:00Z,cab-a01,A,pdu-a,feed_total,8.09,normalized-power,good,p285
2025-12-25T11:50:00Z,cab-a01,B,pdu-b,feed_total,8.084,normalized-power,good,p286
2025-12-25T11:55:00Z,cab-a01,A,pdu-a,feed_total,8.095,normalized-power,good,p287
2025-12-25T11:55:00Z,cab-a01,B,pdu-b,feed_total,8.092,normalized-power,good,p288
2025-12-25T12:00:00Z,cab-a01,A,pdu-a,feed_total,8.101,normalized-power,good,p289
2025-12-25T12:00:00Z,cab-a01,B,pdu-b,feed_total,8.099,normalized-power,good,p290
2025-12-25T12:05:00Z,cab-a01,A,pdu-a,feed_total,8.107,normalized-power,good,p291
2025-12-25T12:05:00Z,cab-a01,B,pdu-b,feed_total,8.106,normalized-power,good,p292
2025-12-25T12:10:00Z,cab-a01,A,pdu-a,feed_total,8.113,normalized-power,good,p293
2025-12-25T12:10:00Z,cab-a01,B,pdu-b,feed_total,8.113,normalized-power,good,p294
2025-12-25T12:15:00Z,cab-a01,A,pdu-a,feed_total,8.119,normalized-power,good,p295
2025-12-25T12:15:00Z,cab-a01,B,pdu-b,feed_total,8.119,normalized-power,good,p296
2025-12-25T12:20:00Z,cab-a01,A,pdu-a,feed_total,8.125,normalized-power,good,p297
2025-12-25T12:20:00Z,cab-a01,B,pdu-b,feed_total,8.124,normalized-power,good,p298
2025-12-25T12:25:00Z,cab-a01,A,pdu-a,feed_total,8.131,normalized-power,good,p299
2025-12-25T12:25:00Z,cab-a01,B,pdu-b,feed_total,8.128,normalized-power,good,p300
2025-12-25T12:30:00Z,cab-a01,A,pdu-a,feed_total,8.136,normalized-power,good,p301
2025-12-25T12:30:00Z,cab-a01,B,pdu-b,feed_total,8.131,normalized-power,good,p302
2025-12-25T12:35:00Z,cab-a01,A,pdu-a,feed_total,8.141,normalized-power,good,p303
2025-12-25T12:35:00Z,cab-a01,B,pdu-b,feed_total,8.133,normalized-power,good,p304
2025-12-25T12:40:00Z,cab-a01,A,pdu-a,feed_total,8.145,normalized-power,good,p305
2025-12-25T12:40:00Z,cab-a01,B,pdu-b,feed_total,8.133,normalized-power,good,p306
2025-12-25T12:45:00Z,cab-a01,A,pdu-a,feed_total,8.148,normalized-power,good,p307
2025-12-25T12:45:00Z,cab-a01,B,pdu-b,feed_total,8.132,normalized-power,good,p308
2025-12-25T12:50:00Z,cab-a01,A,pdu-a,feed_total,8.151,normalized-power,good,p309
2025-12-25T12:50:00Z,cab-a01,B,pdu-b,feed_total,8.129,normalized-power,good,p310
2025-12-25T12:55:00Z,cab-a01,A,pdu-a,feed_total,8.152,normalized-power,good,p311
2025-12-25T12:55:00Z,cab-a01,B,pdu-b,feed_total,8.125,normalized-power,good,p312
2025-12-25T13:00:00Z,cab-a01,A,pdu-a,feed_total,8.152,normalized-power,good,p313
2025-12-25T13:00:00Z,cab-a01,B,pdu-b,feed_total,8.119,normalized-power,good,p314
2025-12-25T13:05:00Z,cab-a01,A,pdu-a,feed_total,8.15,normalized-power,good,p315
2025-12-25T13:05:00Z,cab-a01,B,pdu-b,feed_total,8.111,normalized-power,good,p316
2025-12-25T13:10:00Z,cab-a01,A,pdu-a,feed_total,8.148,normalized-power,good,p317
2025-12-25T13:10:00Z,cab-a01,B,pdu-b,feed_total,8.101,normalized-power,good,p318
2025-12-25T13:15:00Z,cab-a01,A,pdu-a,feed_total,8.144,normalized-power,good,p319
2025-12-25T13:15:00Z,cab-a01,B,pdu-b,feed_total,8.089,normalized-power,good,p320
2025-12-25T13:20:00Z,cab-a01,A,pdu-a,feed_total,8.139,normalized-power,good,p321
2025-12-25T13:20:00Z,cab-a01,B,pdu-b,feed_total,8.075,normalized-power,good,p322
2025-12-25T13:25:00Z,cab-a01,A,pdu-a,feed_total,8.132,normalized-power,good,p323
2025-12-25T13:25:00Z,cab-a01,B,pdu-b,feed_total,8.059,normalized-power,good,p324
2025-12-25T13:30:00Z,cab-a01,A,pdu-a,feed_total,8.124,normalized-power,good,p325
2025-12-25T13:30:00Z,cab-a01,B,pdu-b,feed_total,8.04,normalized-power,good,p326
2025-12-25T13:35:00Z,cab-a01,A,pdu-a,feed_total,8.114,normalized-power,good,p327
2025-12-25T13:35:00Z,cab-a01,B,pdu-b,feed_total,8.02,normalized-power,good,p328
2025-12-25T13:40:00Z,cab-a01,A,pdu-a,feed_total,8.103,normalized-power,good,p329
2025-12-25T13:40:00Z,cab-a01,B,pdu-b,feed_total,7.998,normalized-power,good,p330
2025-12-25T13:45:00Z,cab-a01,A,pdu-a,feed_total,8.09,normalized-power,good,p331
2025-12-25T13:45:00Z,cab-a01,B,pdu-b,feed_total,7.974,normalized-power,good,p332
2025-12-25T13:50:00Z,cab-a01,A,pdu-a,feed_total,8.075,normalized-power,good,p333
2025-12-25T13:50:00Z,cab-a01,B,pdu-b,feed_total,7.948,normalized-power,good,p334
2025-12-25T13:55:00Z,cab-a01,A,pdu-a,feed_total,8.06,normalized-power,good,p335
2025-12-25T13:55:00Z,cab-a01,B,pdu-b,feed_total,7.92,normalized-power,good,p336
2025-12-25T14:00:00Z,cab-a01,A,pdu-a,feed_total,8.043,normalized-power,good,p337
2025-12-25T14:00:00Z,cab-a01,B,pdu-b,feed_total,7.89,normalized-power,good,p338
2025-12-25T14:05:00Z,cab-a01,A,pdu-a,feed_total,8.024,normalized-power,good,p339
2025-12-25T14:05:00Z,cab-a01,B,pdu-b,feed_total,7.859,normalized-power,good,p340
2025-12-25T14:10:00Z,cab-a01,A,pdu-a,feed_total,8.005,normalized-power,good,p341
2025-12-25T14:10:00Z,cab-a01,B,pdu-b,feed_total,7.826,normalized-power,good,p342
2025-12-25T14:15:00Z,cab-a01,A,pdu-a,feed_total,7.985,normalized-power,good,p343
2025-12-25T14:15:00Z,cab-a01,B,pdu-b,feed_total,7.791,normalized-power,good,p344
2025-12-25T14:20:00Z,cab-a01,A,pdu-a,feed_total,7.963,normalized-power,good,p345
2025-12-25T14:20:00Z,cab-a01,B,pdu-b,feed_total,7.755,normalized-power,good,p346
2025-12-25T14:25:00Z,cab-a01,A,pdu-a,feed_total,7.94,normalized-power,good,p347
2025-12-25T14:25:00Z,cab-a01,B,pdu-b,feed_total,7.719,normalized-power,good,p348
2025-12-25T14:30:00Z,cab-a01,A,pdu-a,feed_total,7.917,normalized-power,good,p349
2025-12-25T14:30:00Z,cab-a01,B,pdu-b,feed_total,7.681,normalized-power,good,p350
2025-12-25T14:35:00Z,cab-a01,A,pdu-a,feed_total,7.893,normalized-power,good,p351
2025-12-25T14:35:00Z,cab-a01,B,pdu-b,feed_total,7.642,normalized-power,good,p352
2025-12-25T14:40:00Z,cab-a01,A,pdu-a,feed_total,7.869,normalized-power,good,p353
2025-12-25T14:40:00Z,cab-a01,B,pdu-b,feed_total,7.602,normalized-power,good,p354
2025-12-25T14:45:00Z,cab-a01,A,pdu-a,feed_total,7.844,normalized-power,good,p355
2025-12-25T14:45:00Z,cab-a01,B,pdu-b,feed_total,7.562,normalized-power,good,p356
2025-12-25T14:50:00Z,cab-a01,A,pdu-a,feed_total,7.819,normalized-power,good,p357
2025-12-25T14:50:00Z,cab-a01,B,pdu-b,feed_total,7.522,normalized-power,good,p358
2025-12-25T14:55:00Z,cab-a01,A,pdu-a,feed_total,7.794,normalized-power,good,p359
2025-12-25T14:55:00Z,cab-a01,B,pdu-b,feed_total,7.481,normalized-power,good,p360
2025-12-25T15:00:00Z,cab-a01,A,pdu-a,feed_total,7.77,normalized-power,good,p361
2025-12-25T15:00:00Z,cab-a01,B,pdu-b,feed_total,7.44,normalized-power,good,p362
2025-12-25T15:05:00Z,cab-a01,A,pdu-a,feed_total,7.745,normalized-power,good,p363
2025-12-25T15:05:00Z,cab-a01,B,pdu-b,feed_total,7.4,normalized-power,good,p364
2025-12-25T15:10:00Z,cab-a01,A,pdu-a,feed_total,7.721,normalized-power,good,p365
2025-12-25T15:10:00Z,cab-a01,B,pdu-b,feed_total,7.36,normalized-power,good,p366
2025-12-25T15:15:00Z,cab-a01,A,pdu-a,feed_total,7.698,normalized-power,good,p367
2025-12-25T15:15:00Z,cab-a01,B,pdu-b,feed_total,7.32,normalized-power,good,p368
2025-12-25T15:20:00Z,cab-a01,A,pdu-a,feed_total,7.676,normalized-power,good,p369
2025-12-25T15:20:00Z,cab-a01,B,pdu-b,feed_total,7.281,normalized-power,good,p370
2025-12-25T15:25:00Z,cab-a01,A,pdu-a,feed_total,7.654,normalized-power,good,p371
2025-12-25T15:25:00Z,cab-a01,B,pdu-b,feed_total,7.243,normalized-power,good,p372
2025-12-25T15:30:00Z,cab-a01,A,pdu-a,feed_total,7.633,normalized-power,good,p373
2025-12-25T15:30:00Z,cab-a01,B,pdu-b,feed_total,7.206,normalized-power,good,p374
2025-12-25T15:35:00Z,cab-a01,A,pdu-a,feed_total,7.614,normalized-power,good,p375
2025-12-25T15:35:00Z,cab-a01,B,pdu-b,feed_total,7.17,normalized-power,good,p376
2025-12-25T15:40:00Z,cab-a01,A,pdu-a,feed_total,7.597,normalized-power,good,p377
2025-12-25T15:40:00Z,cab-a01,B,pdu-b,feed_total,7.135,normalized-power,good,p378
2025-12-25T15:45:00Z,cab-a01,A,pdu-a,feed_total,7.58,normalized-power,good,p379
2025-12-25T15:45:00Z,cab-a01,B,pdu-b,feed_total,7.102,normalized-power,good,p380
2025-12-25T15:50:00Z,cab-a01,A,pdu-a,feed_total,7.566,normalized-power,good,p381
2025-12-25T15:50:00Z,cab-a01,B,pdu-b,feed_total,7.07,normalized-power,good,p382
2025-12-25T15:55:00Z,cab-a01,A,pdu-a,feed_total,7.553,normalized-power,good,p383
2025-12-25T15:55:00Z,cab-a01,B,pdu-b,feed_total,7.041,normalized-power,good,p384
2025-12-25T16:00:00Z,cab-a01,A,pdu-a,feed_total,7.543,normalized-power,good,p385
2025-12-25T16:00:00Z,cab-a01,B,pdu-b,feed_total,7.012,normalized-power,good,p386
2025-12-25T16:05:00Z,cab-a01,A,pdu-a,feed_total,7.533,normalized-power,good,p387
2025-12-25T16:05:00Z,cab-a01,B,pdu-b,feed_total,6.986,normalized-power,good,p388
2025-12-25T16:10:00Z,cab-a01,A,pdu-a,feed_total,7.526,normalized-power,good,p389
2025-12-25T16:10:00Z,cab-a01,B,pdu-b,feed_total,6.962,normalized-power,good,p390
2025-12-25T16:15:00Z,cab-a01,A,pdu-a,feed_total,7.522,normalized-power,good,p391
2025-12-25T16:15:00Z,cab-a01,B,pdu-b,feed_total,6.939,normalized-power,good,p392
2025-12-25T16:20:00Z,cab-a01,A,pdu-a,feed_total,7.52,normalized-power,good,p393
2025-12-25T16:20:00Z,cab-a01,B,pdu-b,feed_total,6.919,normalized-power,good,p394
2025-12-25T16:25:00Z,cab-a01,A,pdu-a,feed_total,7.519,normalized-power,good,p395
2025-12-25T16:25:00Z,cab-a01,B,pdu-b,feed_total,6.901,normalized-power,good,p396
2025-12-25T16:30:00Z,cab-a01,A,pdu-a,feed_total,7.522,normalized-power,good,p397
2025-12-25T16:30:00Z,cab-a01,B,pdu-b,feed_total,6.885,normalized-power,good,p398
2025-12-25T16:35:00Z,cab-a01,A,pdu-a,feed_total,7.526,normalized-power,good,p399
2025-12-25T16:35:00Z,cab-a01,B,pdu-b,feed_total,6.871,normalized-power,good,p400
2025-12-25T16:40:00Z,cab-a01,A,pdu-a,feed_total,7.532,normalized-power,good,p401
2025-12-25T16:40:00Z,cab-a01,B,pdu-b,feed_total,6.86,normalized-power,good,p402
2025-12-25T16:45:00Z,cab-a01,A,pdu-a,feed_total,7.541,normalized-power,good,p403
2025-12-25T16:45:00Z,cab-a01,B,pdu-b,feed_total,6.85,normalized-power,good,p404
2025-12-25T16:50:00Z,cab-a01,A,pdu-a,feed_total,7.552,normalized-power,good,p405
2025-12-25T16:50:00Z,cab-a01,B,pdu-b,feed_total,6.843,normalized-power,good,p406
2025-12-25T16:55:00Z,cab-a01,A,pdu-a,feed_total,7.565,normalized-power,good,p407
2025-12-25T16:55:00Z,cab-a01,B,pdu-b,feed_total,6.838,normalized-power,good,p408
2025-12-25T17:00:00Z,cab-a01,A,pdu-a,feed_total,7.58,normalized-power,good,p409
2025-12-25T17:00:00Z,cab-a01,B,pdu-b,feed_total,6.835,normalized-power,good,p410
2025-12-25T17:05:00Z,cab-a01,A,pdu-a,feed_total,7.598,normalized-power,good,p411
2025-12-25T17:05:00Z,cab-a01,B,pdu-b,feed_total,6.833,normalized-power,good,p412
2025-12-25T17:10:00Z,cab-a01,A,pdu-a,feed_total,7.616,normalized-power,good,p413
2025-12-25T17:10:00Z,cab-a01,B,pdu-b,feed_total,6.834,normalized-power,good,p414
2025-12-25T17:15:00Z,cab-a01,A,pdu-a,feed_total,7.637,normalized-power,good,p415
2025-12-25T17:15:00Z,cab-a01,B,pdu-b,feed_total,6.836,normalized-power,good,p416
2025-12-25T17:20:00Z,cab-a01,A,pdu-a,feed_total,7.66,normalized-power,good,p417
2025-12-25T17:20:00Z,cab-a01,B,pdu-b,feed_total,6.84,normalized-power,good,p418
2025-12-25T17:25:00Z,cab-a01,A,pdu-a,feed_total,7.684,normalized-power,good,p419
2025-12-25T17:25:00Z,cab-a01,B,pdu-b,feed_total,6.846,normalized-power,good,p420
2025-12-25T17:30:00Z,cab-a01,A,pdu-a,feed_total,7.71,normalized-power,good,p421
2025-12-25T17:30:00Z,cab-a01,B,pdu-b,feed_total,6.852,normalized-power,good,p422
2025-12-25T17:35:00Z,cab-a01,A,pdu-a,feed_total,7.736,normalized-power,good,p423
2025-12-25T17:35:00Z,cab-a01,B,pdu-b,feed_total,6.861,normalized-power,good,p424
2025-12-25T17:40:00Z,cab-a01,A,pdu-a,feed_total,7.764,normalized-power,good,p425
2025-12-25T17:40:00Z,cab-a01,B,pdu-b,feed_total,6.87,normalized-power,good,p426
2025-12-25T17:45:00Z,cab-a01,A,pdu-a,feed_total,7.793,normalized-power,good,p427
2025-12-25T17:45:00Z,cab-a01,B,pdu-b,feed_total,6.881,normalized-power,good,p428
2025-12-25T17:50:00Z,cab-a01,A,pdu-a,feed_total,7.823,normalized-power,good,p429
2025-12-25T17:50:00Z,cab-a01,B,pdu-b,feed_total,6.892,normalized-power,good,p430
2025-12-25T17:55:00Z,cab-a01,A,pdu-a,feed_total,7.853,normalized-power,good,p431
2025-12-25T17:55:00Z,cab-a01,B,pdu-b,feed_total,6.904,normalized-power,good,p432
2025-12-25T18:00:00Z,cab-a01,A,pdu-a,feed_total,7.883,normalized-power,good,p433
2025-12-25T18:00:00Z,cab-a01,B,pdu-b,feed_total,6.917,normalized-power,good,p434
2025-12-25T18:05:00Z,cab-a01,A,pdu-a,feed_total,7.914,normalized-power,good,p435
2025-12-25T18:05:00Z,cab-a01,B,pdu-b,feed_total,6.93,normalized-power,good,p436
2025-12-25T18:10:00Z,cab-a01,A,pdu-a,feed_total,7.945,normalized-power,good,p437
2025-12-25T18:10:00Z,cab-a01,B,pdu-b,feed_total,6.943,normalized-power,good,p438
2025-12-25T18:15:00Z,cab-a01,A,pdu-a,feed_total,7.975,normalized-power,good,p439
2025-12-25T18:15:00Z,cab-a01,B,pdu-b,feed_total,6.957,normalized-power,good,p440
2025-12-25T18:20:00Z,cab-a01,A,pdu-a,feed_total,8.005,normalized-power,good,p441
2025-12-25T18:20:00Z,cab-a01,B,pdu-b,feed_total,6.971,normalized-power,good,p442
2025-12-25T18:25:00Z,cab-a01,A,pdu-a,feed_total,8.035,normalized-power,good,p443
2025-12-25T18:25:00Z,cab-a01,B,pdu-b,feed_total,6.985,normalized-power,good,p444
2025-12-25T18:30:00Z,cab-a01,A,pdu-a,feed_total,8.064,normalized-power,good,p445
2025-12-25T18:30:00Z,cab-a01,B,pdu-b,feed_total,6.998,normalized-power,good,p446
2025-12-25T18:35:00Z,cab-a01,A,pdu-a,feed_total,8.092,normalized-power,good,p447
2025-12-25T18:35:00Z,cab-a01,B,pdu-b,feed_total,7.011,normalized-power,good,p448
2025-12-25T18:40:00Z,cab-a01,A,pdu-a,feed_total,8.119,normalized-power,good,p449
2025-12-25T18:40:00Z,cab-a01,B,pdu-b,feed_total,7.024,normalized-power,good,p450
2025-12-25T18:45:00Z,cab-a01,A,pdu-a,feed_total,8.145,normalized-power,good,p451
2025-12-25T18:45:00Z,cab-a01,B,pdu-b,feed_total,7.035,normalized-power,good,p452
2025-12-25T18:50:00Z,cab-a01,A,pdu-a,feed_total,8.17,normalized-power,good,p453
2025-12-25T18:50:00Z,cab-a01,B,pdu-b,feed_total,7.046,normalized-power,good,p454
2025-12-25T18:55:00Z,cab-a01,A,pdu-a,feed_total,8.193,normalized-power,good,p455
2025-12-25T18:55:00Z,cab-a01,B,pdu-b,feed_total,7.057,normalized-power,good,p456
2025-12-25T19:00:00Z,cab-a01,A,pdu-a,feed_total,8.214,normalized-power,good,p457
2025-12-25T19:00:00Z,cab-a01,B,pdu-b,feed_total,7.067,normalized-power,good,p458
2025-12-25T19:05:00Z,cab-a01,A,pdu-a,feed_total,8.234,normalized-power,good,p459
2025-12-25T19:05:00Z,cab-a01,B,pdu-b,feed_total,7.075,normalized-power,good,p460
2025-12-25T19:10:00Z,cab-a01,A,pdu-a,feed_total,8.252,normalized-power,good,p461
2025-12-25T19:10:00Z,cab-a01,B,pdu-b,feed_total,7.083,normalized-power,good,p462
2025-12-25T19:15:00Z,cab-a01,A,pdu-a,feed_total,8.268,normalized-power,good,p463
2025-12-25T19:15:00Z,cab-a01,B,pdu-b,feed_total,7.089,normalized-power,good,p464
2025-12-25T19:20:00Z,cab-a01,A,pdu-a,feed_total,8.283,normalized-power,good,p465
2025-12-25T19:20:00Z,cab-a01,B,pdu-b,feed_total,7.094,normalized-power,good,p466
2025-12-25T19:25:00Z,cab-a01,A,pdu-a,feed_total,8.295,normalized-power,good,p467
2025-12-25T19:25:00Z,cab-a01,B,pdu-b,feed_total,7.098,normalized-power,good,p468
2025-12-25T19:30:00Z,cab-a01,A,pdu-a,feed_total,8.306,normalized-power,good,p469
2025-12-25T19:30:00Z,cab-a01,B,pdu-b,feed_total,7.101,normalized-power,good,p470
2025-12-25T19:35:00Z,cab-a01,A,pdu-a,feed_total,8.314,normalized-power,good,p471
2025-12-25T19:35:00Z,cab-a01,B,pdu-b,feed_total,7.103,normalized-power,good,p472
2025-12-25T19:40:00Z,cab-a01,A,pdu-a,feed_total,8.32,normalized-power,good,p473
2025-12-25T19:40:00Z,cab-a01,B,pdu-b,feed_total,7.104,normalized-power,good,p474
2025-12-25T19:45:00Z,cab-a01,A,pdu-a,feed_total,8.324,normalized-power,good,p475
2025-12-25T19:45:00Z,cab-a01,B,pdu-b,feed_total,7.103,normalized-power,good,p476
2025-12-25T19:50:00Z,cab-a01,A,pdu-a,feed_total,8.326,normalized-power,good,p477
2025-12-25T19:50:00Z,cab-a01,B,pdu-b,feed_total,7.102,normalized-power,good,p478
2025-12-25T19:55:00Z,cab-a01,A,pdu-a,feed_total,8.327,normalized-power,good,p479
2025-12-25T19:55:00Z,cab-a01,B,pdu-b,feed_total,7.099,normalized-power,good,p480
2025-12-25T20:00:00Z,cab-a01,A,pdu-a,feed_total,8.325,normalized-power,good,p481
2025-12-25T20:00:00Z,cab-a01,B,pdu-b,feed_total,7.096,normalized-power,good,p482
2025-12-25T20:05:00Z,cab-a01,A,pdu-a,feed_total,8.322,normalized-power,good,p483
2025-12-25T20:05:00Z,cab-a01,B,pdu-b,feed_total,7.091,normalized-power,good,p484
2025-12-25T20:10:00Z,cab-a01,A,pdu-a,feed_total,8.317,normalized-power,good,p485
2025-12-25T20:10:00Z,cab-a01,B,pdu-b,feed_total,7.085,normalized-power,good,p486
2025-12-25T20:15:00Z,cab-a01,A,pdu-a,feed_total,8.31,normalized-power,good,p487
2025-12-25T20:15:00Z,cab-a01,B,pdu-b,feed_total,7.079,normalized-power,good,p488
2025-12-25T20:20:00Z,cab-a01,A,pdu-a,feed_total,8.302,normalized-power,good,p489
2025-12-25T20:20:00Z,cab-a01,B,pdu-b,feed_total,7.073,normalized-power,good,p490
2025-12-25T20:25:00Z,cab-a01,A,pdu-a,feed_total,8.293,normalized-power,good,p491
2025-12-25T20:25:00Z,cab-a01,B,pdu-b,feed_total,7.065,normalized-power,good,p492
2025-12-25T20:30:00Z,cab-a01,A,pdu-a,feed_total,8.282,normalized-power,good,p493
2025-12-25T20:30:00Z,cab-a01,B,pdu-b,feed_total,7.057,normalized-power,good,p494
2025-12-25T20:35:00Z,cab-a01,A,pdu-a,feed_total,8.27,normalized-power,good,p495
2025-12-25T20:35:00Z,cab-a01,B,pdu-b,feed_total,7.049,normalized-power,good,p496
2025-12-25T20:40:00Z,cab-a01,A,pdu-a,feed_total,8.258,normalized-power,good,p497
2025-12-25T20:40:00Z,cab-a01,B,pdu-b,feed_total,7.041,normalized-power,good,p498
2025-12-25T20:45:00Z,cab-a01,A,pdu-a,feed_total,8.245,normalized-power,good,p499
2025-12-25T20:45:00Z,cab-a01,B,pdu-b,feed_total,7.032,normalized-power,good,p500
2025-12-25T20:50:00Z,cab-a01,A,pdu-a,feed_total,8.231,normalized-power,good,p501
2025-12-25T20:50:00Z,cab-a01,B,pdu-b,feed_total,7.024,normalized-power,good,p502
2025-12-25T20:55:00Z,cab-a01,A,pdu-a,feed_total,8.216,normalized-power,good,p503
2025-12-25T20:55:00Z,cab-a01,B,pdu-b,feed_total,7.016,normalized-power,good,p504
2025-12-25T21:00:00Z,cab-a01,A,pdu-a,feed_total,8.202,normalized-power,good,p505
2025-12-25T21:00:00Z,cab-a01,B,pdu-b,feed_total,7.008,normalized-power,good,p506
2025-12-25T21:05:00Z,cab-a01,A,pdu-a,feed_total,8.187,normalized-power,good,p507
2025-12-25T21:05:00Z,cab-a01,B,pdu-b,feed_total,7.001,normalized-power,good,p508
2025-12-25T21:10:00Z,cab-a01,A,pdu-a,feed_total,8.173,normalized-power,good,p509
2025-12-25T21:10:00Z,cab-a01,B,pdu-b,feed_total,6.994,normalized-power,good,p510
2025-12-25T21:15:00Z,cab-a01,A,pdu-a,feed_total,8.159,normalized-power,good,p511
2025-12-25T21:15:00Z,cab-a01,B,pdu-b,feed_total,6.989,normalized-power,good,p512
2025-12-25T21:20:00Z,cab-a01,A,pdu-a,feed_total,8.145,normalized-power,good,p513
2025-12-25T21:20:00Z,cab-a01,B,pdu-b,feed_total,6.984,normalized-power,good,p514
2025-12-25T21:25:00Z,cab-a01,A,pdu-a,feed_total,8.132,normalized-power,good,p515
2025-12-25T21:25:00Z,cab-a01,B,pdu-b,feed_total,6.98,normalized-power,good,p516
2025-12-25T21:30:00Z,cab-a01,A,pdu-a,feed_total,8.12,normalized-power,good,p517
2025-12-25T21:30:00Z,cab-a01,B,pdu-b,feed_total,6.978,normalized-power,good,p518
2025-12-25T21:35:00Z,cab-a01,A,pdu-a,feed_total,8.109,normalized-power,good,p519
2025-12-25T21:35:00Z,cab-a01,B,pdu-b,feed_total,6.976,normalized-power,good,p520
2025-12-25T21:40:00Z,cab-a01,A,pdu-a,feed_total,8.099,normalized-power,good,p521
2025-12-25T21:40:00Z,cab-a01,B,pdu-b,feed_total,6.977,normalized-power,good,p522
2025-12-25T21:45:00Z,cab-a01,A,pdu-a,feed_total,8.09,normalized-power,good,p523
2025-12-25T21:45:00Z,cab-a01,B,pdu-b,feed_total,6.979,normalized-power,good,p524
2025-12-25T21:50:00Z,cab-a01,A,pdu-a,feed_total,8.083,normalized-power,good,p525
2025-12-25T21:50:00Z,cab-a01,B,pdu-b,feed_total,6.982,normalized-power,good,p526
2025-12-25T21:55:00Z,cab-a01,A,pdu-a,feed_total,8.077,normalized-power,good,p527
2025-12-25T21:55:00Z,cab-a01,B,pdu-b,feed_total,6.987,normalized-power,good,p528
2025-12-25T22:00:00Z,cab-a01,A,pdu-a,feed_total,8.072,normalized-power,good,p529
2025-12-25T22:00:00Z,cab-a01,B,pdu-b,feed_total,6.995,normalized-power,good,p530
2025-12-25T22:05:00Z,cab-a01,A,pdu-a,feed_total,8.07,normalized-power,good,p531
2025-12-25T22:05:00Z,cab-a01,B,pdu-b,feed_total,7.003,normalized-power,good,p532
2025-12-25T22:10:00Z,cab-a01,A,pdu-a,feed_total,8.069,normalized-power,good,p533
2025-12-25T22:10:00Z,cab-a01,B,pdu-b,feed_total,7.015,normalized-power,good,p534
2025-12-25T22:15:00Z,cab-a01,A,pdu-a,feed_total,8.07,normalized-power,good,p535
2025-12-25T22:15:00Z,cab-a01,B,pdu-b,feed_total,7.028,normalized-power,good,p536
2025-12-25T22:20:00Z,cab-a01,A,pdu-a,feed_total,8.073,normalized-power,good,p537
2025-12-25T22:20:00Z,cab-a01,B,pdu-b,feed_total,7.043,normalized-power,good,p538
2025-12-25T22:25:00Z,cab-a01,A,pdu-a,feed_total,8.078,normalized-power,good,p539
2025-12-25T22:25:00Z,cab-a01,B,pdu-b,feed_total,7.06,normalized-power,good,p540
2025-12-25T22:30:00Z,cab-a01,A,pdu-a,feed_total,8.084,normalized-power,good,p541
2025-12-25T22:30:00Z,cab-a01,B,pdu-b,feed_total,7.08,normalized-power,good,p542
2025-12-25T22:35:00Z,cab-a01,A,pdu-a,feed_total,8.093,normalized-power,good,p543
2025-12-25T22:35:00Z,cab-a01,B,pdu-b,feed_total,7.101,normalized-power,good,p544
2025-12-25T22:40:00Z,cab-a01,A,pdu-a,feed_total,8.104,normalized-power,good,p545
2025-12-25T22:40:00Z,cab-a01,B,pdu-b,feed_total,7.125,normalized-power,good,p546
2025-12-25T22:45:00Z,cab-a01,A,pdu-a,feed_total,8.116,normalized-power,good,p547
2025-12-25T22:45:00Z,cab-a01,B,pdu-b,feed_total,7.151,normalized-power,good,p548
2025-12-25T22:50:00Z,cab-a01,A,pdu-a,feed_total,8.13,normalized-power,good,p549
2025-12-25T22:50:00Z,cab-a01,B,pdu-b,feed_total,7.179,normalized-power,good,p550
2025-12-25T22:55:00Z,cab-a01,A,pdu-a,feed_total,8.146,normalized-power,good,p551
2025-12-25T22:55:00Z,cab-a01,B,pdu-b,feed_total,7.209,normalized-power,good,p552
2025-12-25T23:00:00Z,cab-a01,A,pdu-a,feed_total,8.164,normalized-power,good,p553
2025-12-25T23:00:00Z,cab-a01,B,pdu-b,feed_total,7.241,normalized-power,good,p554
2025-12-25T23:05:00Z,cab-a01,A,pdu-a,feed_total,8.183,normalized-power,good,p555
2025-12-25T23:05:00Z,cab-a01,B,pdu-b,feed_total,7.275,normalized-power,good,p556
2025-12-25T23:10:00Z,cab-a01,A,pdu-a,feed_total,8.204,normalized-power,good,p557
2025-12-25T23:10:00Z,cab-a01,B,pdu-b,feed_total,7.31,normalized-power,good,p558
2025-12-25T23:15:00Z,cab-a01,A,pdu-a,feed_total,8.226,normalized-power,good,p559
2025-12-25T23:15:00Z,cab-a01,B,pdu-b,feed_total,7.347,normalized-power,good,p560
2025-12-25T23:20:00Z,cab-a01,A,pdu-a,feed_total,8.25,normalized-power,good,p561
2025-12-25T23:20:00Z,cab-a01,B,pdu-b,feed_total,7.385,normalized-power,good,p562
2025-12-25T23:25:00Z,cab-a01,A,pdu-a,feed_total,8.275,normalized-power,good,p563
2025-12-25T23:25:00Z,cab-a01,B,pdu-b,feed_total,7.425,normalized-power,good,p564
2025-12-25T23:30:00Z,cab-a01,A,pdu-a,feed_total,8.3,normalized-power,good,p565
2025-12-25T23:30:00Z,cab-a01,B,pdu-b,feed_total,7.467,normalized-power,good,p566
2025-12-25T23:35:00Z,cab-a01,A,pdu-a,feed_total,8.327,normalized-power,good,p567
2025-12-25T23:35:00Z,cab-a01,B,pdu-b,feed_total,7.509,normalized-power,good,p568
2025-12-25T23:40:00Z,cab-a01,A,pdu-a,feed_total,8.354,normalized-power,good,p569
2025-12-25T23:40:00Z,cab-a01,B,pdu-b,feed_total,7.553,normalized-power,good,p570
2025-12-25T23:45:00Z,cab-a01,A,pdu-a,feed_total,8.382,normalized-power,good,p571
2025-12-25T23:45:00Z,cab-a01,B,pdu-b,feed_total,7.597,normalized-power,good,p572
2025-12-25T23:50:00Z,cab-a01,A,pdu-a,feed_total,8.41,normalized-power,good,p573
2025-12-25T23:50:00Z,cab-a01,B,pdu-b,feed_total,7.642,normalized-power,good,p574
2025-12-25T23:55:00Z,cab-a01,A,pdu-a,feed_total,8.439,normalized-power,good,p575
2025-12-25T23:55:00Z,cab-a01,B,pdu-b,feed_total,7.687,normalized-power,good,p576
2025-12-26T00:00:00Z,cab-a01,A,pdu-a,feed_total,8.467,normalized-power,good,p577
2025-12-26T00:00:00Z,cab-a01,B,pdu-b,feed_total,7.733,normalized-power,good,p578
2025-12-26T00:05:00Z,cab-a01,A,pdu-a,feed_total,8.496,normalized-power,good,p579
2025-12-26T00:05:00Z,cab-a01,B,pdu-b,feed_total,7.778,normalized-power,good,p580
2025-12-26T00:10:00Z,cab-a01,A,pdu-a,feed_total,8.524,normalized-power,good,p581
2025-12-26T00:10:00Z,cab-a01,B,pdu-b,feed_total,7.824,normalized-power,good,p582
2025-12-26T00:15:00Z,cab-a01,A,pdu-a,feed_total,8.551,normalized-power,good,p583
2025-12-26T00:15:00Z,cab-a01,B,pdu-b,feed_total,7.87,normalized-power,good,p584
2025-12-26T00:20:00Z,cab-a01,A,pdu-a,feed_total,8.578,normalized-power,good,p585
2025-12-26T00:20:00Z,cab-a01,B,pdu-b,feed_total,7.915,normalized-power,good,p586
2025-12-26T00:25:00Z,cab-a01,A,pdu-a,feed_total,8.604,normalized-power,good,p587
2025-12-26T00:25:00Z,cab-a01,B,pdu-b,feed_total,7.96,normalized-power,good,p588
2025-12-26T00:30:00Z,cab-a01,A,pdu-a,feed_total,8.63,normalized-power,good,p589
2025-12-26T00:30:00Z,cab-a01,B,pdu-b,feed_total,8.003,normalized-power,good,p590
2025-12-26T00:35:00Z,cab-a01,A,pdu-a,feed_total,8.654,normalized-power,good,p591
2025-12-26T00:35:00Z,cab-a01,B,pdu-b,feed_total,8.046,normalized-power,good,p592
2025-12-26T00:40:00Z,cab-a01,A,pdu-a,feed_total,8.676,normalized-power,good,p593
2025-12-26T00:40:00Z,cab-a01,B,pdu-b,feed_total,8.089,normalized-power,good,p594
2025-12-26T00:45:00Z,cab-a01,A,pdu-a,feed_total,8.698,normalized-power,good,p595
2025-12-26T00:45:00Z,cab-a01,B,pdu-b,feed_total,8.129,normalized-power,good,p596
2025-12-26T00:50:00Z,cab-a01,A,pdu-a,feed_total,8.718,normalized-power,good,p597
2025-12-26T00:50:00Z,cab-a01,B,pdu-b,feed_total,8.168,normalized-power,good,p598
2025-12-26T00:55:00Z,cab-a01,A,pdu-a,feed_total,8.736,normalized-power,good,p599
2025-12-26T00:55:00Z,cab-a01,B,pdu-b,feed_total,8.206,normalized-power,good,p600
2025-12-26T01:00:00Z,cab-a01,A,pdu-a,feed_total,8.752,normalized-power,good,p601
2025-12-26T01:00:00Z,cab-a01,B,pdu-b,feed_total,8.243,normalized-power,good,p602
2025-12-26T01:05:00Z,cab-a01,A,pdu-a,feed_total,8.768,normalized-power,good,p603
2025-12-26T01:05:00Z,cab-a01,B,pdu-b,feed_total,8.277,normalized-power,good,p604
2025-12-26T01:10:00Z,cab-a01,A,pdu-a,feed_total,8.781,normalized-power,good,p605
2025-12-26T01:10:00Z,cab-a01,B,pdu-b,feed_total,8.31,normalized-power,good,p606
2025-12-26T01:15:00Z,cab-a01,A,pdu-a,feed_total,8.792,normalized-power,good,p607
2025-12-26T01:15:00Z,cab-a01,B,pdu-b,feed_total,8.341,normalized-power,good,p608
2025-12-26T01:20:00Z,cab-a01,A,pdu-a,feed_total,8.801,normalized-power,good,p609
2025-12-26T01:20:00Z,cab-a01,B,pdu-b,feed_total,8.37,normalized-power,good,p610
2025-12-26T01:25:00Z,cab-a01,A,pdu-a,feed_total,8.809,normalized-power,good,p611
2025-12-26T01:25:00Z,cab-a01,B,pdu-b,feed_total,8.397,normalized-power,good,p612
2025-12-26T01:30:00Z,cab-a01,A,pdu-a,feed_total,8.814,normalized-power,good,p613
2025-12-26T01:30:00Z,cab-a01,B,pdu-b,feed_total,8.422,normalized-power,good,p614
2025-12-26T01:35:00Z,cab-a01,A,pdu-a,feed_total,8.817,normalized-power,good,p615
2025-12-26T01:35:00Z,cab-a01,B,pdu-b,feed_total,8.445,normalized-power,good,p616
2025-12-26T01:40:00Z,cab-a01,A,pdu-a,feed_total,8.819,normalized-power,good,p617
2025-12-26T01:40:00Z,cab-a01,B,pdu-b,feed_total,8.465,normalized-power,good,p618
2025-12-26T01:45:00Z,cab-a01,A,pdu-a,feed_total,8.818,normalized-power,good,p619
2025-12-26T01:45:00Z,cab-a01,B,pdu-b,feed_total,8.484,normalized-power,good,p620
2025-12-26T01:50:00Z,cab-a01,A,pdu-a,feed_total,8.816,normalized-power,good,p621
2025-12-26T01:50:00Z,cab-a01,B,pdu-b,feed_total,8.5,normalized-power,good,p622
2025-12-26T01:55:00Z,cab-a01,A,pdu-a,feed_total,8.812,normalized-power,good,p623
2025-12-26T01:55:00Z,cab-a01,B,pdu-b,feed_total,8.515,normalized-power,good,p624
2025-12-26T02:00:00Z,cab-a01,A,pdu-a,feed_total,8.806,normalized-power,good,p625
2025-12-26T02:00:00Z,cab-a01,B,pdu-b,feed_total,8.527,normalized-power,good,p626
2025-12-26T02:05:00Z,cab-a01,A,pdu-a,feed_total,8.799,normalized-power,good,p627
2025-12-26T02:05:00Z,cab-a01,B,pdu-b,feed_total,8.537,normalized-power,good,p628
2025-12-26T02:10:00Z,cab-a01,A,pdu-a,feed_total,8.79,normalized-power,good,p629
2025-12-26T02:10:00Z,cab-a01,B,pdu-b,feed_total,8.545,normalized-power,good,p630
2025-12-26T02:15:00Z,cab-a01,A,pdu-a,feed_total,8.779,normalized-power,good,p631
2025-12-26T02:15:00Z,cab-a01,B,pdu-b,feed_total,8.552,normalized-power,good,p632
2025-12-26T02:20:00Z,cab-a01,A,pdu-a,feed_total,8.768,normalized-power,good,p633
2025-12-26T02:20:00Z,cab-a01,B,pdu-b,feed_total,8.556,normalized-power,good,p634
2025-12-26T02:25:00Z,cab-a01,A,pdu-a,feed_total,8.755,normalized-power,good,p635
2025-12-26T02:25:00Z,cab-a01,B,pdu-b,feed_total,8.56,normalized-power,good,p636
2025-12-26T02:30:00Z,cab-a01,A,pdu-a,feed_total,8.741,normalized-power,good,p637
2025-12-26T02:30:00Z,cab-a01,B,pdu-b,feed_total,8.561,normalized-power,good,p638
2025-12-26T02:35:00Z,cab-a01,A,pdu-a,feed_total,8.726,normalized-power,good,p639
2025-12-26T02:35:00Z,cab-a01,B,pdu-b,feed_total,8.562,normalized-power,good,p640
2025-12-26T02:40:00Z,cab-a01,A,pdu-a,feed_total,8.711,normalized-power,good,p641
2025-12-26T02:40:00Z,cab-a01,B,pdu-b,feed_total,8.56,normalized-power,good,p642
2025-12-26T02:45:00Z,cab-a01,A,pdu-a,feed_total,8.694,normalized-power,good,p643
2025-12-26T02:45:00Z,cab-a01,B,pdu-b,feed_total,8.558,normalized-power,good,p644
2025-12-26T02:50:00Z,cab-a01,A,pdu-a,feed_total,8.678,normalized-power,good,p645
2025-12-26T02:50:00Z,cab-a01,B,pdu-b,feed_total,8.555,normalized-power,good,p646
2025-12-26T02:55:00Z,cab-a01,A,pdu-a,feed_total,8.662,normalized-power,good,p647
2025-12-26T02:55:00Z,cab-a01,B,pdu-b,feed_total,8.55,normalized-power,good,p648
2025-12-26T03:00:00Z,cab-a01,A,pdu-a,feed_total,8.645,normalized-power,good,p649
2025-12-26T03:00:00Z,cab-a01,B,pdu-b,feed_total,8.545,normalized-power,good,p650
2025-12-26T03:05:00Z,cab-a01,A,pdu-a,feed_total,8.628,normalized-power,good,p651
2025-12-26T03:05:00Z,cab-a01,B,pdu-b,feed_total,8.54,normalized-power,good,p652
2025-12-26T03:10:00Z,cab-a01,A,pdu-a,feed_total,8.611,normalized-power,good,p653
2025-12-26T03:10:00Z,cab-a01,B,pdu-b,feed_total,8.534,normalized-power,good,p654
2025-12-26T03:15:00Z,cab-a01,A,pdu-a,feed_total,8.595,normalized-power,good,p655
2025-12-26T03:15:00Z,cab-a01,B,pdu-b,feed_total,8.528,normalized-power,good,p656
2025-12-26T03:20:00Z,cab-a01,A,pdu-a,feed_total,8.58,normalized-power,good,p657
2025-12-26T03:20:00Z,cab-a01,B,pdu-b,feed_total,8.521,normalized-power,good,p658
2025-12-26T03:25:00Z,cab-a01,A,pdu-a,feed_total,8.565,normalized-power,good,p659
2025-12-26T03:25:00Z,cab-a01,B,pdu-b,feed_total,8.516,normalized-power,good,p660
2025-12-26T03:30:00Z,cab-a01,A,pdu-a,feed_total,8.551,normalized-power,good,p661
2025-12-26T03:30:00Z,cab-a01,B,pdu-b,feed_total,8.51,normalized-power,good,p662
2025-12-26T03:35:00Z,cab-a01,A,pdu-a,feed_total,8.538,normalized-power,good,p663
2025-12-26T03:35:00Z,cab-a01,B,pdu-b,feed_total,8.504,normalized-power,good,p664
2025-12-26T03:40:00Z,cab-a01,A,pdu-a,feed_total,8.526,normalized-power,good,p665
2025-12-26T03:40:00Z,cab-a01,B,pdu-b,feed_total,8.499,normalized-power,good,p666
2025-12-26T03:45:00Z,cab-a01,A,pdu-a,feed_total,8.516,normalized-power,good,p667
2025-12-26T03:45:00Z,cab-a01,B,pdu-b,feed_total,8.495,normalized-power,good,p668
2025-12-26T03:50:00Z,cab-a01,A,pdu-a,feed_total,8.507,normalized-power,good,p669
2025-12-26T03:50:00Z,cab-a01,B,pdu-b,feed_total,8.491,normalized-power,good,p670
2025-12-26T03:55:00Z,cab-a01,A,pdu-a,feed_total,8.5,normalized-power,good,p671
2025-12-26T03:55:00Z,cab-a01,B,pdu-b,feed_total,8.487,normalized-power,good,p672
2025-12-26T04:00:00Z,cab-a01,A,pdu-a,feed_total,8.494,normalized-power,good,p673
2025-12-26T04:00:00Z,cab-a01,B,pdu-b,feed_total,8.485,normalized-power,good,p674
2025-12-26T04:05:00Z,cab-a01,A,pdu-a,feed_total,8.49,normalized-power,good,p675
2025-12-26T04:05:00Z,cab-a01,B,pdu-b,feed_total,8.484,normalized-power,good,p676
2025-12-26T04:10:00Z,cab-a01,A,pdu-a,feed_total,8.487,normalized-power,good,p677
2025-12-26T04:10:00Z,cab-a01,B,pdu-b,feed_total,8.485,normalized-power,good,p678
2025-12-26T04:15:00Z,cab-a01,A,pdu-a,feed_total,8.487,normalized-power,good,p679
2025-12-26T04:15:00Z,cab-a01,B,pdu-b,feed_total,8.486,normalized-power,good,p680
2025-12-26T04:20:00Z,cab-a01,A,pdu-a,feed_total,8.488,normalized-power,good,p681
2025-12-26T04:20:00Z,cab-a01,B,pdu-b,feed_total,8.488,normalized-power,good,p682
2025-12-26T04:25:00Z,cab-a01,A,pdu-a,feed_total,8.492,normalized-power,good,p683
2025-12-26T04:25:00Z,cab-a01,B,pdu-b,feed_total,8.491,normalized-power,good,p684
2025-12-26T04:30:00Z,cab-a01,A,pdu-a,feed_total,8.497,normalized-power,good,p685
2025-12-26T04:30:00Z,cab-a01,B,pdu-b,feed_total,8.496,normalized-power,good,p686
2025-12-26T04:35:00Z,cab-a01,A,pdu-a,feed_total,8.504,normalized-power,good,p687
2025-12-26T04:35:00Z,cab-a01,B,pdu-b,feed_total,8.503,normalized-power,good,p688
2025-12-26T04:40:00Z,cab-a01,A,pdu-a,feed_total,8.513,normalized-power,good,p689
2025-12-26T04:40:00Z,cab-a01,B,pdu-b,feed_total,8.51,normalized-power,good,p690
2025-12-26T04:45:00Z,cab-a01,A,pdu-a,feed_total,8.525,normalized-power,good,p691
2025-12-26T04:45:00Z,cab-a01,B,pdu-b,feed_total,8.518,normalized-power,good,p692
2025-12-26T04:50:00Z,cab-a01,A,pdu-a,feed_total,8.537,normalized-power,good,p693
2025-12-26T04:50:00Z,cab-a01,B,pdu-b,feed_total,8.528,normalized-power,good,p694
2025-12-26T04:55:00Z,cab-a01,A,pdu-a,feed_total,8.552,normalized-power,good,p695
2025-12-26T04:55:00Z,cab-a01,B,pdu-b,feed_total,8.539,normalized-power,good,p696
2025-12-26T05:00:00Z,cab-a01,A,pdu-a,feed_total,8.569,normalized-power,good,p697
2025-12-26T05:00:00Z,cab-a01,B,pdu-b,feed_total,8.55,normalized-power,good,p698
2025-12-26T05:05:00Z,cab-a01,A,pdu-a,feed_total,8.587,normalized-power,good,p699
2025-12-26T05:05:00Z,cab-a01,B,pdu-b,feed_total,8.563,normalized-power,good,p700
2025-12-26T05:10:00Z,cab-a01,A,pdu-a,feed_total,8.607,normalized-power,good,p701
2025-12-26T05:10:00Z,cab-a01,B,pdu-b,feed_total,8.577,normalized-power,good,p702
2025-12-26T05:15:00Z,cab-a01,A,pdu-a,feed_total,8.628,normalized-power,good,p703
2025-12-26T05:15:00Z,cab-a01,B,pdu-b,feed_total,8.592,normalized-power,good,p704
2025-12-26T05:20:00Z,cab-a01,A,pdu-a,feed_total,8.651,normalized-power,good,p705
2025-12-26T05:20:00Z,cab-a01,B,pdu-b,feed_total,8.606,normalized-power,good,p706
2025-12-26T05:25:00Z,cab-a01,A,pdu-a,feed_total,8.675,normalized-power,good,p707
2025-12-26T05:25:00Z,cab-a01,B,pdu-b,feed_total,8.622,normalized-power,good,p708
2025-12-26T05:30:00Z,cab-a01,A,pdu-a,feed_total,8.7,normalized-power,good,p709
2025-12-26T05:30:00Z,cab-a01,B,pdu-b,feed_total,8.638,normalized-power,good,p710
2025-12-26T05:35:00Z,cab-a01,A,pdu-a,feed_total,8.726,normalized-power,good,p711
2025-12-26T05:35:00Z,cab-a01,B,pdu-b,feed_total,8.654,normalized-power,good,p712
2025-12-26T05:40:00Z,cab-a01,A,pdu-a,feed_total,8.753,normalized-power,good,p713
2025-12-26T05:40:00Z,cab-a01,B,pdu-b,feed_total,8.671,normalized-power,good,p714
2025-12-26T05:45:00Z,cab-a01,A,pdu-a,feed_total,8.78,normalized-power,good,p715
2025-12-26T05:45:00Z,cab-a01,B,pdu-b,feed_total,8.688,normalized-power,good,p716
2025-12-26T05:50:00Z,cab-a01,A,pdu-a,feed_total,8.808,normalized-power,good,p717
2025-12-26T05:50:00Z,cab-a01,B,pdu-b,feed_total,8.704,normalized-power,good,p718
2025-12-26T05:55:00Z,cab-a01,A,pdu-a,feed_total,8.836,normalized-power,good,p719
2025-12-26T05:55:00Z,cab-a01,B,pdu-b,feed_total,8.72,normalized-power,good,p720
2025-12-26T06:00:00Z,cab-a01,A,pdu-a,feed_total,8.865,normalized-power,good,p721
2025-12-26T06:00:00Z,cab-a01,B,pdu-b,feed_total,8.735,normalized-power,good,p722
2025-12-26T06:05:00Z,cab-a01,A,pdu-a,feed_total,8.893,normalized-power,good,p723
2025-12-26T06:05:00Z,cab-a01,B,pdu-b,feed_total,8.75,normalized-power,good,p724
2025-12-26T06:10:00Z,cab-a01,A,pdu-a,feed_total,8.922,normalized-power,good,p725
2025-12-26T06:10:00Z,cab-a01,B,pdu-b,feed_total,8.763,normalized-power,good,p726
2025-12-26T06:15:00Z,cab-a01,A,pdu-a,feed_total,8.95,normalized-power,good,p727
2025-12-26T06:15:00Z,cab-a01,B,pdu-b,feed_total,8.776,normalized-power,good,p728
2025-12-26T06:20:00Z,cab-a01,A,pdu-a,feed_total,8.977,normalized-power,good,p729
2025-12-26T06:20:00Z,cab-a01,B,pdu-b,feed_total,8.789,normalized-power,good,p730
2025-12-26T06:25:00Z,cab-a01,A,pdu-a,feed_total,9.004,normalized-power,good,p731
2025-12-26T06:25:00Z,cab-a01,B,pdu-b,feed_total,8.799,normalized-power,good,p732
2025-12-26T06:30:00Z,cab-a01,A,pdu-a,feed_total,9.03,normalized-power,good,p733
2025-12-26T06:30:00Z,cab-a01,B,pdu-b,feed_total,8.808,normalized-power,good,p734
2025-12-26T06:35:00Z,cab-a01,A,pdu-a,feed_total,9.055,normalized-power,good,p735
2025-12-26T06:35:00Z,cab-a01,B,pdu-b,feed_total,8.815,normalized-power,good,p736
2025-12-26T06:40:00Z,cab-a01,A,pdu-a,feed_total,9.079,normalized-power,good,p737
2025-12-26T06:40:00Z,cab-a01,B,pdu-b,feed_total,8.821,normalized-power,good,p738
2025-12-26T06:45:00Z,cab-a01,A,pdu-a,feed_total,9.101,normalized-power,good,p739
2025-12-26T06:45:00Z,cab-a01,B,pdu-b,feed_total,8.826,normalized-power,good,p740
2025-12-26T06:50:00Z,cab-a01,A,pdu-a,feed_total,9.122,normalized-power,good,p741
2025-12-26T06:50:00Z,cab-a01,B,pdu-b,feed_total,8.828,normalized-power,good,p742
2025-12-26T06:55:00Z,cab-a01,A,pdu-a,feed_total,9.141,normalized-power,good,p743
2025-12-26T06:55:00Z,cab-a01,B,pdu-b,feed_total,8.828,normalized-power,good,p744
2025-12-26T07:00:00Z,cab-a01,A,pdu-a,feed_total,9.159,normalized-power,good,p745
2025-12-26T07:00:00Z,cab-a01,B,pdu-b,feed_total,8.826,normalized-power,good,p746
2025-12-26T07:05:00Z,cab-a01,A,pdu-a,feed_total,9.175,normalized-power,good,p747
2025-12-26T07:05:00Z,cab-a01,B,pdu-b,feed_total,8.822,normalized-power,good,p748
2025-12-26T07:10:00Z,cab-a01,A,pdu-a,feed_total,9.189,normalized-power,good,p749
2025-12-26T07:10:00Z,cab-a01,B,pdu-b,feed_total,8.816,normalized-power,good,p750
2025-12-26T07:15:00Z,cab-a01,A,pdu-a,feed_total,9.202,normalized-power,good,p751
2025-12-26T07:15:00Z,cab-a01,B,pdu-b,feed_total,8.807,normalized-power,good,p752
2025-12-26T07:20:00Z,cab-a01,A,pdu-a,feed_total,9.212,normalized-power,good,p753
2025-12-26T07:20:00Z,cab-a01,B,pdu-b,feed_total,8.796,normalized-power,good,p754
2025-12-26T07:25:00Z,cab-a01,A,pdu-a,feed_total,9.22,normalized-power,good,p755
2025-12-26T07:25:00Z,cab-a01,B,pdu-b,feed_total,8.783,normalized-power,good,p756
2025-12-26T07:30:00Z,cab-a01,A,pdu-a,feed_total,9.225,normalized-power,good,p757
2025-12-26T07:30:00Z,cab-a01,B,pdu-b,feed_total,8.768,normalized-power,good,p758
2025-12-26T07:35:00Z,cab-a01,A,pdu-a,feed_total,9.229,normalized-power,good,p759
2025-12-26T07:35:00Z,cab-a01,B,pdu-b,feed_total,8.751,normalized-power,good,p760
2025-12-26T07:40:00Z,cab-a01,A,pdu-a,feed_total,9.231,normalized-power,good,p761
2025-12-26T07:40:00Z,cab-a01,B,pdu-b,feed_total,8.73,normalized-power,good,p762
2025-12-26T07:45:00Z,cab-a01,A,pdu-a,feed_total,9.23,normalized-power,good,p763
2025-12-26T07:45:00Z,cab-a01,B,pdu-b,feed_total,8.709,normalized-power,good,p764
2025-12-26T07:50:00Z,cab-a01,A,pdu-a,feed_total,9.228,normalized-power,good,p765
2025-12-26T07:50:00Z,cab-a01,B,pdu-b,feed_total,8.684,normalized-power,good,p766
2025-12-26T07:55:00Z,cab-a01,A,pdu-a,feed_total,9.223,normalized-power,good,p767
2025-12-26T07:55:00Z,cab-a01,B,pdu-b,feed_total,8.658,normalized-power,good,p768
2025-12-26T08:00:00Z,cab-a01,A,pdu-a,feed_total,9.216,normalized-power,good,p769
2025-12-26T08:00:00Z,cab-a01,B,pdu-b,feed_total,8.629,normalized-power,good,p770
2025-12-26T08:05:00Z,cab-a01,A,pdu-a,feed_total,9.207,normalized-power,good,p771
2025-12-26T08:05:00Z,cab-a01,B,pdu-b,feed_total,8.599,normalized-power,good,p772
2025-12-26T08:10:00Z,cab-a01,A,pdu-a,feed_total,9.197,normalized-power,good,p773
2025-12-26T08:10:00Z,cab-a01,B,pdu-b,feed_total,8.567,normalized-power,good,p774
2025-12-26T08:15:00Z,cab-a01,A,pdu-a,feed_total,9.184,normalized-power,good,p775
2025-12-26T08:15:00Z,cab-a01,B,pdu-b,feed_total,8.534,normalized-power,good,p776
2025-12-26T08:20:00Z,cab-a01,A,pdu-a,feed_total,9.17,normalized-power,good,p777
2025-12-26T08:20:00Z,cab-a01,B,pdu-b,feed_total,8.498,normalized-power,good,p778
2025-12-26T08:25:00Z,cab-a01,A,pdu-a,feed_total,9.154,normalized-power,good,p779
2025-12-26T08:25:00Z,cab-a01,B,pdu-b,feed_total,8.462,normalized-power,good,p780
2025-12-26T08:30:00Z,cab-a01,A,pdu-a,feed_total,9.137,normalized-power,good,p781
2025-12-26T08:30:00Z,cab-a01,B,pdu-b,feed_total,8.424,normalized-power,good,p782
2025-12-26T08:35:00Z,cab-a01,A,pdu-a,feed_total,9.118,normalized-power,good,p783
2025-12-26T08:35:00Z,cab-a01,B,pdu-b,feed_total,8.385,normalized-power,good,p784
2025-12-26T08:40:00Z,cab-a01,A,pdu-a,feed_total,9.098,normalized-power,good,p785
2025-12-26T08:40:00Z,cab-a01,B,pdu-b,feed_total,8.345,normalized-power,good,p786
2025-12-26T08:45:00Z,cab-a01,A,pdu-a,feed_total,9.077,normalized-power,good,p787
2025-12-26T08:45:00Z,cab-a01,B,pdu-b,feed_total,8.305,normalized-power,good,p788
2025-12-26T08:50:00Z,cab-a01,A,pdu-a,feed_total,9.055,normalized-power,good,p789
2025-12-26T08:50:00Z,cab-a01,B,pdu-b,feed_total,8.264,normalized-power,good,p790
2025-12-26T08:55:00Z,cab-a01,A,pdu-a,feed_total,9.033,normalized-power,good,p791
2025-12-26T08:55:00Z,cab-a01,B,pdu-b,feed_total,8.222,normalized-power,good,p792
2025-12-26T09:00:00Z,cab-a01,A,pdu-a,feed_total,9.01,normalized-power,good,p793
2025-12-26T09:00:00Z,cab-a01,B,pdu-b,feed_total,8.18,normalized-power,good,p794
2025-12-26T09:05:00Z,cab-a01,A,pdu-a,feed_total,8.986,normalized-power,good,p795
2025-12-26T09:05:00Z,cab-a01,B,pdu-b,feed_total,8.139,normalized-power,good,p796
2025-12-26T09:10:00Z,cab-a01,A,pdu-a,feed_total,8.962,normalized-power,good,p797
2025-12-26T09:10:00Z,cab-a01,B,pdu-b,feed_total,8.097,normalized-power,good,p798
2025-12-26T09:15:00Z,cab-a01,A,pdu-a,feed_total,8.939,normalized-power,good,p799
2025-12-26T09:15:00Z,cab-a01,B,pdu-b,feed_total,8.055,normalized-power,good,p800
2025-12-26T09:20:00Z,cab-a01,A,pdu-a,feed_total,8.915,normalized-power,good,p801
2025-12-26T09:20:00Z,cab-a01,B,pdu-b,feed_total,8.014,normalized-power,good,p802
2025-12-26T09:25:00Z,cab-a01,A,pdu-a,feed_total,8.891,normalized-power,good,p803
2025-12-26T09:25:00Z,cab-a01,B,pdu-b,feed_total,7.974,normalized-power,good,p804
2025-12-26T09:30:00Z,cab-a01,A,pdu-a,feed_total,8.868,normalized-power,good,p805
2025-12-26T09:30:00Z,cab-a01,B,pdu-b,feed_total,7.934,normalized-power,good,p806
2025-12-26T09:35:00Z,cab-a01,A,pdu-a,feed_total,8.846,normalized-power,good,p807
2025-12-26T09:35:00Z,cab-a01,B,pdu-b,feed_total,7.895,normalized-power,good,p808
2025-12-26T09:40:00Z,cab-a01,A,pdu-a,feed_total,8.825,normalized-power,good,p809
2025-12-26T09:40:00Z,cab-a01,B,pdu-b,feed_total,7.857,normalized-power,good,p810
2025-12-26T09:45:00Z,cab-a01,A,pdu-a,feed_total,8.803,normalized-power,good,p811
2025-12-26T09:45:00Z,cab-a01,B,pdu-b,feed_total,7.821,normalized-power,good,p812
2025-12-26T09:50:00Z,cab-a01,A,pdu-a,feed_total,8.784,normalized-power,good,p813
2025-12-26T09:50:00Z,cab-a01,B,pdu-b,feed_total,7.785,normalized-power,good,p814
2025-12-26T09:55:00Z,cab-a01,A,pdu-a,feed_total,8.765,normalized-power,good,p815
2025-12-26T09:55:00Z,cab-a01,B,pdu-b,feed_total,7.752,normalized-power,good,p816
2025-12-26T10:00:00Z,cab-a01,A,pdu-a,feed_total,8.747,normalized-power,good,p817
2025-12-26T10:00:00Z,cab-a01,B,pdu-b,feed_total,7.72,normalized-power,good,p818
2025-12-26T10:05:00Z,cab-a01,A,pdu-a,feed_total,8.731,normalized-power,good,p819
2025-12-26T10:05:00Z,cab-a01,B,pdu-b,feed_total,7.689,normalized-power,good,p820
2025-12-26T10:10:00Z,cab-a01,A,pdu-a,feed_total,8.717,normalized-power,good,p821
2025-12-26T10:10:00Z,cab-a01,B,pdu-b,feed_total,7.66,normalized-power,good,p822
2025-12-26T10:15:00Z,cab-a01,A,pdu-a,feed_total,8.703,normalized-power,good,p823
2025-12-26T10:15:00Z,cab-a01,B,pdu-b,feed_total,7.633,normalized-power,good,p824
2025-12-26T10:20:00Z,cab-a01,A,pdu-a,feed_total,8.691,normalized-power,good,p825
2025-12-26T10:20:00Z,cab-a01,B,pdu-b,feed_total,7.608,normalized-power,good,p826
2025-12-26T10:25:00Z,cab-a01,A,pdu-a,feed_total,8.682,normalized-power,good,p827
2025-12-26T10:25:00Z,cab-a01,B,pdu-b,feed_total,7.584,normalized-power,good,p828
2025-12-26T10:30:00Z,cab-a01,A,pdu-a,feed_total,8.673,normalized-power,good,p829
2025-12-26T10:30:00Z,cab-a01,B,pdu-b,feed_total,7.563,normalized-power,good,p830
2025-12-26T10:35:00Z,cab-a01,A,pdu-a,feed_total,8.666,normalized-power,good,p831
2025-12-26T10:35:00Z,cab-a01,B,pdu-b,feed_total,7.543,normalized-power,good,p832
2025-12-26T10:40:00Z,cab-a01,A,pdu-a,feed_total,8.661,normalized-power,good,p833
2025-12-26T10:40:00Z,cab-a01,B,pdu-b,feed_total,7.525,normalized-power,good,p834
2025-12-26T10:45:00Z,cab-a01,A,pdu-a,feed_total,8.657,normalized-power,good,p835
2025-12-26T10:45:00Z,cab-a01,B,pdu-b,feed_total,7.51,normalized-power,good,p836
2025-12-26T10:50:00Z,cab-a01,A,pdu-a,feed_total,8.655,normalized-power,good,p837
2025-12-26T10:50:00Z,cab-a01,B,pdu-b,feed_total,7.496,normalized-power,good,p838
2025-12-26T10:55:00Z,cab-a01,A,pdu-a,feed_total,8.655,normalized-power,good,p839
2025-12-26T10:55:00Z,cab-a01,B,pdu-b,feed_total,7.484,normalized-power,good,p840
2025-12-26T11:00:00Z,cab-a01,A,pdu-a,feed_total,8.655,normalized-power,good,p841
2025-12-26T11:00:00Z,cab-a01,B,pdu-b,feed_total,7.474,normalized-power,good,p842
2025-12-26T11:05:00Z,cab-a01,A,pdu-a,feed_total,8.658,normalized-power,good,p843
2025-12-26T11:05:00Z,cab-a01,B,pdu-b,feed_total,7.465,normalized-power,good,p844
2025-12-26T11:10:00Z,cab-a01,A,pdu-a,feed_total,8.661,normalized-power,good,p845
2025-12-26T11:10:00Z,cab-a01,B,pdu-b,feed_total,7.459,normalized-power,good,p846
2025-12-26T11:15:00Z,cab-a01,A,pdu-a,feed_total,8.667,normalized-power,good,p847
2025-12-26T11:15:00Z,cab-a01,B,pdu-b,feed_total,7.453,normalized-power,good,p848
2025-12-26T11:20:00Z,cab-a01,A,pdu-a,feed_total,8.672,normalized-power,good,p849
2025-12-26T11:20:00Z,cab-a01,B,pdu-b,feed_total,7.45,normalized-power,good,p850
2025-12-26T11:25:00Z,cab-a01,A,pdu-a,feed_total,8.679,normalized-power,good,p851
2025-12-26T11:25:00Z,cab-a01,B,pdu-b,feed_total,7.447,normalized-power,good,p852
2025-12-26T11:30:00Z,cab-a01,A,pdu-a,feed_total,8.687,normalized-power,good,p853
2025-12-26T11:30:00Z,cab-a01,B,pdu-b,feed_total,7.446,normalized-power,good,p854
2025-12-26T11:35:00Z,cab-a01,A,pdu-a,feed_total,8.695,normalized-power,good,p855
2025-12-26T11:35:00Z,cab-a01,B,pdu-b,feed_total,7.446,normalized-power,good,p856
2025-12-26T11:40:00Z,cab-a01,A,pdu-a,feed_total,8.704,normalized-power,good,p857
2025-12-26T11:40:00Z,cab-a01,B,pdu-b,feed_total,7.447,normalized-power,good,p858
2025-12-26T11:45:00Z,cab-a01,A,pdu-a,feed_total,8.713,normalized-power,good,p859
2025-12-26T11:45:00Z,cab-a01,B,pdu-b,feed_total,7.449,normalized-power,good,p860
2025-12-26T11:50:00Z,cab-a01,A,pdu-a,feed_total,8.723,normalized-power,good,p861
2025-12-26T11:50:00Z,cab-a01,B,pdu-b,feed_total,7.451,normalized-power,good,p862
2025-12-26T11:55:00Z,cab-a01,A,pdu-a,feed_total,10.351,normalized-power,good,p863
2025-12-26T11:55:00Z,cab-a01,B,pdu-b,feed_total,8.836,normalized-power,good,p864
2025-12-26T12:00:00Z,cab-a01,A,pdu-a,feed_total,10.36,normalized-power,good,p865
2025-12-26T12:00:00Z,cab-a01,B,pdu-b,feed_total,8.84,normalized-power,good,p866
2025-12-26T12:05:00Z,cab-a01,A,pdu-a,feed_total,10.37,normalized-power,good,p867
2025-12-26T12:05:00Z,cab-a01,B,pdu-b,feed_total,8.843,normalized-power,good,p868
2025-12-26T12:10:00Z,cab-a01,A,pdu-a,feed_total,8.759,normalized-power,good,p869
2025-12-26T12:10:00Z,cab-a01,B,pdu-b,feed_total,7.467,normalized-power,good,p870
2025-12-26T12:15:00Z,cab-a01,A,pdu-a,feed_total,8.767,normalized-power,good,p871
2025-12-26T12:15:00Z,cab-a01,B,pdu-b,feed_total,7.471,normalized-power,good,p872
2025-12-26T12:20:00Z,cab-a01,A,pdu-a,feed_total,8.774,normalized-power,good,p873
2025-12-26T12:20:00Z,cab-a01,B,pdu-b,feed_total,7.475,normalized-power,good,p874
2025-12-26T12:25:00Z,cab-a01,A,pdu-a,feed_total,8.78,normalized-power,good,p875
2025-12-26T12:25:00Z,cab-a01,B,pdu-b,feed_total,7.479,normalized-power,good,p876
2025-12-26T12:30:00Z,cab-a01,A,pdu-a,feed_total,8.784,normalized-power,good,p877
2025-12-26T12:30:00Z,cab-a01,B,pdu-b,feed_total,7.483,normalized-power,good,p878
2025-12-26T12:35:00Z,cab-a01,A,pdu-a,feed_total,8.788,normalized-power,good,p879
2025-12-26T12:35:00Z,cab-a01,B,pdu-b,feed_total,7.486,normalized-power,good,p880
2025-12-26T12:40:00Z,cab-a01,A,pdu-a,feed_total,8.79,normalized-power,good,p881
2025-12-26T12:40:00Z,cab-a01,B,pdu-b,feed_total,7.488,normalized-power,good,p882
2025-12-26T12:45:00Z,cab-a01,A,pdu-a,feed_total,8.79,normalized-power,good,p883
2025-12-26T12:45:00Z,cab-a01,B,pdu-b,feed_total,7.49,normalized-power,good,p884
2025-12-26T12:50:00Z,cab-a01,A,pdu-a,feed_total,8.789,normalized-power,good,p885
2025-12-26T12:50:00Z,cab-a01,B,pdu-b,feed_total,7.491,normalized-power,good,p886
2025-12-26T12:55:00Z,cab-a01,A,pdu-a,feed_total,8.786,normalized-power,good,p887
2025-12-26T12:55:00Z,cab-a01,B,pdu-b,feed_total,7.491,normalized-power,good,p888
2025-12-26T13:00:00Z,cab-a01,A,pdu-a,feed_total,8.781,normalized-power,good,p889
2025-12-26T13:00:00Z,cab-a01,B,pdu-b,feed_total,7.49,normalized-power,good,p890
2025-12-26T13:05:00Z,cab-a01,A,pdu-a,feed_total,8.773,normalized-power,good,p891
2025-12-26T13:05:00Z,cab-a01,B,pdu-b,feed_total,7.488,normalized-power,good,p892
2025-12-26T13:10:00Z,cab-a01,A,pdu-a,feed_total,8.764,normalized-power,good,p893
2025-12-26T13:10:00Z,cab-a01,B,pdu-b,feed_total,7.485,normalized-power,good,p894
2025-12-26T13:15:00Z,cab-a01,A,pdu-a,feed_total,8.753,normalized-power,good,p895
2025-12-26T13:15:00Z,cab-a01,B,pdu-b,feed_total,7.48,normalized-power,good,p896
2025-12-26T13:20:00Z,cab-a01,A,pdu-a,feed_total,8.74,normalized-power,good,p897
2025-12-26T13:20:00Z,cab-a01,B,pdu-b,feed_total,7.474,normalized-power,good,p898
2025-12-26T13:25:00Z,cab-a01,A,pdu-a,feed_total,8.724,normalized-power,good,p899
2025-12-26T13:25:00Z,cab-a01,B,pdu-b,feed_total,7.467,normalized-power,good,p900
2025-12-26T13:30:00Z,cab-a01,A,pdu-a,feed_total,8.706,normalized-power,good,p901
2025-12-26T13:30:00Z,cab-a01,B,pdu-b,feed_total,7.458,normalized-power,good,p902
2025-12-26T13:35:00Z,cab-a01,A,pdu-a,feed_total,8.685,normalized-power,good,p903
2025-12-26T13:35:00Z,cab-a01,B,pdu-b,feed_total,7.449,normalized-power,good,p904
2025-12-26T13:40:00Z,cab-a01,A,pdu-a,feed_total,8.663,normalized-power,good,p905
2025-12-26T13:40:00Z,cab-a01,B,pdu-b,feed_total,7.438,normalized-power,good,p906
2025-12-26T13:45:00Z,cab-a01,A,pdu-a,feed_total,8.639,normalized-power,good,p907
2025-12-26T13:45:00Z,cab-a01,B,pdu-b,feed_total,7.425,normalized-power,good,p908
2025-12-26T13:50:00Z,cab-a01,A,pdu-a,feed_total,8.612,normalized-power,good,p909
2025-12-26T13:50:00Z,cab-a01,B,pdu-b,feed_total,7.411,normalized-power,good,p910
2025-12-26T13:55:00Z,cab-a01,A,pdu-a,feed_total,8.584,normalized-power,good,p911
2025-12-26T13:55:00Z,cab-a01,B,pdu-b,feed_total,7.396,normalized-power,good,p912
2025-12-26T14:00:00Z,cab-a01,A,pdu-a,feed_total,8.553,normalized-power,good,p913
2025-12-26T14:00:00Z,cab-a01,B,pdu-b,feed_total,7.38,normalized-power,good,p914
2025-12-26T14:05:00Z,cab-a01,A,pdu-a,feed_total,8.52,normalized-power,good,p915
2025-12-26T14:05:00Z,cab-a01,B,pdu-b,feed_total,7.363,normalized-power,good,p916
2025-12-26T14:10:00Z,cab-a01,A,pdu-a,feed_total,8.487,normalized-power,good,p917
2025-12-26T14:10:00Z,cab-a01,B,pdu-b,feed_total,7.344,normalized-power,good,p918
2025-12-26T14:15:00Z,cab-a01,A,pdu-a,feed_total,8.451,normalized-power,good,p919
2025-12-26T14:15:00Z,cab-a01,B,pdu-b,feed_total,7.325,normalized-power,good,p920
2025-12-26T14:20:00Z,cab-a01,A,pdu-a,feed_total,8.413,normalized-power,good,p921
2025-12-26T14:20:00Z,cab-a01,B,pdu-b,feed_total,7.305,normalized-power,good,p922
2025-12-26T14:25:00Z,cab-a01,A,pdu-a,feed_total,8.375,normalized-power,good,p923
2025-12-26T14:25:00Z,cab-a01,B,pdu-b,feed_total,7.284,normalized-power,good,p924
2025-12-26T14:30:00Z,cab-a01,A,pdu-a,feed_total,8.336,normalized-power,good,p925
2025-12-26T14:30:00Z,cab-a01,B,pdu-b,feed_total,7.262,normalized-power,good,p926
2025-12-26T14:35:00Z,cab-a01,A,pdu-a,feed_total,8.295,normalized-power,good,p927
2025-12-26T14:35:00Z,cab-a01,B,pdu-b,feed_total,7.24,normalized-power,good,p928
2025-12-26T14:40:00Z,cab-a01,A,pdu-a,feed_total,8.254,normalized-power,good,p929
2025-12-26T14:40:00Z,cab-a01,B,pdu-b,feed_total,7.217,normalized-power,good,p930
2025-12-26T14:45:00Z,cab-a01,A,pdu-a,feed_total,8.211,normalized-power,good,p931
2025-12-26T14:45:00Z,cab-a01,B,pdu-b,feed_total,7.195,normalized-power,good,p932
2025-12-26T14:50:00Z,cab-a01,A,pdu-a,feed_total,8.169,normalized-power,good,p933
2025-12-26T14:50:00Z,cab-a01,B,pdu-b,feed_total,7.172,normalized-power,good,p934
2025-12-26T14:55:00Z,cab-a01,A,pdu-a,feed_total,8.126,normalized-power,good,p935
2025-12-26T14:55:00Z,cab-a01,B,pdu-b,feed_total,7.149,normalized-power,good,p936
2025-12-26T15:00:00Z,cab-a01,A,pdu-a,feed_total,8.084,normalized-power,good,p937
2025-12-26T15:00:00Z,cab-a01,B,pdu-b,feed_total,7.126,normalized-power,good,p938
2025-12-26T15:05:00Z,cab-a01,A,pdu-a,feed_total,8.041,normalized-power,good,p939
2025-12-26T15:05:00Z,cab-a01,B,pdu-b,feed_total,7.104,normalized-power,good,p940
2025-12-26T15:10:00Z,cab-a01,A,pdu-a,feed_total,7.999,normalized-power,good,p941
2025-12-26T15:10:00Z,cab-a01,B,pdu-b,feed_total,7.082,normalized-power,good,p942
2025-12-26T15:15:00Z,cab-a01,A,pdu-a,feed_total,7.957,normalized-power,good,p943
2025-12-26T15:15:00Z,cab-a01,B,pdu-b,feed_total,7.061,normalized-power,good,p944
2025-12-26T15:20:00Z,cab-a01,A,pdu-a,feed_total,7.916,normalized-power,good,p945
2025-12-26T15:20:00Z,cab-a01,B,pdu-b,feed_total,7.041,normalized-power,good,p946
2025-12-26T15:25:00Z,cab-a01,A,pdu-a,feed_total,7.876,normalized-power,good,p947
2025-12-26T15:25:00Z,cab-a01,B,pdu-b,feed_total,7.021,normalized-power,good,p948
2025-12-26T15:30:00Z,cab-a01,A,pdu-a,feed_total,7.837,normalized-power,good,p949
2025-12-26T15:30:00Z,cab-a01,B,pdu-b,feed_total,7.002,normalized-power,good,p950
2025-12-26T15:35:00Z,cab-a01,A,pdu-a,feed_total,7.799,normalized-power,good,p951
2025-12-26T15:35:00Z,cab-a01,B,pdu-b,feed_total,6.985,normalized-power,good,p952
2025-12-26T15:40:00Z,cab-a01,A,pdu-a,feed_total,7.763,normalized-power,good,p953
2025-12-26T15:40:00Z,cab-a01,B,pdu-b,feed_total,6.969,normalized-power,good,p954
2025-12-26T15:45:00Z,cab-a01,A,pdu-a,feed_total,7.727,normalized-power,good,p955
2025-12-26T15:45:00Z,cab-a01,B,pdu-b,feed_total,6.955,normalized-power,good,p956
2025-12-26T15:50:00Z,cab-a01,A,pdu-a,feed_total,7.694,normalized-power,good,p957
2025-12-26T15:50:00Z,cab-a01,B,pdu-b,feed_total,6.942,normalized-power,good,p958
2025-12-26T15:55:00Z,cab-a01,A,pdu-a,feed_total,7.663,normalized-power,good,p959
2025-12-26T15:55:00Z,cab-a01,B,pdu-b,feed_total,6.931,normalized-power,good,p960
2025-12-26T16:00:00Z,cab-a01,A,pdu-a,feed_total,7.633,normalized-power,good,p961
2025-12-26T16:00:00Z,cab-a01,B,pdu-b,feed_total,6.922,normalized-power,good,p962
2025-12-26T16:05:00Z,cab-a01,A,pdu-a,feed_total,7.605,normalized-power,good,p963
2025-12-26T16:05:00Z,cab-a01,B,pdu-b,feed_total,6.914,normalized-power,good,p964
2025-12-26T16:10:00Z,cab-a01,A,pdu-a,feed_total,7.58,normalized-power,good,p965
2025-12-26T16:10:00Z,cab-a01,B,pdu-b,feed_total,6.908,normalized-power,good,p966
2025-12-26T16:15:00Z,cab-a01,A,pdu-a,feed_total,7.556,normalized-power,good,p967
2025-12-26T16:15:00Z,cab-a01,B,pdu-b,feed_total,6.905,normalized-power,good,p968
2025-12-26T16:20:00Z,cab-a01,A,pdu-a,feed_total,7.536,normalized-power,good,p969
2025-12-26T16:20:00Z,cab-a01,B,pdu-b,feed_total,6.903,normalized-power,good,p970
2025-12-26T16:25:00Z,cab-a01,A,pdu-a,feed_total,7.517,normalized-power,good,p971
2025-12-26T16:25:00Z,cab-a01,B,pdu-b,feed_total,6.903,normalized-power,good,p972
2025-12-26T16:30:00Z,cab-a01,A,pdu-a,feed_total,7.5,normalized-power,good,p973
2025-12-26T16:30:00Z,cab-a01,B,pdu-b,feed_total,6.907,normalized-power,good,p974
2025-12-26T16:35:00Z,cab-a01,A,pdu-a,feed_total,7.486,normalized-power,good,p975
2025-12-26T16:35:00Z,cab-a01,B,pdu-b,feed_total,6.911,normalized-power,good,p976
2025-12-26T16:40:00Z,cab-a01,A,pdu-a,feed_total,7.474,normalized-power,good,p977
2025-12-26T16:40:00Z,cab-a01,B,pdu-b,feed_total,6.918,normalized-power,good,p978
2025-12-26T16:45:00Z,cab-a01,A,pdu-a,feed_total,7.464,normalized-power,good,p979
2025-12-26T16:45:00Z,cab-a01,B,pdu-b,feed_total,6.927,normalized-power,good,p980
2025-12-26T16:50:00Z,cab-a01,A,pdu-a,feed_total,7.457,normalized-power,good,p981
2025-12-26T16:50:00Z,cab-a01,B,pdu-b,feed_total,6.938,normalized-power,good,p982
2025-12-26T16:55:00Z,cab-a01,A,pdu-a,feed_total,7.452,normalized-power,good,p983
2025-12-26T16:55:00Z,cab-a01,B,pdu-b,feed_total,6.951,normalized-power,good,p984
2025-12-26T17:00:00Z,cab-a01,A,pdu-a,feed_total,7.449,normalized-power,good,p985
2025-12-26T17:00:00Z,cab-a01,B,pdu-b,feed_total,6.966,normalized-power,good,p986
2025-12-26T17:05:00Z,cab-a01,A,pdu-a,feed_total,7.448,normalized-power,good,p987
2025-12-26T17:05:00Z,cab-a01,B,pdu-b,feed_total,6.983,normalized-power,good,p988
2025-12-26T17:10:00Z,cab-a01,A,pdu-a,feed_total,7.449,normalized-power,good,p989
2025-12-26T17:10:00Z,cab-a01,B,pdu-b,feed_total,7.001,normalized-power,good,p990
2025-12-26T17:15:00Z,cab-a01,A,pdu-a,feed_total,7.452,normalized-power,good,p991
2025-12-26T17:15:00Z,cab-a01,B,pdu-b,feed_total,7.021,normalized-power,good,p992
2025-12-26T17:20:00Z,cab-a01,A,pdu-a,feed_total,7.457,normalized-power,good,p993
2025-12-26T17:20:00Z,cab-a01,B,pdu-b,feed_total,7.043,normalized-power,good,p994
2025-12-26T17:25:00Z,cab-a01,A,pdu-a,feed_total,7.463,normalized-power,good,p995
2025-12-26T17:25:00Z,cab-a01,B,pdu-b,feed_total,7.067,normalized-power,good,p996
2025-12-26T17:30:00Z,cab-a01,A,pdu-a,feed_total,7.471,normalized-power,good,p997
2025-12-26T17:30:00Z,cab-a01,B,pdu-b,feed_total,7.091,normalized-power,good,p998
2025-12-26T17:35:00Z,cab-a01,A,pdu-a,feed_total,7.48,normalized-power,good,p999
2025-12-26T17:35:00Z,cab-a01,B,pdu-b,feed_total,7.117,normalized-power,good,p1000
2025-12-26T17:40:00Z,cab-a01,A,pdu-a,feed_total,7.49,normalized-power,good,p1001
2025-12-26T17:40:00Z,cab-a01,B,pdu-b,feed_total,7.144,normalized-power,good,p1002
2025-12-26T17:45:00Z,cab-a01,A,pdu-a,feed_total,7.502,normalized-power,good,p1003
2025-12-26T17:45:00Z,cab-a01,B,pdu-b,feed_total,7.172,normalized-power,good,p1004
2025-12-26T17:50:00Z,cab-a01,A,pdu-a,feed_total,7.514,normalized-power,good,p1005
2025-12-26T17:50:00Z,cab-a01,B,pdu-b,feed_total,7.201,normalized-power,good,p1006
2025-12-26T17:55:00Z,cab-a01,A,pdu-a,feed_total,7.528,normalized-power,good,p1007
2025-12-26T17:55:00Z,cab-a01,B,pdu-b,feed_total,7.229,normalized-power,good,p1008
2025-12-26T18:00:00Z,cab-a01,A,pdu-a,feed_total,7.541,normalized-power,good,p1009
2025-12-26T18:00:00Z,cab-a01,B,pdu-b,feed_total,7.259,normalized-power,good,p1010
2025-12-26T18:05:00Z,cab-a01,A,pdu-a,feed_total,7.556,normalized-power,good,p1011
2025-12-26T18:05:00Z,cab-a01,B,pdu-b,feed_total,7.288,normalized-power,good,p1012
2025-12-26T18:10:00Z,cab-a01,A,pdu-a,feed_total,7.57,normalized-power,good,p1013
2025-12-26T18:10:00Z,cab-a01,B,pdu-b,feed_total,7.318,normalized-power,good,p1014
2025-12-26T18:15:00Z,cab-a01,A,pdu-a,feed_total,7.585,normalized-power,good,p1015
2025-12-26T18:15:00Z,cab-a01,B,pdu-b,feed_total,7.347,normalized-power,good,p1016
2025-12-26T18:20:00Z,cab-a01,A,pdu-a,feed_total,7.599,normalized-power,good,p1017
2025-12-26T18:20:00Z,cab-a01,B,pdu-b,feed_total,7.377,normalized-power,good,p1018
2025-12-26T18:25:00Z,cab-a01,A,pdu-a,feed_total,7.614,normalized-power,good,p1019
2025-12-26T18:25:00Z,cab-a01,B,pdu-b,feed_total,7.406,normalized-power,good,p1020
2025-12-26T18:30:00Z,cab-a01,A,pdu-a,feed_total,7.628,normalized-power,good,p1021
2025-12-26T18:30:00Z,cab-a01,B,pdu-b,feed_total,7.434,normalized-power,good,p1022
2025-12-26T18:35:00Z,cab-a01,A,pdu-a,feed_total,7.642,normalized-power,good,p1023
2025-12-26T18:35:00Z,cab-a01,B,pdu-b,feed_total,7.461,normalized-power,good,p1024
2025-12-26T18:40:00Z,cab-a01,A,pdu-a,feed_total,7.655,normalized-power,good,p1025
2025-12-26T18:40:00Z,cab-a01,B,pdu-b,feed_total,7.488,normalized-power,good,p1026
2025-12-26T18:45:00Z,cab-a01,A,pdu-a,feed_total,7.667,normalized-power,good,p1027
2025-12-26T18:45:00Z,cab-a01,B,pdu-b,feed_total,7.513,normalized-power,good,p1028
2025-12-26T18:50:00Z,cab-a01,A,pdu-a,feed_total,7.679,normalized-power,good,p1029
2025-12-26T18:50:00Z,cab-a01,B,pdu-b,feed_total,7.537,normalized-power,good,p1030
2025-12-26T18:55:00Z,cab-a01,A,pdu-a,feed_total,7.69,normalized-power,good,p1031
2025-12-26T18:55:00Z,cab-a01,B,pdu-b,feed_total,7.56,normalized-power,good,p1032
2025-12-26T19:00:00Z,cab-a01,A,pdu-a,feed_total,7.7,normalized-power,good,p1033
2025-12-26T19:00:00Z,cab-a01,B,pdu-b,feed_total,7.581,normalized-power,good,p1034
2025-12-26T19:05:00Z,cab-a01,A,pdu-a,feed_total,7.708,normalized-power,good,p1035
2025-12-26T19:05:00Z,cab-a01,B,pdu-b,feed_total,7.601,normalized-power,good,p1036
2025-12-26T19:10:00Z,cab-a01,A,pdu-a,feed_total,7.716,normalized-power,good,p1037
2025-12-26T19:10:00Z,cab-a01,B,pdu-b,feed_total,7.619,normalized-power,good,p1038
2025-12-26T19:15:00Z,cab-a01,A,pdu-a,feed_total,7.722,normalized-power,good,p1039
2025-12-26T19:15:00Z,cab-a01,B,pdu-b,feed_total,7.635,normalized-power,good,p1040
2025-12-26T19:20:00Z,cab-a01,A,pdu-a,feed_total,7.727,normalized-power,good,p1041
2025-12-26T19:20:00Z,cab-a01,B,pdu-b,feed_total,7.65,normalized-power,good,p1042
2025-12-26T19:25:00Z,cab-a01,A,pdu-a,feed_total,7.73,normalized-power,good,p1043
2025-12-26T19:25:00Z,cab-a01,B,pdu-b,feed_total,7.663,normalized-power,good,p1044
2025-12-26T19:30:00Z,cab-a01,A,pdu-a,feed_total,7.733,normalized-power,good,p1045
2025-12-26T19:30:00Z,cab-a01,B,pdu-b,feed_total,7.674,normalized-power,good,p1046
2025-12-26T19:35:00Z,cab-a01,A,pdu-a,feed_total,7.734,normalized-power,good,p1047
2025-12-26T19:35:00Z,cab-a01,B,pdu-b,feed_total,7.683,normalized-power,good,p1048
2025-12-26T19:40:00Z,cab-a01,A,pdu-a,feed_total,7.733,normalized-power,good,p1049
2025-12-26T19:40:00Z,cab-a01,B,pdu-b,feed_total,7.691,normalized-power,good,p1050
2025-12-26T19:45:00Z,cab-a01,A,pdu-a,feed_total,7.732,normalized-power,good,p1051
2025-12-26T19:45:00Z,cab-a01,B,pdu-b,feed_total,7.695,normalized-power,good,p1052
2025-12-26T19:50:00Z,cab-a01,A,pdu-a,feed_total,7.729,normalized-power,good,p1053
2025-12-26T19:50:00Z,cab-a01,B,pdu-b,feed_total,7.699,normalized-power,good,p1054
2025-12-26T19:55:00Z,cab-a01,A,pdu-a,feed_total,7.725,normalized-power,good,p1055
2025-12-26T19:55:00Z,cab-a01,B,pdu-b,feed_total,7.701,normalized-power,good,p1056
2025-12-26T20:00:00Z,cab-a01,A,pdu-a,feed_total,7.72,normalized-power,good,p1057
2025-12-26T20:00:00Z,cab-a01,B,pdu-b,feed_total,7.701,normalized-power,good,p1058
2025-12-26T20:05:00Z,cab-a01,A,pdu-a,feed_total,7.714,normalized-power,good,p1059
2025-12-26T20:05:00Z,cab-a01,B,pdu-b,feed_total,7.699,normalized-power,good,p1060
2025-12-26T20:10:00Z,cab-a01,A,pdu-a,feed_total,7.706,normalized-power,good,p1061
2025-12-26T20:10:00Z,cab-a01,B,pdu-b,feed_total,7.696,normalized-power,good,p1062
2025-12-26T20:15:00Z,cab-a01,A,pdu-a,feed_total,7.698,normalized-power,good,p1063
2025-12-26T20:15:00Z,cab-a01,B,pdu-b,feed_total,7.691,normalized-power,good,p1064
2025-12-26T20:20:00Z,cab-a01,A,pdu-a,feed_total,7.69,normalized-power,good,p1065
2025-12-26T20:20:00Z,cab-a01,B,pdu-b,feed_total,7.685,normalized-power,good,p1066
2025-12-26T20:25:00Z,cab-a01,A,pdu-a,feed_total,7.68,normalized-power,good,p1067
2025-12-26T20:25:00Z,cab-a01,B,pdu-b,feed_total,7.678,normalized-power,good,p1068
2025-12-26T20:30:00Z,cab-a01,A,pdu-a,feed_total,7.67,normalized-power,good,p1069
2025-12-26T20:30:00Z,cab-a01,B,pdu-b,feed_total,7.669,normalized-power,good,p1070
2025-12-26T20:35:00Z,cab-a01,A,pdu-a,feed_total,7.66,normalized-power,good,p1071
2025-12-26T20:35:00Z,cab-a01,B,pdu-b,feed_total,7.659,normalized-power,good,p1072
2025-12-26T20:40:00Z,cab-a01,A,pdu-a,feed_total,7.65,normalized-power,good,p1073
2025-12-26T20:40:00Z,cab-a01,B,pdu-b,feed_total,7.649,normalized-power,good,p1074
2025-12-26T20:45:00Z,cab-a01,A,pdu-a,feed_total,7.639,normalized-power,good,p1075
2025-12-26T20:45:00Z,cab-a01,B,pdu-b,feed_total,7.638,normalized-power,good,p1076
2025-12-26T20:50:00Z,cab-a01,A,pdu-a,feed_total,7.628,normalized-power,good,p1077
2025-12-26T20:50:00Z,cab-a01,B,pdu-b,feed_total,7.627,normalized-power,good,p1078
2025-12-26T20:55:00Z,cab-a01,A,pdu-a,feed_total,7.618,normalized-power,good,p1079
2025-12-26T20:55:00Z,cab-a01,B,pdu-b,feed_total,7.614,normalized-power,good,p1080
2025-12-26T21:00:00Z,cab-a01,A,pdu-a,feed_total,7.608,normalized-power,good,p1081
2025-12-26T21:00:00Z,cab-a01,B,pdu-b,feed_total,7.602,normalized-power,good,p1082
2025-12-26T21:05:00Z,cab-a01,A,pdu-a,feed_total,7.599,normalized-power,good,p1083
2025-12-26T21:05:00Z,cab-a01,B,pdu-b,feed_total,7.589,normalized-power,good,p1084
2025-12-26T21:10:00Z,cab-a01,A,pdu-a,feed_total,7.59,normalized-power,good,p1085
2025-12-26T21:10:00Z,cab-a01,B,pdu-b,feed_total,7.577,normalized-power,good,p1086
2025-12-26T21:15:00Z,cab-a01,A,pdu-a,feed_total,7.582,normalized-power,good,p1087
2025-12-26T21:15:00Z,cab-a01,B,pdu-b,feed_total,7.566,normalized-power,good,p1088
2025-12-26T21:20:00Z,cab-a01,A,pdu-a,feed_total,7.575,normalized-power,good,p1089
2025-12-26T21:20:00Z,cab-a01,B,pdu-b,feed_total,7.554,normalized-power,good,p1090
2025-12-26T21:25:00Z,cab-a01,A,pdu-a,feed_total,7.57,normalized-power,good,p1091
2025-12-26T21:25:00Z,cab-a01,B,pdu-b,feed_total,7.542,normalized-power,good,p1092
2025-12-26T21:30:00Z,cab-a01,A,pdu-a,feed_total,7.566,normalized-power,good,p1093
2025-12-26T21:30:00Z,cab-a01,B,pdu-b,feed_total,7.532,normalized-power,good,p1094
2025-12-26T21:35:00Z,cab-a01,A,pdu-a,feed_total,7.563,normalized-power,good,p1095
2025-12-26T21:35:00Z,cab-a01,B,pdu-b,feed_total,7.522,normalized-power,good,p1096
2025-12-26T21:40:00Z,cab-a01,A,pdu-a,feed_total,7.562,normalized-power,good,p1097
2025-12-26T21:40:00Z,cab-a01,B,pdu-b,feed_total,7.514,normalized-power,good,p1098
2025-12-26T21:45:00Z,cab-a01,A,pdu-a,feed_total,7.562,normalized-power,good,p1099
2025-12-26T21:45:00Z,cab-a01,B,pdu-b,feed_total,7.507,normalized-power,good,p1100
2025-12-26T21:50:00Z,cab-a01,A,pdu-a,feed_total,7.564,normalized-power,good,p1101
2025-12-26T21:50:00Z,cab-a01,B,pdu-b,feed_total,7.501,normalized-power,good,p1102
2025-12-26T21:55:00Z,cab-a01,A,pdu-a,feed_total,7.568,normalized-power,good,p1103
2025-12-26T21:55:00Z,cab-a01,B,pdu-b,feed_total,7.496,normalized-power,good,p1104
2025-12-26T22:00:00Z,cab-a01,A,pdu-a,feed_total,7.574,normalized-power,good,p1105
2025-12-26T22:00:00Z,cab-a01,B,pdu-b,feed_total,7.493,normalized-power,good,p1106
2025-12-26T22:05:00Z,cab-a01,A,pdu-a,feed_total,7.583,normalized-power,good,p1107
2025-12-26T22:05:00Z,cab-a01,B,pdu-b,feed_total,7.49,normalized-power,good,p1108
2025-12-26T22:10:00Z,cab-a01,A,pdu-a,feed_total,7.593,normalized-power,good,p1109
2025-12-26T22:10:00Z,cab-a01,B,pdu-b,feed_total,7.491,normalized-power,good,p1110
2025-12-26T22:15:00Z,cab-a01,A,pdu-a,feed_total,7.606,normalized-power,good,p1111
2025-12-26T22:15:00Z,cab-a01,B,pdu-b,feed_total,7.492,normalized-power,good,p1112
2025-12-26T22:20:00Z,cab-a01,A,pdu-a,feed_total,7.621,normalized-power,good,p1113
2025-12-26T22:20:00Z,cab-a01,B,pdu-b,feed_total,7.495,normalized-power,good,p1114
2025-12-26T22:25:00Z,cab-a01,A,pdu-a,feed_total,7.638,normalized-power,good,p1115
2025-12-26T22:25:00Z,cab-a01,B,pdu-b,feed_total,7.5,normalized-power,good,p1116
2025-12-26T22:30:00Z,cab-a01,A,pdu-a,feed_total,7.658,normalized-power,good,p1117
2025-12-26T22:30:00Z,cab-a01,B,pdu-b,feed_total,7.506,normalized-power,good,p1118
2025-12-26T22:35:00Z,cab-a01,A,pdu-a,feed_total,7.679,normalized-power,good,p1119
2025-12-26T22:35:00Z,cab-a01,B,pdu-b,feed_total,7.515,normalized-power,good,p1120
2025-12-26T22:40:00Z,cab-a01,A,pdu-a,feed_total,7.704,normalized-power,good,p1121
2025-12-26T22:40:00Z,cab-a01,B,pdu-b,feed_total,7.525,normalized-power,good,p1122
2025-12-26T22:45:00Z,cab-a01,A,pdu-a,feed_total,7.73,normalized-power,good,p1123
2025-12-26T22:45:00Z,cab-a01,B,pdu-b,feed_total,7.537,normalized-power,good,p1124
2025-12-26T22:50:00Z,cab-a01,A,pdu-a,feed_total,7.759,normalized-power,good,p1125
2025-12-26T22:50:00Z,cab-a01,B,pdu-b,feed_total,7.55,normalized-power,good,p1126
2025-12-26T22:55:00Z,cab-a01,A,pdu-a,feed_total,7.79,normalized-power,good,p1127
2025-12-26T22:55:00Z,cab-a01,B,pdu-b,feed_total,7.565,normalized-power,good,p1128
2025-12-26T23:00:00Z,cab-a01,A,pdu-a,feed_total,7.823,normalized-power,good,p1129
2025-12-26T23:00:00Z,cab-a01,B,pdu-b,feed_total,7.582,normalized-power,good,p1130
2025-12-26T23:05:00Z,cab-a01,A,pdu-a,feed_total,7.858,normalized-power,good,p1131
2025-12-26T23:05:00Z,cab-a01,B,pdu-b,feed_total,7.6,normalized-power,good,p1132
2025-12-26T23:10:00Z,cab-a01,A,pdu-a,feed_total,7.894,normalized-power,good,p1133
2025-12-26T23:10:00Z,cab-a01,B,pdu-b,feed_total,7.62,normalized-power,good,p1134
2025-12-26T23:15:00Z,cab-a01,A,pdu-a,feed_total,7.933,normalized-power,good,p1135
2025-12-26T23:15:00Z,cab-a01,B,pdu-b,feed_total,7.64,normalized-power,good,p1136
2025-12-26T23:20:00Z,cab-a01,A,pdu-a,feed_total,7.973,normalized-power,good,p1137
2025-12-26T23:20:00Z,cab-a01,B,pdu-b,feed_total,7.662,normalized-power,good,p1138
2025-12-26T23:25:00Z,cab-a01,A,pdu-a,feed_total,8.015,normalized-power,good,p1139
2025-12-26T23:25:00Z,cab-a01,B,pdu-b,feed_total,7.685,normalized-power,good,p1140
2025-12-26T23:30:00Z,cab-a01,A,pdu-a,feed_total,8.058,normalized-power,good,p1141
2025-12-26T23:30:00Z,cab-a01,B,pdu-b,feed_total,7.709,normalized-power,good,p1142
2025-12-26T23:35:00Z,cab-a01,A,pdu-a,feed_total,8.103,normalized-power,good,p1143
2025-12-26T23:35:00Z,cab-a01,B,pdu-b,feed_total,7.733,normalized-power,good,p1144
2025-12-26T23:40:00Z,cab-a01,A,pdu-a,feed_total,8.148,normalized-power,good,p1145
2025-12-26T23:40:00Z,cab-a01,B,pdu-b,feed_total,7.759,normalized-power,good,p1146
2025-12-26T23:45:00Z,cab-a01,A,pdu-a,feed_total,8.195,normalized-power,good,p1147
2025-12-26T23:45:00Z,cab-a01,B,pdu-b,feed_total,7.784,normalized-power,good,p1148
2025-12-26T23:50:00Z,cab-a01,A,pdu-a,feed_total,8.242,normalized-power,good,p1149
2025-12-26T23:50:00Z,cab-a01,B,pdu-b,feed_total,7.81,normalized-power,good,p1150
2025-12-26T23:55:00Z,cab-a01,A,pdu-a,feed_total,8.29,normalized-power,good,p1151
2025-12-26T23:55:00Z,cab-a01,B,pdu-b,feed_total,7.836,normalized-power,good,p1152
2025-12-27T00:00:00Z,cab-a01,A,pdu-a,feed_total,8.338,normalized-power,good,p1153
2025-12-27T00:00:00Z,cab-a01,B,pdu-b,feed_total,7.862,normalized-power,good,p1154
2025-12-27T00:05:00Z,cab-a01,A,pdu-a,feed_total,8.386,normalized-power,good,p1155
2025-12-27T00:05:00Z,cab-a01,B,pdu-b,feed_total,7.888,normalized-power,good,p1156
2025-12-27T00:10:00Z,cab-a01,A,pdu-a,feed_total,8.435,normalized-power,good,p1157
2025-12-27T00:10:00Z,cab-a01,B,pdu-b,feed_total,7.913,normalized-power,good,p1158
2025-12-27T00:15:00Z,cab-a01,A,pdu-a,feed_total,8.483,normalized-power,good,p1159
2025-12-27T00:15:00Z,cab-a01,B,pdu-b,feed_total,7.938,normalized-power,good,p1160
2025-12-27T00:20:00Z,cab-a01,A,pdu-a,feed_total,8.53,normalized-power,good,p1161
2025-12-27T00:20:00Z,cab-a01,B,pdu-b,feed_total,7.963,normalized-power,good,p1162
2025-12-27T00:25:00Z,cab-a01,A,pdu-a,feed_total,8.578,normalized-power,good,p1163
2025-12-27T00:25:00Z,cab-a01,B,pdu-b,feed_total,7.986,normalized-power,good,p1164
2025-12-27T00:30:00Z,cab-a01,A,pdu-a,feed_total,8.624,normalized-power,good,p1165
2025-12-27T00:30:00Z,cab-a01,B,pdu-b,feed_total,8.009,normalized-power,good,p1166
2025-12-27T00:35:00Z,cab-a01,A,pdu-a,feed_total,8.67,normalized-power,good,p1167
2025-12-27T00:35:00Z,cab-a01,B,pdu-b,feed_total,8.03,normalized-power,good,p1168
2025-12-27T00:40:00Z,cab-a01,A,pdu-a,feed_total,8.714,normalized-power,good,p1169
2025-12-27T00:40:00Z,cab-a01,B,pdu-b,feed_total,8.051,normalized-power,good,p1170
2025-12-27T00:45:00Z,cab-a01,A,pdu-a,feed_total,8.757,normalized-power,good,p1171
2025-12-27T00:45:00Z,cab-a01,B,pdu-b,feed_total,8.07,normalized-power,good,p1172
2025-12-27T00:50:00Z,cab-a01,A,pdu-a,feed_total,8.799,normalized-power,good,p1173
2025-12-27T00:50:00Z,cab-a01,B,pdu-b,feed_total,8.087,normalized-power,good,p1174
2025-12-27T00:55:00Z,cab-a01,A,pdu-a,feed_total,8.839,normalized-power,good,p1175
2025-12-27T00:55:00Z,cab-a01,B,pdu-b,feed_total,8.103,normalized-power,good,p1176
2025-12-27T01:00:00Z,cab-a01,A,pdu-a,feed_total,8.877,normalized-power,good,p1177
2025-12-27T01:00:00Z,cab-a01,B,pdu-b,feed_total,8.118,normalized-power,good,p1178
2025-12-27T01:05:00Z,cab-a01,A,pdu-a,feed_total,8.914,normalized-power,good,p1179
2025-12-27T01:05:00Z,cab-a01,B,pdu-b,feed_total,8.131,normalized-power,good,p1180
2025-12-27T01:10:00Z,cab-a01,A,pdu-a,feed_total,8.949,normalized-power,good,p1181
2025-12-27T01:10:00Z,cab-a01,B,pdu-b,feed_total,8.142,normalized-power,good,p1182
2025-12-27T01:15:00Z,cab-a01,A,pdu-a,feed_total,8.982,normalized-power,good,p1183
2025-12-27T01:15:00Z,cab-a01,B,pdu-b,feed_total,8.151,normalized-power,good,p1184
2025-12-27T01:20:00Z,cab-a01,A,pdu-a,feed_total,9.013,normalized-power,good,p1185
2025-12-27T01:20:00Z,cab-a01,B,pdu-b,feed_total,8.158,normalized-power,good,p1186
2025-12-27T01:25:00Z,cab-a01,A,pdu-a,feed_total,9.042,normalized-power,good,p1187
2025-12-27T01:25:00Z,cab-a01,B,pdu-b,feed_total,8.164,normalized-power,good,p1188
2025-12-27T01:30:00Z,cab-a01,A,pdu-a,feed_total,9.068,normalized-power,good,p1189
2025-12-27T01:30:00Z,cab-a01,B,pdu-b,feed_total,8.168,normalized-power,good,p1190
2025-12-27T01:35:00Z,cab-a01,A,pdu-a,feed_total,9.093,normalized-power,good,p1191
2025-12-27T01:35:00Z,cab-a01,B,pdu-b,feed_total,8.169,normalized-power,good,p1192
2025-12-27T01:40:00Z,cab-a01,A,pdu-a,feed_total,9.115,normalized-power,good,p1193
2025-12-27T01:40:00Z,cab-a01,B,pdu-b,feed_total,8.169,normalized-power,good,p1194
2025-12-27T01:45:00Z,cab-a01,A,pdu-a,feed_total,9.135,normalized-power,good,p1195
2025-12-27T01:45:00Z,cab-a01,B,pdu-b,feed_total,8.167,normalized-power,good,p1196
2025-12-27T01:50:00Z,cab-a01,A,pdu-a,feed_total,9.152,normalized-power,good,p1197
2025-12-27T01:50:00Z,cab-a01,B,pdu-b,feed_total,8.164,normalized-power,good,p1198
2025-12-27T01:55:00Z,cab-a01,A,pdu-a,feed_total,9.168,normalized-power,good,p1199
2025-12-27T01:55:00Z,cab-a01,B,pdu-b,feed_total,8.159,normalized-power,good,p1200
2025-12-27T02:00:00Z,cab-a01,A,pdu-a,feed_total,9.181,normalized-power,good,p1201
2025-12-27T02:00:00Z,cab-a01,B,pdu-b,feed_total,8.152,normalized-power,good,p1202
2025-12-27T02:05:00Z,cab-a01,A,pdu-a,feed_total,9.192,normalized-power,good,p1203
2025-12-27T02:05:00Z,cab-a01,B,pdu-b,feed_total,8.144,normalized-power,good,p1204
2025-12-27T02:10:00Z,cab-a01,A,pdu-a,feed_total,9.201,normalized-power,good,p1205
2025-12-27T02:10:00Z,cab-a01,B,pdu-b,feed_total,8.134,normalized-power,good,p1206
2025-12-27T02:15:00Z,cab-a01,A,pdu-a,feed_total,9.208,normalized-power,good,p1207
2025-12-27T02:15:00Z,cab-a01,B,pdu-b,feed_total,8.123,normalized-power,good,p1208
2025-12-27T02:20:00Z,cab-a01,A,pdu-a,feed_total,9.214,normalized-power,good,p1209
2025-12-27T02:20:00Z,cab-a01,B,pdu-b,feed_total,8.11,normalized-power,good,p1210
2025-12-27T02:25:00Z,cab-a01,A,pdu-a,feed_total,9.218,normalized-power,good,p1211
2025-12-27T02:25:00Z,cab-a01,B,pdu-b,feed_total,8.097,normalized-power,good,p1212
2025-12-27T02:30:00Z,cab-a01,A,pdu-a,feed_total,9.22,normalized-power,good,p1213
2025-12-27T02:30:00Z,cab-a01,B,pdu-b,feed_total,8.082,normalized-power,good,p1214
2025-12-27T02:35:00Z,cab-a01,A,pdu-a,feed_total,9.221,normalized-power,good,p1215
2025-12-27T02:35:00Z,cab-a01,B,pdu-b,feed_total,8.067,normalized-power,good,p1216
2025-12-27T02:40:00Z,cab-a01,A,pdu-a,feed_total,9.22,normalized-power,good,p1217
2025-12-27T02:40:00Z,cab-a01,B,pdu-b,feed_total,8.051,normalized-power,good,p1218
2025-12-27T02:45:00Z,cab-a01,A,pdu-a,feed_total,9.217,normalized-power,good,p1219
2025-12-27T02:45:00Z,cab-a01,B,pdu-b,feed_total,8.035,normalized-power,good,p1220
2025-12-27T02:50:00Z,cab-a01,A,pdu-a,feed_total,9.215,normalized-power,good,p1221
2025-12-27T02:50:00Z,cab-a01,B,pdu-b,feed_total,8.018,normalized-power,good,p1222
2025-12-27T02:55:00Z,cab-a01,A,pdu-a,feed_total,9.211,normalized-power,good,p1223
2025-12-27T02:55:00Z,cab-a01,B,pdu-b,feed_total,8.001,normalized-power,good,p1224
2025-12-27T03:00:00Z,cab-a01,A,pdu-a,feed_total,9.206,normalized-power,good,p1225
2025-12-27T03:00:00Z,cab-a01,B,pdu-b,feed_total,7.984,normalized-power,good,p1226
2025-12-27T03:05:00Z,cab-a01,A,pdu-a,feed_total,9.201,normalized-power,good,p1227
2025-12-27T03:05:00Z,cab-a01,B,pdu-b,feed_total,7.967,normalized-power,good,p1228
2025-12-27T03:10:00Z,cab-a01,A,pdu-a,feed_total,9.196,normalized-power,good,p1229
2025-12-27T03:10:00Z,cab-a01,B,pdu-b,feed_total,7.949,normalized-power,good,p1230
2025-12-27T03:15:00Z,cab-a01,A,pdu-a,feed_total,9.19,normalized-power,good,p1231
2025-12-27T03:15:00Z,cab-a01,B,pdu-b,feed_total,7.933,normalized-power,good,p1232
2025-12-27T03:20:00Z,cab-a01,A,pdu-a,feed_total,9.184,normalized-power,good,p1233
2025-12-27T03:20:00Z,cab-a01,B,pdu-b,feed_total,7.917,normalized-power,good,p1234
2025-12-27T03:25:00Z,cab-a01,A,pdu-a,feed_total,9.179,normalized-power,good,p1235
2025-12-27T03:25:00Z,cab-a01,B,pdu-b,feed_total,7.902,normalized-power,good,p1236
2025-12-27T03:30:00Z,cab-a01,A,pdu-a,feed_total,9.174,normalized-power,good,p1237
2025-12-27T03:30:00Z,cab-a01,B,pdu-b,feed_total,7.887,normalized-power,good,p1238
2025-12-27T03:35:00Z,cab-a01,A,pdu-a,feed_total,9.168,normalized-power,good,p1239
2025-12-27T03:35:00Z,cab-a01,B,pdu-b,feed_total,7.874,normalized-power,good,p1240
2025-12-27T03:40:00Z,cab-a01,A,pdu-a,feed_total,9.164,normalized-power,good,p1241
2025-12-27T03:40:00Z,cab-a01,B,pdu-b,feed_total,7.861,normalized-power,good,p1242
2025-12-27T03:45:00Z,cab-a01,A,pdu-a,feed_total,9.161,normalized-power,good,p1243
2025-12-27T03:45:00Z,cab-a01,B,pdu-b,feed_total,7.85,normalized-power,good,p1244
2025-12-27T03:50:00Z,cab-a01,A,pdu-a,feed_total,9.158,normalized-power,good,p1245
2025-12-27T03:50:00Z,cab-a01,B,pdu-b,feed_total,7.84,normalized-power,good,p1246
2025-12-27T03:55:00Z,cab-a01,A,pdu-a,feed_total,9.155,normalized-power,good,p1247
2025-12-27T03:55:00Z,cab-a01,B,pdu-b,feed_total,7.832,normalized-power,good,p1248
2025-12-27T04:00:00Z,cab-a01,A,pdu-a,feed_total,9.154,normalized-power,good,p1249
2025-12-27T04:00:00Z,cab-a01,B,pdu-b,feed_total,7.825,normalized-power,good,p1250
2025-12-27T04:05:00Z,cab-a01,A,pdu-a,feed_total,9.155,normalized-power,good,p1251
2025-12-27T04:05:00Z,cab-a01,B,pdu-b,feed_total,7.819,normalized-power,good,p1252
2025-12-27T04:10:00Z,cab-a01,A,pdu-a,feed_total,9.156,normalized-power,good,p1253
2025-12-27T04:10:00Z,cab-a01,B,pdu-b,feed_total,7.816,normalized-power,good,p1254
2025-12-27T04:15:00Z,cab-a01,A,pdu-a,feed_total,9.159,normalized-power,good,p1255
2025-12-27T04:15:00Z,cab-a01,B,pdu-b,feed_total,7.814,normalized-power,good,p1256
2025-12-27T04:20:00Z,cab-a01,A,pdu-a,feed_total,9.163,normalized-power,good,p1257
2025-12-27T04:20:00Z,cab-a01,B,pdu-b,feed_total,7.813,normalized-power,good,p1258
2025-12-27T04:25:00Z,cab-a01,A,pdu-a,feed_total,9.168,normalized-power,good,p1259
2025-12-27T04:25:00Z,cab-a01,B,pdu-b,feed_total,7.815,normalized-power,good,p1260
2025-12-27T04:30:00Z,cab-a01,A,pdu-a,feed_total,9.175,normalized-power,good,p1261
2025-12-27T04:30:00Z,cab-a01,B,pdu-b,feed_total,7.818,normalized-power,good,p1262
2025-12-27T04:35:00Z,cab-a01,A,pdu-a,feed_total,9.183,normalized-power,good,p1263
2025-12-27T04:35:00Z,cab-a01,B,pdu-b,feed_total,7.824,normalized-power,good,p1264
2025-12-27T04:40:00Z,cab-a01,A,pdu-a,feed_total,9.192,normalized-power,good,p1265
2025-12-27T04:40:00Z,cab-a01,B,pdu-b,feed_total,7.831,normalized-power,good,p1266
2025-12-27T04:45:00Z,cab-a01,A,pdu-a,feed_total,9.203,normalized-power,good,p1267
2025-12-27T04:45:00Z,cab-a01,B,pdu-b,feed_total,7.84,normalized-power,good,p1268
2025-12-27T04:50:00Z,cab-a01,A,pdu-a,feed_total,9.215,normalized-power,good,p1269
2025-12-27T04:50:00Z,cab-a01,B,pdu-b,feed_total,7.85,normalized-power,good,p1270
2025-12-27T04:55:00Z,cab-a01,A,pdu-a,feed_total,9.228,normalized-power,good,p1271
2025-12-27T04:55:00Z,cab-a01,B,pdu-b,feed_total,7.863,normalized-power,good,p1272
2025-12-27T05:00:00Z,cab-a01,A,pdu-a,feed_total,9.243,normalized-power,good,p1273
2025-12-27T05:00:00Z,cab-a01,B,pdu-b,feed_total,7.876,normalized-power,good,p1274
2025-12-27T05:05:00Z,cab-a01,A,pdu-a,feed_total,9.258,normalized-power,good,p1275
2025-12-27T05:05:00Z,cab-a01,B,pdu-b,feed_total,7.892,normalized-power,good,p1276
2025-12-27T05:10:00Z,cab-a01,A,pdu-a,feed_total,9.275,normalized-power,good,p1277
2025-12-27T05:10:00Z,cab-a01,B,pdu-b,feed_total,7.909,normalized-power,good,p1278
2025-12-27T05:15:00Z,cab-a01,A,pdu-a,feed_total,9.292,normalized-power,good,p1279
2025-12-27T05:15:00Z,cab-a01,B,pdu-b,feed_total,7.928,normalized-power,good,p1280
2025-12-27T05:20:00Z,cab-a01,A,pdu-a,feed_total,9.31,normalized-power,good,p1281
2025-12-27T05:20:00Z,cab-a01,B,pdu-b,feed_total,7.947,normalized-power,good,p1282
2025-12-27T05:25:00Z,cab-a01,A,pdu-a,feed_total,9.329,normalized-power,good,p1283
2025-12-27T05:25:00Z,cab-a01,B,pdu-b,feed_total,7.968,normalized-power,good,p1284
2025-12-27T05:30:00Z,cab-a01,A,pdu-a,feed_total,9.348,normalized-power,good,p1285
2025-12-27T05:30:00Z,cab-a01,B,pdu-b,feed_total,7.99,normalized-power,good,p1286
2025-12-27T05:35:00Z,cab-a01,A,pdu-a,feed_total,9.367,normalized-power,good,p1287
2025-12-27T05:35:00Z,cab-a01,B,pdu-b,feed_total,8.013,normalized-power,good,p1288
2025-12-27T05:40:00Z,cab-a01,A,pdu-a,feed_total,9.387,normalized-power,good,p1289
2025-12-27T05:40:00Z,cab-a01,B,pdu-b,feed_total,8.037,normalized-power,good,p1290
2025-12-27T05:45:00Z,cab-a01,A,pdu-a,feed_total,9.407,normalized-power,good,p1291
2025-12-27T05:45:00Z,cab-a01,B,pdu-b,feed_total,8.061,normalized-power,good,p1292
2025-12-27T05:50:00Z,cab-a01,A,pdu-a,feed_total,9.426,normalized-power,good,p1293
2025-12-27T05:50:00Z,cab-a01,B,pdu-b,feed_total,8.086,normalized-power,good,p1294
2025-12-27T05:55:00Z,cab-a01,A,pdu-a,feed_total,9.445,normalized-power,good,p1295
2025-12-27T05:55:00Z,cab-a01,B,pdu-b,feed_total,8.111,normalized-power,good,p1296
2025-12-27T06:00:00Z,cab-a01,A,pdu-a,feed_total,9.464,normalized-power,good,p1297
2025-12-27T06:00:00Z,cab-a01,B,pdu-b,feed_total,8.136,normalized-power,good,p1298
2025-12-27T06:05:00Z,cab-a01,A,pdu-a,feed_total,9.481,normalized-power,good,p1299
2025-12-27T06:05:00Z,cab-a01,B,pdu-b,feed_total,8.162,normalized-power,good,p1300
2025-12-27T06:10:00Z,cab-a01,A,pdu-a,feed_total,9.498,normalized-power,good,p1301
2025-12-27T06:10:00Z,cab-a01,B,pdu-b,feed_total,8.187,normalized-power,good,p1302
2025-12-27T06:15:00Z,cab-a01,A,pdu-a,feed_total,9.514,normalized-power,good,p1303
2025-12-27T06:15:00Z,cab-a01,B,pdu-b,feed_total,8.212,normalized-power,good,p1304
2025-12-27T06:20:00Z,cab-a01,A,pdu-a,feed_total,9.529,normalized-power,good,p1305
2025-12-27T06:20:00Z,cab-a01,B,pdu-b,feed_total,8.237,normalized-power,good,p1306
2025-12-27T06:25:00Z,cab-a01,A,pdu-a,feed_total,9.542,normalized-power,good,p1307
2025-12-27T06:25:00Z,cab-a01,B,pdu-b,feed_total,8.261,normalized-power,good,p1308
2025-12-27T06:30:00Z,cab-a01,A,pdu-a,feed_total,9.554,normalized-power,good,p1309
2025-12-27T06:30:00Z,cab-a01,B,pdu-b,feed_total,8.284,normalized-power,good,p1310
2025-12-27T06:35:00Z,cab-a01,A,pdu-a,feed_total,9.564,normalized-power,good,p1311
2025-12-27T06:35:00Z,cab-a01,B,pdu-b,feed_total,8.306,normalized-power,good,p1312
2025-12-27T06:40:00Z,cab-a01,A,pdu-a,feed_total,9.572,normalized-power,good,p1313
2025-12-27T06:40:00Z,cab-a01,B,pdu-b,feed_total,8.328,normalized-power,good,p1314
2025-12-27T06:45:00Z,cab-a01,A,pdu-a,feed_total,9.579,normalized-power,good,p1315
2025-12-27T06:45:00Z,cab-a01,B,pdu-b,feed_total,8.348,normalized-power,good,p1316
2025-12-27T06:50:00Z,cab-a01,A,pdu-a,feed_total,9.583,normalized-power,good,p1317
2025-12-27T06:50:00Z,cab-a01,B,pdu-b,feed_total,8.367,normalized-power,good,p1318
2025-12-27T06:55:00Z,cab-a01,A,pdu-a,feed_total,9.584,normalized-power,good,p1319
2025-12-27T06:55:00Z,cab-a01,B,pdu-b,feed_total,8.385,normalized-power,good,p1320
2025-12-27T07:00:00Z,cab-a01,A,pdu-a,feed_total,9.584,normalized-power,good,p1321
2025-12-27T07:00:00Z,cab-a01,B,pdu-b,feed_total,8.401,normalized-power,good,p1322
2025-12-27T07:05:00Z,cab-a01,A,pdu-a,feed_total,9.582,normalized-power,good,p1323
2025-12-27T07:05:00Z,cab-a01,B,pdu-b,feed_total,8.415,normalized-power,good,p1324
2025-12-27T07:10:00Z,cab-a01,A,pdu-a,feed_total,9.577,normalized-power,good,p1325
2025-12-27T07:10:00Z,cab-a01,B,pdu-b,feed_total,8.428,normalized-power,good,p1326
2025-12-27T07:15:00Z,cab-a01,A,pdu-a,feed_total,9.569,normalized-power,good,p1327
2025-12-27T07:15:00Z,cab-a01,B,pdu-b,feed_total,8.44,normalized-power,good,p1328
2025-12-27T07:20:00Z,cab-a01,A,pdu-a,feed_total,9.559,normalized-power,good,p1329
2025-12-27T07:20:00Z,cab-a01,B,pdu-b,feed_total,8.449,normalized-power,good,p1330
2025-12-27T07:25:00Z,cab-a01,A,pdu-a,feed_total,9.547,normalized-power,good,p1331
2025-12-27T07:25:00Z,cab-a01,B,pdu-b,feed_total,8.456,normalized-power,good,p1332
2025-12-27T07:30:00Z,cab-a01,A,pdu-a,feed_total,9.531,normalized-power,good,p1333
2025-12-27T07:30:00Z,cab-a01,B,pdu-b,feed_total,8.462,normalized-power,good,p1334
2025-12-27T07:35:00Z,cab-a01,A,pdu-a,feed_total,9.514,normalized-power,good,p1335
2025-12-27T07:35:00Z,cab-a01,B,pdu-b,feed_total,8.466,normalized-power,good,p1336
2025-12-27T07:40:00Z,cab-a01,A,pdu-a,feed_total,9.494,normalized-power,good,p1337
2025-12-27T07:40:00Z,cab-a01,B,pdu-b,feed_total,8.467,normalized-power,good,p1338
2025-12-27T07:45:00Z,cab-a01,A,pdu-a,feed_total,9.471,normalized-power,good,p1339
2025-12-27T07:45:00Z,cab-a01,B,pdu-b,feed_total,8.468,normalized-power,good,p1340
2025-12-27T07:50:00Z,cab-a01,A,pdu-a,feed_total,9.447,normalized-power,good,p1341
2025-12-27T07:50:00Z,cab-a01,B,pdu-b,feed_total,8.465,normalized-power,good,p1342
2025-12-27T07:55:00Z,cab-a01,A,pdu-a,feed_total,9.419,normalized-power,good,p1343
2025-12-27T07:55:00Z,cab-a01,B,pdu-b,feed_total,8.462,normalized-power,good,p1344
2025-12-27T08:00:00Z,cab-a01,A,pdu-a,feed_total,9.39,normalized-power,good,p1345
2025-12-27T08:00:00Z,cab-a01,B,pdu-b,feed_total,8.455,normalized-power,good,p1346
2025-12-27T08:05:00Z,cab-a01,A,pdu-a,feed_total,9.358,normalized-power,good,p1347
2025-12-27T08:05:00Z,cab-a01,B,pdu-b,feed_total,8.448,normalized-power,good,p1348
2025-12-27T08:10:00Z,cab-a01,A,pdu-a,feed_total,9.325,normalized-power,good,p1349
2025-12-27T08:10:00Z,cab-a01,B,pdu-b,feed_total,8.439,normalized-power,good,p1350
2025-12-27T08:15:00Z,cab-a01,A,pdu-a,feed_total,9.29,normalized-power,good,p1351
2025-12-27T08:15:00Z,cab-a01,B,pdu-b,feed_total,8.428,normalized-power,good,p1352
2025-12-27T08:20:00Z,cab-a01,A,pdu-a,feed_total,9.252,normalized-power,good,p1353
2025-12-27T08:20:00Z,cab-a01,B,pdu-b,feed_total,8.416,normalized-power,good,p1354
2025-12-27T08:25:00Z,cab-a01,A,pdu-a,feed_total,9.214,normalized-power,good,p1355
2025-12-27T08:25:00Z,cab-a01,B,pdu-b,feed_total,8.402,normalized-power,good,p1356
2025-12-27T08:30:00Z,cab-a01,A,pdu-a,feed_total,9.174,normalized-power,good,p1357
2025-12-27T08:30:00Z,cab-a01,B,pdu-b,feed_total,8.387,normalized-power,good,p1358
2025-12-27T08:35:00Z,cab-a01,A,pdu-a,feed_total,9.132,normalized-power,good,p1359
2025-12-27T08:35:00Z,cab-a01,B,pdu-b,feed_total,8.371,normalized-power,good,p1360
2025-12-27T08:40:00Z,cab-a01,A,pdu-a,feed_total,9.09,normalized-power,good,p1361
2025-12-27T08:40:00Z,cab-a01,B,pdu-b,feed_total,8.353,normalized-power,good,p1362
2025-12-27T08:45:00Z,cab-a01,A,pdu-a,feed_total,9.047,normalized-power,good,p1363
2025-12-27T08:45:00Z,cab-a01,B,pdu-b,feed_total,8.335,normalized-power,good,p1364
2025-12-27T08:50:00Z,cab-a01,A,pdu-a,feed_total,9.003,normalized-power,good,p1365
2025-12-27T08:50:00Z,cab-a01,B,pdu-b,feed_total,8.316,normalized-power,good,p1366
2025-12-27T08:55:00Z,cab-a01,A,pdu-a,feed_total,8.958,normalized-power,good,p1367
2025-12-27T08:55:00Z,cab-a01,B,pdu-b,feed_total,8.297,normalized-power,good,p1368
2025-12-27T09:00:00Z,cab-a01,A,pdu-a,feed_total,8.914,normalized-power,good,p1369
2025-12-27T09:00:00Z,cab-a01,B,pdu-b,feed_total,8.276,normalized-power,good,p1370
2025-12-27T09:05:00Z,cab-a01,A,pdu-a,feed_total,8.869,normalized-power,good,p1371
2025-12-27T09:05:00Z,cab-a01,B,pdu-b,feed_total,8.256,normalized-power,good,p1372
2025-12-27T09:10:00Z,cab-a01,A,pdu-a,feed_total,8.824,normalized-power,good,p1373
2025-12-27T09:10:00Z,cab-a01,B,pdu-b,feed_total,8.235,normalized-power,good,p1374
2025-12-27T09:15:00Z,cab-a01,A,pdu-a,feed_total,8.779,normalized-power,good,p1375
2025-12-27T09:15:00Z,cab-a01,B,pdu-b,feed_total,8.215,normalized-power,good,p1376
2025-12-27T09:20:00Z,cab-a01,A,pdu-a,feed_total,8.735,normalized-power,good,p1377
2025-12-27T09:20:00Z,cab-a01,B,pdu-b,feed_total,8.194,normalized-power,good,p1378
2025-12-27T09:25:00Z,cab-a01,A,pdu-a,feed_total,8.691,normalized-power,good,p1379
2025-12-27T09:25:00Z,cab-a01,B,pdu-b,feed_total,8.174,normalized-power,good,p1380
2025-12-27T09:30:00Z,cab-a01,A,pdu-a,feed_total,8.648,normalized-power,good,p1381
2025-12-27T09:30:00Z,cab-a01,B,pdu-b,feed_total,8.154,normalized-power,good,p1382
2025-12-27T09:35:00Z,cab-a01,A,pdu-a,feed_total,8.607,normalized-power,good,p1383
2025-12-27T09:35:00Z,cab-a01,B,pdu-b,feed_total,8.134,normalized-power,good,p1384
2025-12-27T09:40:00Z,cab-a01,A,pdu-a,feed_total,8.566,normalized-power,good,p1385
2025-12-27T09:40:00Z,cab-a01,B,pdu-b,feed_total,8.116,normalized-power,good,p1386
2025-12-27T09:45:00Z,cab-a01,A,pdu-a,feed_total,8.526,normalized-power,good,p1387
2025-12-27T09:45:00Z,cab-a01,B,pdu-b,feed_total,8.098,normalized-power,good,p1388
2025-12-27T09:50:00Z,cab-a01,A,pdu-a,feed_total,8.488,normalized-power,good,p1389
2025-12-27T09:50:00Z,cab-a01,B,pdu-b,feed_total,8.081,normalized-power,good,p1390
2025-12-27T09:55:00Z,cab-a01,A,pdu-a,feed_total,8.452,normalized-power,good,p1391
2025-12-27T09:55:00Z,cab-a01,B,pdu-b,feed_total,8.065,normalized-power,good,p1392
2025-12-27T10:00:00Z,cab-a01,A,pdu-a,feed_total,8.416,normalized-power,good,p1393
2025-12-27T10:00:00Z,cab-a01,B,pdu-b,feed_total,8.051,normalized-power,good,p1394
2025-12-27T10:05:00Z,cab-a01,A,pdu-a,feed_total,8.383,normalized-power,good,p1395
2025-12-27T10:05:00Z,cab-a01,B,pdu-b,feed_total,8.037,normalized-power,good,p1396
2025-12-27T10:10:00Z,cab-a01,A,pdu-a,feed_total,8.352,normalized-power,good,p1397
2025-12-27T10:10:00Z,cab-a01,B,pdu-b,feed_total,8.025,normalized-power,good,p1398
2025-12-27T10:15:00Z,cab-a01,A,pdu-a,feed_total,8.322,normalized-power,good,p1399
2025-12-27T10:15:00Z,cab-a01,B,pdu-b,feed_total,8.014,normalized-power,good,p1400
2025-12-27T10:20:00Z,cab-a01,A,pdu-a,feed_total,8.294,normalized-power,good,p1401
2025-12-27T10:20:00Z,cab-a01,B,pdu-b,feed_total,8.005,normalized-power,good,p1402
2025-12-27T10:25:00Z,cab-a01,A,pdu-a,feed_total,8.269,normalized-power,good,p1403
2025-12-27T10:25:00Z,cab-a01,B,pdu-b,feed_total,7.997,normalized-power,good,p1404
2025-12-27T10:30:00Z,cab-a01,A,pdu-a,feed_total,8.245,normalized-power,good,p1405
2025-12-27T10:30:00Z,cab-a01,B,pdu-b,feed_total,7.991,normalized-power,good,p1406
2025-12-27T10:35:00Z,cab-a01,A,pdu-a,feed_total,8.223,normalized-power,good,p1407
2025-12-27T10:35:00Z,cab-a01,B,pdu-b,feed_total,7.986,normalized-power,good,p1408
2025-12-27T10:40:00Z,cab-a01,A,pdu-a,feed_total,8.204,normalized-power,good,p1409
2025-12-27T10:40:00Z,cab-a01,B,pdu-b,feed_total,7.982,normalized-power,good,p1410
2025-12-27T10:45:00Z,cab-a01,A,pdu-a,feed_total,8.186,normalized-power,good,p1411
2025-12-27T10:45:00Z,cab-a01,B,pdu-b,feed_total,7.981,normalized-power,good,p1412
2025-12-27T10:50:00Z,cab-a01,A,pdu-a,feed_total,8.171,normalized-power,good,p1413
2025-12-27T10:50:00Z,cab-a01,B,pdu-b,feed_total,7.98,normalized-power,good,p1414
2025-12-27T10:55:00Z,cab-a01,A,pdu-a,feed_total,8.157,normalized-power,good,p1415
2025-12-27T10:55:00Z,cab-a01,B,pdu-b,feed_total,7.982,normalized-power,good,p1416
2025-12-27T11:00:00Z,cab-a01,A,pdu-a,feed_total,8.145,normalized-power,good,p1417
2025-12-27T11:00:00Z,cab-a01,B,pdu-b,feed_total,7.984,normalized-power,good,p1418
2025-12-27T11:05:00Z,cab-a01,A,pdu-a,feed_total,8.135,normalized-power,good,p1419
2025-12-27T11:05:00Z,cab-a01,B,pdu-b,feed_total,7.988,normalized-power,good,p1420
2025-12-27T11:10:00Z,cab-a01,A,pdu-a,feed_total,8.127,normalized-power,good,p1421
2025-12-27T11:10:00Z,cab-a01,B,pdu-b,feed_total,7.993,normalized-power,good,p1422
2025-12-27T11:15:00Z,cab-a01,A,pdu-a,feed_total,8.121,normalized-power,good,p1423
2025-12-27T11:15:00Z,cab-a01,B,pdu-b,feed_total,7.999,normalized-power,good,p1424
2025-12-27T11:20:00Z,cab-a01,A,pdu-a,feed_total,8.116,normalized-power,good,p1425
2025-12-27T11:20:00Z,cab-a01,B,pdu-b,feed_total,8.006,normalized-power,good,p1426
2025-12-27T11:25:00Z,cab-a01,A,pdu-a,feed_total,8.113,normalized-power,good,p1427
2025-12-27T11:25:00Z,cab-a01,B,pdu-b,feed_total,8.013,normalized-power,good,p1428
2025-12-27T11:30:00Z,cab-a01,A,pdu-a,feed_total,8.111,normalized-power,good,p1429
2025-12-27T11:30:00Z,cab-a01,B,pdu-b,feed_total,8.022,normalized-power,good,p1430
2025-12-27T11:35:00Z,cab-a01,A,pdu-a,feed_total,8.11,normalized-power,good,p1431
2025-12-27T11:35:00Z,cab-a01,B,pdu-b,feed_total,8.031,normalized-power,good,p1432
2025-12-27T11:40:00Z,cab-a01,A,pdu-a,feed_total,8.11,normalized-power,good,p1433
2025-12-27T11:40:00Z,cab-a01,B,pdu-b,feed_total,8.041,normalized-power,good,p1434
2025-12-27T11:45:00Z,cab-a01,A,pdu-a,feed_total,8.111,normalized-power,good,p1435
2025-12-27T11:45:00Z,cab-a01,B,pdu-b,feed_total,8.051,normalized-power,good,p1436
2025-12-27T11:50:00Z,cab-a01,A,pdu-a,feed_total,8.113,normalized-power,good,p1437
2025-12-27T11:50:00Z,cab-a01,B,pdu-b,feed_total,8.061,normalized-power,good,p1438
2025-12-27T11:55:00Z,cab-a01,A,pdu-a,feed_total,8.115,normalized-power,good,p1439
2025-12-27T11:55:00Z,cab-a01,B,pdu-b,feed_total,8.072,normalized-power,good,p1440
2025-12-27T12:00:00Z,cab-a01,A,pdu-a,feed_total,8.118,normalized-power,good,p1441
2025-12-27T12:00:00Z,cab-a01,B,pdu-b,feed_total,8.082,normalized-power,good,p1442
2025-12-27T12:05:00Z,cab-a01,A,pdu-a,feed_total,8.121,normalized-power,good,p1443
2025-12-27T12:05:00Z,cab-a01,B,pdu-b,feed_total,8.092,normalized-power,good,p1444
2025-12-27T12:10:00Z,cab-a01,A,pdu-a,feed_total,8.125,normalized-power,good,p1445
2025-12-27T12:10:00Z,cab-a01,B,pdu-b,feed_total,8.101,normalized-power,good,p1446
2025-12-27T12:15:00Z,cab-a01,A,pdu-a,feed_total,8.128,normalized-power,good,p1447
2025-12-27T12:15:00Z,cab-a01,B,pdu-b,feed_total,8.11,normalized-power,good,p1448
2025-12-27T12:20:00Z,cab-a01,A,pdu-a,feed_total,8.131,normalized-power,good,p1449
2025-12-27T12:20:00Z,cab-a01,B,pdu-b,feed_total,8.118,normalized-power,good,p1450
2025-12-27T12:25:00Z,cab-a01,A,pdu-a,feed_total,8.134,normalized-power,good,p1451
2025-12-27T12:25:00Z,cab-a01,B,pdu-b,feed_total,8.125,normalized-power,good,p1452
2025-12-27T12:30:00Z,cab-a01,A,pdu-a,feed_total,8.137,normalized-power,good,p1453
2025-12-27T12:30:00Z,cab-a01,B,pdu-b,feed_total,8.13,normalized-power,good,p1454
2025-12-27T12:35:00Z,cab-a01,A,pdu-a,feed_total,8.139,normalized-power,good,p1455
2025-12-27T12:35:00Z,cab-a01,B,pdu-b,feed_total,8.135,normalized-power,good,p1456
2025-12-27T12:40:00Z,cab-a01,A,pdu-a,feed_total,8.14,normalized-power,good,p1457
2025-12-27T12:40:00Z,cab-a01,B,pdu-b,feed_total,8.138,normalized-power,good,p1458
2025-12-27T12:45:00Z,cab-a01,A,pdu-a,feed_total,8.14,normalized-power,good,p1459
2025-12-27T12:45:00Z,cab-a01,B,pdu-b,feed_total,8.14,normalized-power,good,p1460
2025-12-27T12:50:00Z,cab-a01,A,pdu-a,feed_total,8.14,normalized-power,good,p1461
2025-12-27T12:50:00Z,cab-a01,B,pdu-b,feed_total,8.14,normalized-power,good,p1462
2025-12-27T12:55:00Z,cab-a01,A,pdu-a,feed_total,8.139,normalized-power,good,p1463
2025-12-27T12:55:00Z,cab-a01,B,pdu-b,feed_total,8.138,normalized-power,good,p1464
2025-12-27T13:00:00Z,cab-a01,A,pdu-a,feed_total,8.136,normalized-power,good,p1465
2025-12-27T13:00:00Z,cab-a01,B,pdu-b,feed_total,8.135,normalized-power,good,p1466
2025-12-27T13:05:00Z,cab-a01,A,pdu-a,feed_total,8.132,normalized-power,good,p1467
2025-12-27T13:05:00Z,cab-a01,B,pdu-b,feed_total,8.129,normalized-power,good,p1468
2025-12-27T13:10:00Z,cab-a01,A,pdu-a,feed_total,8.127,normalized-power,good,p1469
2025-12-27T13:10:00Z,cab-a01,B,pdu-b,feed_total,8.122,normalized-power,good,p1470
2025-12-27T13:15:00Z,cab-a01,A,pdu-a,feed_total,8.12,normalized-power,good,p1471
2025-12-27T13:15:00Z,cab-a01,B,pdu-b,feed_total,8.113,normalized-power,good,p1472
2025-12-27T13:20:00Z,cab-a01,A,pdu-a,feed_total,8.112,normalized-power,good,p1473
2025-12-27T13:20:00Z,cab-a01,B,pdu-b,feed_total,8.102,normalized-power,good,p1474
2025-12-27T13:25:00Z,cab-a01,A,pdu-a,feed_total,8.103,normalized-power,good,p1475
2025-12-27T13:25:00Z,cab-a01,B,pdu-b,feed_total,8.088,normalized-power,good,p1476
2025-12-27T13:30:00Z,cab-a01,A,pdu-a,feed_total,8.092,normalized-power,good,p1477
2025-12-27T13:30:00Z,cab-a01,B,pdu-b,feed_total,8.072,normalized-power,good,p1478
2025-12-27T13:35:00Z,cab-a01,A,pdu-a,feed_total,8.079,normalized-power,good,p1479
2025-12-27T13:35:00Z,cab-a01,B,pdu-b,feed_total,8.055,normalized-power,good,p1480
2025-12-27T13:40:00Z,cab-a01,A,pdu-a,feed_total,8.066,normalized-power,good,p1481
2025-12-27T13:40:00Z,cab-a01,B,pdu-b,feed_total,8.035,normalized-power,good,p1482
2025-12-27T13:45:00Z,cab-a01,A,pdu-a,feed_total,8.051,normalized-power,good,p1483
2025-12-27T13:45:00Z,cab-a01,B,pdu-b,feed_total,8.013,normalized-power,good,p1484
2025-12-27T13:50:00Z,cab-a01,A,pdu-a,feed_total,8.034,normalized-power,good,p1485
2025-12-27T13:50:00Z,cab-a01,B,pdu-b,feed_total,7.989,normalized-power,good,p1486
2025-12-27T13:55:00Z,cab-a01,A,pdu-a,feed_total,8.016,normalized-power,good,p1487
2025-12-27T13:55:00Z,cab-a01,B,pdu-b,feed_total,7.964,normalized-power,good,p1488
2025-12-27T14:00:00Z,cab-a01,A,pdu-a,feed_total,7.997,normalized-power,good,p1489
2025-12-27T14:00:00Z,cab-a01,B,pdu-b,feed_total,7.936,normalized-power,good,p1490
2025-12-27T14:05:00Z,cab-a01,A,pdu-a,feed_total,7.976,normalized-power,good,p1491
2025-12-27T14:05:00Z,cab-a01,B,pdu-b,feed_total,7.907,normalized-power,good,p1492
2025-12-27T14:10:00Z,cab-a01,A,pdu-a,feed_total,7.955,normalized-power,good,p1493
2025-12-27T14:10:00Z,cab-a01,B,pdu-b,feed_total,7.876,normalized-power,good,p1494
2025-12-27T14:15:00Z,cab-a01,A,pdu-a,feed_total,7.932,normalized-power,good,p1495
2025-12-27T14:15:00Z,cab-a01,B,pdu-b,feed_total,7.844,normalized-power,good,p1496
2025-12-27T14:20:00Z,cab-a01,A,pdu-a,feed_total,7.908,normalized-power,good,p1497
2025-12-27T14:20:00Z,cab-a01,B,pdu-b,feed_total,7.81,normalized-power,good,p1498
2025-12-27T14:25:00Z,cab-a01,A,pdu-a,feed_total,7.884,normalized-power,good,p1499
2025-12-27T14:25:00Z,cab-a01,B,pdu-b,feed_total,7.775,normalized-power,good,p1500
2025-12-27T14:30:00Z,cab-a01,A,pdu-a,feed_total,7.859,normalized-power,good,p1501
2025-12-27T14:30:00Z,cab-a01,B,pdu-b,feed_total,7.739,normalized-power,good,p1502
2025-12-27T14:35:00Z,cab-a01,A,pdu-a,feed_total,7.833,normalized-power,good,p1503
2025-12-27T14:35:00Z,cab-a01,B,pdu-b,feed_total,7.702,normalized-power,good,p1504
2025-12-27T14:40:00Z,cab-a01,A,pdu-a,feed_total,7.807,normalized-power,good,p1505
2025-12-27T14:40:00Z,cab-a01,B,pdu-b,feed_total,7.664,normalized-power,good,p1506
2025-12-27T14:45:00Z,cab-a01,A,pdu-a,feed_total,7.781,normalized-power,good,p1507
2025-12-27T14:45:00Z,cab-a01,B,pdu-b,feed_total,7.625,normalized-power,good,p1508
2025-12-27T14:50:00Z,cab-a01,A,pdu-a,feed_total,7.755,normalized-power,good,p1509
2025-12-27T14:50:00Z,cab-a01,B,pdu-b,feed_total,7.586,normalized-power,good,p1510
2025-12-27T14:55:00Z,cab-a01,A,pdu-a,feed_total,7.729,normalized-power,good,p1511
2025-12-27T14:55:00Z,cab-a01,B,pdu-b,feed_total,7.546,normalized-power,good,p1512
2025-12-27T15:00:00Z,cab-a01,A,pdu-a,feed_total,7.703,normalized-power,good,p1513
2025-12-27T15:00:00Z,cab-a01,B,pdu-b,feed_total,7.507,normalized-power,good,p1514
2025-12-27T15:05:00Z,cab-a01,A,pdu-a,feed_total,7.677,normalized-power,good,p1515
2025-12-27T15:05:00Z,cab-a01,B,pdu-b,feed_total,7.468,normalized-power,good,p1516
2025-12-27T15:10:00Z,cab-a01,A,pdu-a,feed_total,7.652,normalized-power,good,p1517
2025-12-27T15:10:00Z,cab-a01,B,pdu-b,feed_total,7.429,normalized-power,good,p1518
2025-12-27T15:15:00Z,cab-a01,A,pdu-a,feed_total,7.628,normalized-power,good,p1519
2025-12-27T15:15:00Z,cab-a01,B,pdu-b,feed_total,7.39,normalized-power,good,p1520
2025-12-27T15:20:00Z,cab-a01,A,pdu-a,feed_total,7.605,normalized-power,good,p1521
2025-12-27T15:20:00Z,cab-a01,B,pdu-b,feed_total,7.352,normalized-power,good,p1522
2025-12-27T15:25:00Z,cab-a01,A,pdu-a,feed_total,7.582,normalized-power,good,p1523
2025-12-27T15:25:00Z,cab-a01,B,pdu-b,feed_total,7.315,normalized-power,good,p1524
2025-12-27T15:30:00Z,cab-a01,A,pdu-a,feed_total,7.561,normalized-power,good,p1525
2025-12-27T15:30:00Z,cab-a01,B,pdu-b,feed_total,7.278,normalized-power,good,p1526
2025-12-27T15:35:00Z,cab-a01,A,pdu-a,feed_total,7.541,normalized-power,good,p1527
2025-12-27T15:35:00Z,cab-a01,B,pdu-b,feed_total,7.243,normalized-power,good,p1528
2025-12-27T15:40:00Z,cab-a01,A,pdu-a,feed_total,7.523,normalized-power,good,p1529
2025-12-27T15:40:00Z,cab-a01,B,pdu-b,feed_total,7.209,normalized-power,good,p1530
2025-12-27T15:45:00Z,cab-a01,A,pdu-a,feed_total,7.506,normalized-power,good,p1531
2025-12-27T15:45:00Z,cab-a01,B,pdu-b,feed_total,7.176,normalized-power,good,p1532
2025-12-27T15:50:00Z,cab-a01,A,pdu-a,feed_total,7.491,normalized-power,good,p1533
2025-12-27T15:50:00Z,cab-a01,B,pdu-b,feed_total,7.145,normalized-power,good,p1534
2025-12-27T15:55:00Z,cab-a01,A,pdu-a,feed_total,7.478,normalized-power,good,p1535
2025-12-27T15:55:00Z,cab-a01,B,pdu-b,feed_total,7.116,normalized-power,good,p1536
2025-12-27T16:00:00Z,cab-a01,A,pdu-a,feed_total,7.466,normalized-power,good,p1537
2025-12-27T16:00:00Z,cab-a01,B,pdu-b,feed_total,7.089,normalized-power,good,p1538
2025-12-27T16:05:00Z,cab-a01,A,pdu-a,feed_total,7.457,normalized-power,good,p1539
2025-12-27T16:05:00Z,cab-a01,B,pdu-b,feed_total,7.062,normalized-power,good,p1540
2025-12-27T16:10:00Z,cab-a01,A,pdu-a,feed_total,7.45,normalized-power,good,p1541
2025-12-27T16:10:00Z,cab-a01,B,pdu-b,feed_total,7.038,normalized-power,good,p1542
2025-12-27T16:15:00Z,cab-a01,A,pdu-a,feed_total,7.445,normalized-power,good,p1543
2025-12-27T16:15:00Z,cab-a01,B,pdu-b,feed_total,7.016,normalized-power,good,p1544
2025-12-27T16:20:00Z,cab-a01,A,pdu-a,feed_total,7.443,normalized-power,good,p1545
2025-12-27T16:20:00Z,cab-a01,B,pdu-b,feed_total,6.996,normalized-power,good,p1546
2025-12-27T16:25:00Z,cab-a01,A,pdu-a,feed_total,7.442,normalized-power,good,p1547
2025-12-27T16:25:00Z,cab-a01,B,pdu-b,feed_total,6.978,normalized-power,good,p1548
2025-12-27T16:30:00Z,cab-a01,A,pdu-a,feed_total,7.444,normalized-power,good,p1549
2025-12-27T16:30:00Z,cab-a01,B,pdu-b,feed_total,6.963,normalized-power,good,p1550
2025-12-27T16:35:00Z,cab-a01,A,pdu-a,feed_total,7.448,normalized-power,good,p1551
2025-12-27T16:35:00Z,cab-a01,B,pdu-b,feed_total,6.949,normalized-power,good,p1552
2025-12-27T16:40:00Z,cab-a01,A,pdu-a,feed_total,7.455,normalized-power,good,p1553
2025-12-27T16:40:00Z,cab-a01,B,pdu-b,feed_total,6.937,normalized-power,good,p1554
2025-12-27T16:45:00Z,cab-a01,A,pdu-a,feed_total,7.464,normalized-power,good,p1555
2025-12-27T16:45:00Z,cab-a01,B,pdu-b,feed_total,6.927,normalized-power,good,p1556
2025-12-27T16:50:00Z,cab-a01,A,pdu-a,feed_total,7.475,normalized-power,good,p1557
2025-12-27T16:50:00Z,cab-a01,B,pdu-b,feed_total,6.92,normalized-power,good,p1558
2025-12-27T16:55:00Z,cab-a01,A,pdu-a,feed_total,7.488,normalized-power,good,p1559
2025-12-27T16:55:00Z,cab-a01,B,pdu-b,feed_total,6.915,normalized-power,good,p1560
2025-12-27T17:00:00Z,cab-a01,A,pdu-a,feed_total,7.504,normalized-power,good,p1561
2025-12-27T17:00:00Z,cab-a01,B,pdu-b,feed_total,6.911,normalized-power,good,p1562
2025-12-27T17:05:00Z,cab-a01,A,pdu-a,feed_total,7.522,normalized-power,good,p1563
2025-12-27T17:05:00Z,cab-a01,B,pdu-b,feed_total,6.909,normalized-power,good,p1564
2025-12-27T17:10:00Z,cab-a01,A,pdu-a,feed_total,7.541,normalized-power,good,p1565
2025-12-27T17:10:00Z,cab-a01,B,pdu-b,feed_total,6.909,normalized-power,good,p1566
2025-12-27T17:15:00Z,cab-a01,A,pdu-a,feed_total,7.562,normalized-power,good,p1567
2025-12-27T17:15:00Z,cab-a01,B,pdu-b,feed_total,6.911,normalized-power,good,p1568
2025-12-27T17:20:00Z,cab-a01,A,pdu-a,feed_total,7.586,normalized-power,good,p1569
2025-12-27T17:20:00Z,cab-a01,B,pdu-b,feed_total,6.914,normalized-power,good,p1570
2025-12-27T17:25:00Z,cab-a01,A,pdu-a,feed_total,7.61,normalized-power,good,p1571
2025-12-27T17:25:00Z,cab-a01,B,pdu-b,feed_total,6.92,normalized-power,good,p1572
2025-12-27T17:30:00Z,cab-a01,A,pdu-a,feed_total,7.636,normalized-power,good,p1573
2025-12-27T17:30:00Z,cab-a01,B,pdu-b,feed_total,6.926,normalized-power,good,p1574
2025-12-27T17:35:00Z,cab-a01,A,pdu-a,feed_total,7.664,normalized-power,good,p1575
2025-12-27T17:35:00Z,cab-a01,B,pdu-b,feed_total,6.933,normalized-power,good,p1576
2025-12-27T17:40:00Z,cab-a01,A,pdu-a,feed_total,7.692,normalized-power,good,p1577
2025-12-27T17:40:00Z,cab-a01,B,pdu-b,feed_total,6.942,normalized-power,good,p1578
2025-12-27T17:45:00Z,cab-a01,A,pdu-a,feed_total,7.722,normalized-power,good,p1579
2025-12-27T17:45:00Z,cab-a01,B,pdu-b,feed_total,6.952,normalized-power,good,p1580
2025-12-27T17:50:00Z,cab-a01,A,pdu-a,feed_total,7.753,normalized-power,good,p1581
2025-12-27T17:50:00Z,cab-a01,B,pdu-b,feed_total,6.962,normalized-power,good,p1582
2025-12-27T17:55:00Z,cab-a01,A,pdu-a,feed_total,7.784,normalized-power,good,p1583
2025-12-27T17:55:00Z,cab-a01,B,pdu-b,feed_total,6.973,normalized-power,good,p1584
2025-12-27T18:00:00Z,cab-a01,A,pdu-a,feed_total,7.816,normalized-power,good,p1585
2025-12-27T18:00:00Z,cab-a01,B,pdu-b,feed_total,6.984,normalized-power,good,p1586
2025-12-27T18:05:00Z,cab-a01,A,pdu-a,feed_total,7.847,normalized-power,good,p1587
2025-12-27T18:05:00Z,cab-a01,B,pdu-b,feed_total,6.997,normalized-power,good,p1588
2025-12-27T18:10:00Z,cab-a01,A,pdu-a,feed_total,7.879,normalized-power,good,p1589
2025-12-27T18:10:00Z,cab-a01,B,pdu-b,feed_total,7.009,normalized-power,good,p1590
2025-12-27T18:15:00Z,cab-a01,A,pdu-a,feed_total,7.911,normalized-power,good,p1591
2025-12-27T18:15:00Z,cab-a01,B,pdu-b,feed_total,7.021,normalized-power,good,p1592
2025-12-27T18:20:00Z,cab-a01,A,pdu-a,feed_total,7.943,normalized-power,good,p1593
2025-12-27T18:20:00Z,cab-a01,B,pdu-b,feed_total,7.033,normalized-power,good,p1594
2025-12-27T18:25:00Z,cab-a01,A,pdu-a,feed_total,7.974,normalized-power,good,p1595
2025-12-27T18:25:00Z,cab-a01,B,pdu-b,feed_total,7.046,normalized-power,good,p1596
2025-12-27T18:30:00Z,cab-a01,A,pdu-a,feed_total,8.005,normalized-power,good,p1597
2025-12-27T18:30:00Z,cab-a01,B,pdu-b,feed_total,7.057,normalized-power,good,p1598
2025-12-27T18:35:00Z,cab-a01,A,pdu-a,feed_total,8.034,normalized-power,good,p1599
2025-12-27T18:35:00Z,cab-a01,B,pdu-b,feed_total,7.069,normalized-power,good,p1600
2025-12-27T18:40:00Z,cab-a01,A,pdu-a,feed_total,8.063,normalized-power,good,p1601
2025-12-27T18:40:00Z,cab-a01,B,pdu-b,feed_total,7.08,normalized-power,good,p1602
2025-12-27T18:45:00Z,cab-a01,A,pdu-a,feed_total,8.091,normalized-power,good,p1603
2025-12-27T18:45:00Z,cab-a01,B,pdu-b,feed_total,7.089,normalized-power,good,p1604
2025-12-27T18:50:00Z,cab-a01,A,pdu-a,feed_total,8.117,normalized-power,good,p1605
2025-12-27T18:50:00Z,cab-a01,B,pdu-b,feed_total,7.099,normalized-power,good,p1606
2025-12-27T18:55:00Z,cab-a01,A,pdu-a,feed_total,8.142,normalized-power,good,p1607
2025-12-27T18:55:00Z,cab-a01,B,pdu-b,feed_total,7.108,normalized-power,good,p1608
2025-12-27T19:00:00Z,cab-a01,A,pdu-a,feed_total,8.166,normalized-power,good,p1609
2025-12-27T19:00:00Z,cab-a01,B,pdu-b,feed_total,7.115,normalized-power,good,p1610
2025-12-27T19:05:00Z,cab-a01,A,pdu-a,feed_total,8.188,normalized-power,good,p1611
2025-12-27T19:05:00Z,cab-a01,B,pdu-b,feed_total,7.121,normalized-power,good,p1612
2025-12-27T19:10:00Z,cab-a01,A,pdu-a,feed_total,8.208,normalized-power,good,p1613
2025-12-27T19:10:00Z,cab-a01,B,pdu-b,feed_total,7.127,normalized-power,good,p1614
2025-12-27T19:15:00Z,cab-a01,A,pdu-a,feed_total,8.226,normalized-power,good,p1615
2025-12-27T19:15:00Z,cab-a01,B,pdu-b,feed_total,7.131,normalized-power,good,p1616
2025-12-27T19:20:00Z,cab-a01,A,pdu-a,feed_total,8.243,normalized-power,good,p1617
2025-12-27T19:20:00Z,cab-a01,B,pdu-b,feed_total,7.134,normalized-power,good,p1618
2025-12-27T19:25:00Z,cab-a01,A,pdu-a,feed_total,8.257,normalized-power,good,p1619
2025-12-27T19:25:00Z,cab-a01,B,pdu-b,feed_total,7.136,normalized-power,good,p1620
2025-12-27T19:30:00Z,cab-a01,A,pdu-a,feed_total,8.27,normalized-power,good,p1621
2025-12-27T19:30:00Z,cab-a01,B,pdu-b,feed_total,7.137,normalized-power,good,p1622
2025-12-27T19:35:00Z,cab-a01,A,pdu-a,feed_total,8.281,normalized-power,good,p1623
2025-12-27T19:35:00Z,cab-a01,B,pdu-b,feed_total,7.136,normalized-power,good,p1624
2025-12-27T19:40:00Z,cab-a01,A,pdu-a,feed_total,8.29,normalized-power,good,p1625
2025-12-27T19:40:00Z,cab-a01,B,pdu-b,feed_total,7.134,normalized-power,good,p1626
2025-12-27T19:45:00Z,cab-a01,A,pdu-a,feed_total,8.296,normalized-power,good,p1627
2025-12-27T19:45:00Z,cab-a01,B,pdu-b,feed_total,7.131,normalized-power,good,p1628
2025-12-27T19:50:00Z,cab-a01,A,pdu-a,feed_total,8.301,normalized-power,good,p1629
2025-12-27T19:50:00Z,cab-a01,B,pdu-b,feed_total,7.127,normalized-power,good,p1630
2025-12-27T19:55:00Z,cab-a01,A,pdu-a,feed_total,8.304,normalized-power,good,p1631
2025-12-27T19:55:00Z,cab-a01,B,pdu-b,feed_total,7.122,normalized-power,good,p1632
2025-12-27T20:00:00Z,cab-a01,A,pdu-a,feed_total,8.305,normalized-power,good,p1633
2025-12-27T20:00:00Z,cab-a01,B,pdu-b,feed_total,7.116,normalized-power,good,p1634
2025-12-27T20:05:00Z,cab-a01,A,pdu-a,feed_total,8.304,normalized-power,good,p1635
2025-12-27T20:05:00Z,cab-a01,B,pdu-b,feed_total,7.109,normalized-power,good,p1636
2025-12-27T20:10:00Z,cab-a01,A,pdu-a,feed_total,8.302,normalized-power,good,p1637
2025-12-27T20:10:00Z,cab-a01,B,pdu-b,feed_total,7.1,normalized-power,good,p1638
2025-12-27T20:15:00Z,cab-a01,A,pdu-a,feed_total,8.298,normalized-power,good,p1639
2025-12-27T20:15:00Z,cab-a01,B,pdu-b,feed_total,7.091,normalized-power,good,p1640
2025-12-27T20:20:00Z,cab-a01,A,pdu-a,feed_total,8.293,normalized-power,good,p1641
2025-12-27T20:20:00Z,cab-a01,B,pdu-b,feed_total,7.082,normalized-power,good,p1642
2025-12-27T20:25:00Z,cab-a01,A,pdu-a,feed_total,8.286,normalized-power,good,p1643
2025-12-27T20:25:00Z,cab-a01,B,pdu-b,feed_total,7.072,normalized-power,good,p1644
2025-12-27T20:30:00Z,cab-a01,A,pdu-a,feed_total,8.278,normalized-power,good,p1645
2025-12-27T20:30:00Z,cab-a01,B,pdu-b,feed_total,7.061,normalized-power,good,p1646
2025-12-27T20:35:00Z,cab-a01,A,pdu-a,feed_total,8.269,normalized-power,good,p1647
2025-12-27T20:35:00Z,cab-a01,B,pdu-b,feed_total,7.05,normalized-power,good,p1648
2025-12-27T20:40:00Z,cab-a01,A,pdu-a,feed_total,8.259,normalized-power,good,p1649
2025-12-27T20:40:00Z,cab-a01,B,pdu-b,feed_total,7.04,normalized-power,good,p1650
2025-12-27T20:45:00Z,cab-a01,A,pdu-a,feed_total,8.248,normalized-power,good,p1651
2025-12-27T20:45:00Z,cab-a01,B,pdu-b,feed_total,7.029,normalized-power,good,p1652
2025-12-27T20:50:00Z,cab-a01,A,pdu-a,feed_total,8.237,normalized-power,good,p1653
2025-12-27T20:50:00Z,cab-a01,B,pdu-b,feed_total,7.018,normalized-power,good,p1654
2025-12-27T20:55:00Z,cab-a01,A,pdu-a,feed_total,8.225,normalized-power,good,p1655
2025-12-27T20:55:00Z,cab-a01,B,pdu-b,feed_total,7.007,normalized-power,good,p1656
2025-12-27T21:00:00Z,cab-a01,A,pdu-a,feed_total,8.213,normalized-power,good,p1657
2025-12-27T21:00:00Z,cab-a01,B,pdu-b,feed_total,6.997,normalized-power,good,p1658
2025-12-27T21:05:00Z,cab-a01,A,pdu-a,feed_total,8.201,normalized-power,good,p1659
2025-12-27T21:05:00Z,cab-a01,B,pdu-b,feed_total,6.987,normalized-power,good,p1660
2025-12-27T21:10:00Z,cab-a01,A,pdu-a,feed_total,8.189,normalized-power,good,p1661
2025-12-27T21:10:00Z,cab-a01,B,pdu-b,feed_total,6.978,normalized-power,good,p1662
2025-12-27T21:15:00Z,cab-a01,A,pdu-a,feed_total,8.178,normalized-power,good,p1663
2025-12-27T21:15:00Z,cab-a01,B,pdu-b,feed_total,6.97,normalized-power,good,p1664
2025-12-27T21:20:00Z,cab-a01,A,pdu-a,feed_total,8.167,normalized-power,good,p1665
2025-12-27T21:20:00Z,cab-a01,B,pdu-b,feed_total,6.962,normalized-power,good,p1666
2025-12-27T21:25:00Z,cab-a01,A,pdu-a,feed_total,8.156,normalized-power,good,p1667
2025-12-27T21:25:00Z,cab-a01,B,pdu-b,feed_total,6.956,normalized-power,good,p1668
2025-12-27T21:30:00Z,cab-a01,A,pdu-a,feed_total,8.147,normalized-power,good,p1669
2025-12-27T21:30:00Z,cab-a01,B,pdu-b,feed_total,6.951,normalized-power,good,p1670
2025-12-27T21:35:00Z,cab-a01,A,pdu-a,feed_total,8.138,normalized-power,good,p1671
2025-12-27T21:35:00Z,cab-a01,B,pdu-b,feed_total,6.947,normalized-power,good,p1672
2025-12-27T21:40:00Z,cab-a01,A,pdu-a,feed_total,8.131,normalized-power,good,p1673
2025-12-27T21:40:00Z,cab-a01,B,pdu-b,feed_total,6.945,normalized-power,good,p1674
2025-12-27T21:45:00Z,cab-a01,A,pdu-a,feed_total,8.124,normalized-power,good,p1675
2025-12-27T21:45:00Z,cab-a01,B,pdu-b,feed_total,6.945,normalized-power,good,p1676
2025-12-27T21:50:00Z,cab-a01,A,pdu-a,feed_total,8.119,normalized-power,good,p1677
2025-12-27T21:50:00Z,cab-a01,B,pdu-b,feed_total,6.946,normalized-power,good,p1678
2025-12-27T21:55:00Z,cab-a01,A,pdu-a,feed_total,8.115,normalized-power,good,p1679
2025-12-27T21:55:00Z,cab-a01,B,pdu-b,feed_total,6.949,normalized-power,good,p1680
2025-12-27T22:00:00Z,cab-a01,A,pdu-a,feed_total,8.113,normalized-power,good,p1681
2025-12-27T22:00:00Z,cab-a01,B,pdu-b,feed_total,6.954,normalized-power,good,p1682
2025-12-27T22:05:00Z,cab-a01,A,pdu-a,feed_total,8.113,normalized-power,good,p1683
2025-12-27T22:05:00Z,cab-a01,B,pdu-b,feed_total,6.96,normalized-power,good,p1684
2025-12-27T22:10:00Z,cab-a01,A,pdu-a,feed_total,8.114,normalized-power,good,p1685
2025-12-27T22:10:00Z,cab-a01,B,pdu-b,feed_total,6.97,normalized-power,good,p1686
2025-12-27T22:15:00Z,cab-a01,A,pdu-a,feed_total,8.117,normalized-power,good,p1687
2025-12-27T22:15:00Z,cab-a01,B,pdu-b,feed_total,6.981,normalized-power,good,p1688
2025-12-27T22:20:00Z,cab-a01,A,pdu-a,feed_total,8.122,normalized-power,good,p1689
2025-12-27T22:20:00Z,cab-a01,B,pdu-b,feed_total,6.994,normalized-power,good,p1690
2025-12-27T22:25:00Z,cab-a01,A,pdu-a,feed_total,8.129,normalized-power,good,p1691
2025-12-27T22:25:00Z,cab-a01,B,pdu-b,feed_total,7.009,normalized-power,good,p1692
2025-12-27T22:30:00Z,cab-a01,A,pdu-a,feed_total,8.138,normalized-power,good,p1693
2025-12-27T22:30:00Z,cab-a01,B,pdu-b,feed_total,7.026,normalized-power,good,p1694
2025-12-27T22:35:00Z,cab-a01,A,pdu-a,feed_total,8.148,normalized-power,good,p1695
2025-12-27T22:35:00Z,cab-a01,B,pdu-b,feed_total,7.046,normalized-power,good,p1696
2025-12-27T22:40:00Z,cab-a01,A,pdu-a,feed_total,8.161,normalized-power,good,p1697
2025-12-27T22:40:00Z,cab-a01,B,pdu-b,feed_total,7.068,normalized-power,good,p1698
2025-12-27T22:45:00Z,cab-a01,A,pdu-a,feed_total,8.176,normalized-power,good,p1699
2025-12-27T22:45:00Z,cab-a01,B,pdu-b,feed_total,7.091,normalized-power,good,p1700
2025-12-27T22:50:00Z,cab-a01,A,pdu-a,feed_total,8.192,normalized-power,good,p1701
2025-12-27T22:50:00Z,cab-a01,B,pdu-b,feed_total,7.117,normalized-power,good,p1702
2025-12-27T22:55:00Z,cab-a01,A,pdu-a,feed_total,8.21,normalized-power,good,p1703
2025-12-27T22:55:00Z,cab-a01,B,pdu-b,feed_total,7.145,normalized-power,good,p1704
2025-12-27T23:00:00Z,cab-a01,A,pdu-a,feed_total,8.23,normalized-power,good,p1705
2025-12-27T23:00:00Z,cab-a01,B,pdu-b,feed_total,7.175,normalized-power,good,p1706
2025-12-27T23:05:00Z,cab-a01,A,pdu-a,feed_total,8.251,normalized-power,good,p1707
2025-12-27T23:05:00Z,cab-a01,B,pdu-b,feed_total,7.207,normalized-power,good,p1708
2025-12-27T23:10:00Z,cab-a01,A,pdu-a,feed_total,8.273,normalized-power,good,p1709
2025-12-27T23:10:00Z,cab-a01,B,pdu-b,feed_total,7.241,normalized-power,good,p1710
2025-12-27T23:15:00Z,cab-a01,A,pdu-a,feed_total,8.297,normalized-power,good,p1711
2025-12-27T23:15:00Z,cab-a01,B,pdu-b,feed_total,7.276,normalized-power,good,p1712
2025-12-27T23:20:00Z,cab-a01,A,pdu-a,feed_total,8.322,normalized-power,good,p1713
2025-12-27T23:20:00Z,cab-a01,B,pdu-b,feed_total,7.313,normalized-power,good,p1714
2025-12-27T23:25:00Z,cab-a01,A,pdu-a,feed_total,8.349,normalized-power,good,p1715
2025-12-27T23:25:00Z,cab-a01,B,pdu-b,feed_total,7.351,normalized-power,good,p1716
2025-12-27T23:30:00Z,cab-a01,A,pdu-a,feed_total,8.376,normalized-power,good,p1717
2025-12-27T23:30:00Z,cab-a01,B,pdu-b,feed_total,7.391,normalized-power,good,p1718
2025-12-27T23:35:00Z,cab-a01,A,pdu-a,feed_total,8.404,normalized-power,good,p1719
2025-12-27T23:35:00Z,cab-a01,B,pdu-b,feed_total,7.432,normalized-power,good,p1720
2025-12-27T23:40:00Z,cab-a01,A,pdu-a,feed_total,8.433,normalized-power,good,p1721
2025-12-27T23:40:00Z,cab-a01,B,pdu-b,feed_total,7.474,normalized-power,good,p1722
2025-12-27T23:45:00Z,cab-a01,A,pdu-a,feed_total,8.462,normalized-power,good,p1723
2025-12-27T23:45:00Z,cab-a01,B,pdu-b,feed_total,7.517,normalized-power,good,p1724
2025-12-27T23:50:00Z,cab-a01,A,pdu-a,feed_total,10.079,normalized-power,good,p1725
2025-12-27T23:50:00Z,cab-a01,B,pdu-b,feed_total,8.973,normalized-power,good,p1726
2025-12-27T23:55:00Z,cab-a01,A,pdu-a,feed_total,10.107,normalized-power,good,p1727
2025-12-27T23:55:00Z,cab-a01,B,pdu-b,feed_total,9.019,normalized-power,good,p1728
2025-12-28T00:00:00Z,cab-a01,A,pdu-a,feed_total,10.135,normalized-power,good,p1729
2025-12-28T00:00:00Z,cab-a01,B,pdu-b,feed_total,9.065,normalized-power,good,p1730
2025-12-28T00:05:00Z,cab-a01,A,pdu-a,feed_total,8.581,normalized-power,good,p1731
2025-12-28T00:05:00Z,cab-a01,B,pdu-b,feed_total,7.693,normalized-power,good,p1732
2025-12-28T00:10:00Z,cab-a01,A,pdu-a,feed_total,8.61,normalized-power,good,p1733
2025-12-28T00:10:00Z,cab-a01,B,pdu-b,feed_total,7.738,normalized-power,good,p1734
2025-12-28T00:15:00Z,cab-a01,A,pdu-a,feed_total,8.638,normalized-power,good,p1735
2025-12-28T00:15:00Z,cab-a01,B,pdu-b,feed_total,7.783,normalized-power,good,p1736
2025-12-28T00:20:00Z,cab-a01,A,pdu-a,feed_total,8.666,normalized-power,good,p1737
2025-12-28T00:20:00Z,cab-a01,B,pdu-b,feed_total,7.827,normalized-power,good,p1738
2025-12-28T00:25:00Z,cab-a01,A,pdu-a,feed_total,8.693,normalized-power,good,p1739
2025-12-28T00:25:00Z,cab-a01,B,pdu-b,feed_total,7.871,normalized-power,good,p1740
2025-12-28T00:30:00Z,cab-a01,A,pdu-a,feed_total,8.718,normalized-power,good,p1741
2025-12-28T00:30:00Z,cab-a01,B,pdu-b,feed_total,7.915,normalized-power,good,p1742
2025-12-28T00:35:00Z,cab-a01,A,pdu-a,feed_total,8.743,normalized-power,good,p1743
2025-12-28T00:35:00Z,cab-a01,B,pdu-b,feed_total,7.957,normalized-power,good,p1744
2025-12-28T00:40:00Z,cab-a01,A,pdu-a,feed_total,8.766,normalized-power,good,p1745
2025-12-28T00:40:00Z,cab-a01,B,pdu-b,feed_total,7.999,normalized-power,good,p1746
2025-12-28T00:45:00Z,cab-a01,A,pdu-a,feed_total,8.788,normalized-power,good,p1747
2025-12-28T00:45:00Z,cab-a01,B,pdu-b,feed_total,8.039,normalized-power,good,p1748
2025-12-28T00:50:00Z,cab-a01,A,pdu-a,feed_total,8.808,normalized-power,good,p1749
2025-12-28T00:50:00Z,cab-a01,B,pdu-b,feed_total,8.078,normalized-power,good,p1750
2025-12-28T00:55:00Z,cab-a01,A,pdu-a,feed_total,8.826,normalized-power,good,p1751
2025-12-28T00:55:00Z,cab-a01,B,pdu-b,feed_total,8.116,normalized-power,good,p1752
2025-12-28T01:00:00Z,cab-a01,A,pdu-a,feed_total,8.843,normalized-power,good,p1753
2025-12-28T01:00:00Z,cab-a01,B,pdu-b,feed_total,8.152,normalized-power,good,p1754
2025-12-28T01:05:00Z,cab-a01,A,pdu-a,feed_total,8.858,normalized-power,good,p1755
2025-12-28T01:05:00Z,cab-a01,B,pdu-b,feed_total,8.187,normalized-power,good,p1756
2025-12-28T01:10:00Z,cab-a01,A,pdu-a,feed_total,8.871,normalized-power,good,p1757
2025-12-28T01:10:00Z,cab-a01,B,pdu-b,feed_total,8.22,normalized-power,good,p1758
2025-12-28T01:15:00Z,cab-a01,A,pdu-a,feed_total,8.882,normalized-power,good,p1759
2025-12-28T01:15:00Z,cab-a01,B,pdu-b,feed_total,8.251,normalized-power,good,p1760
2025-12-28T01:20:00Z,cab-a01,A,pdu-a,feed_total,8.89,normalized-power,good,p1761
2025-12-28T01:20:00Z,cab-a01,B,pdu-b,feed_total,8.281,normalized-power,good,p1762
2025-12-28T01:25:00Z,cab-a01,A,pdu-a,feed_total,8.897,normalized-power,good,p1763
2025-12-28T01:25:00Z,cab-a01,B,pdu-b,feed_total,8.309,normalized-power,good,p1764
2025-12-28T01:30:00Z,cab-a01,A,pdu-a,feed_total,8.902,normalized-power,good,p1765
2025-12-28T01:30:00Z,cab-a01,B,pdu-b,feed_total,8.334,normalized-power,good,p1766
2025-12-28T01:35:00Z,cab-a01,A,pdu-a,feed_total,8.904,normalized-power,good,p1767
2025-12-28T01:35:00Z,cab-a01,B,pdu-b,feed_total,8.358,normalized-power,good,p1768
2025-12-28T01:40:00Z,cab-a01,A,pdu-a,feed_total,8.905,normalized-power,good,p1769
2025-12-28T01:40:00Z,cab-a01,B,pdu-b,feed_total,8.379,normalized-power,good,p1770
2025-12-28T01:45:00Z,cab-a01,A,pdu-a,feed_total,8.903,normalized-power,good,p1771
2025-12-28T01:45:00Z,cab-a01,B,pdu-b,feed_total,8.399,normalized-power,good,p1772
2025-12-28T01:50:00Z,cab-a01,A,pdu-a,feed_total,8.9,normalized-power,good,p1773
2025-12-28T01:50:00Z,cab-a01,B,pdu-b,feed_total,8.416,normalized-power,good,p1774
2025-12-28T01:55:00Z,cab-a01,A,pdu-a,feed_total,8.895,normalized-power,good,p1775
2025-12-28T01:55:00Z,cab-a01,B,pdu-b,feed_total,8.432,normalized-power,good,p1776
2025-12-28T02:00:00Z,cab-a01,A,pdu-a,feed_total,8.888,normalized-power,good,p1777
2025-12-28T02:00:00Z,cab-a01,B,pdu-b,feed_total,8.445,normalized-power,good,p1778
2025-12-28T02:05:00Z,cab-a01,A,pdu-a,feed_total,8.879,normalized-power,good,p1779
2025-12-28T02:05:00Z,cab-a01,B,pdu-b,feed_total,8.457,normalized-power,good,p1780
2025-12-28T02:10:00Z,cab-a01,A,pdu-a,feed_total,8.868,normalized-power,good,p1781
2025-12-28T02:10:00Z,cab-a01,B,pdu-b,feed_total,8.467,normalized-power,good,p1782
2025-12-28T02:15:00Z,cab-a01,A,pdu-a,feed_total,8.856,normalized-power,good,p1783
2025-12-28T02:15:00Z,cab-a01,B,pdu-b,feed_total,8.475,normalized-power,good,p1784
2025-12-28T02:20:00Z,cab-a01,A,pdu-a,feed_total,8.842,normalized-power,good,p1785
2025-12-28T02:20:00Z,cab-a01,B,pdu-b,feed_total,8.482,normalized-power,good,p1786
2025-12-28T02:25:00Z,cab-a01,A,pdu-a,feed_total,8.828,normalized-power,good,p1787
2025-12-28T02:25:00Z,cab-a01,B,pdu-b,feed_total,8.487,normalized-power,good,p1788
2025-12-28T02:30:00Z,cab-a01,A,pdu-a,feed_total,8.812,normalized-power,good,p1789
2025-12-28T02:30:00Z,cab-a01,B,pdu-b,feed_total,8.49,normalized-power,good,p1790
2025-12-28T02:35:00Z,cab-a01,A,pdu-a,feed_total,8.795,normalized-power,good,p1791
2025-12-28T02:35:00Z,cab-a01,B,pdu-b,feed_total,8.493,normalized-power,good,p1792
2025-12-28T02:40:00Z,cab-a01,A,pdu-a,feed_total,8.778,normalized-power,good,p1793
2025-12-28T02:40:00Z,cab-a01,B,pdu-b,feed_total,8.493,normalized-power,good,p1794
2025-12-28T02:45:00Z,cab-a01,A,pdu-a,feed_total,8.759,normalized-power,good,p1795
2025-12-28T02:45:00Z,cab-a01,B,pdu-b,feed_total,8.493,normalized-power,good,p1796
2025-12-28T02:50:00Z,cab-a01,A,pdu-a,feed_total,8.741,normalized-power,good,p1797
2025-12-28T02:50:00Z,cab-a01,B,pdu-b,feed_total,8.492,normalized-power,good,p1798
2025-12-28T02:55:00Z,cab-a01,A,pdu-a,feed_total,8.722,normalized-power,good,p1799
2025-12-28T02:55:00Z,cab-a01,B,pdu-b,feed_total,8.49,normalized-power,good,p1800
2025-12-28T03:00:00Z,cab-a01,A,pdu-a,feed_total,8.702,normalized-power,good,p1801
2025-12-28T03:00:00Z,cab-a01,B,pdu-b,feed_total,8.488,normalized-power,good,p1802
2025-12-28T03:05:00Z,cab-a01,A,pdu-a,feed_total,8.683,normalized-power,good,p1803
2025-12-28T03:05:00Z,cab-a01,B,pdu-b,feed_total,8.485,normalized-power,good,p1804
2025-12-28T03:10:00Z,cab-a01,A,pdu-a,feed_total,8.664,normalized-power,good,p1805
2025-12-28T03:10:00Z,cab-a01,B,pdu-b,feed_total,8.481,normalized-power,good,p1806
2025-12-28T03:15:00Z,cab-a01,A,pdu-a,feed_total,8.646,normalized-power,good,p1807
2025-12-28T03:15:00Z,cab-a01,B,pdu-b,feed_total,8.477,normalized-power,good,p1808
2025-12-28T03:20:00Z,cab-a01,A,pdu-a,feed_total,8.627,normalized-power,good,p1809
2025-12-28T03:20:00Z,cab-a01,B,pdu-b,feed_total,8.474,normalized-power,good,p1810
2025-12-28T03:25:00Z,cab-a01,A,pdu-a,feed_total,8.61,normalized-power,good,p1811
2025-12-28T03:25:00Z,cab-a01,B,pdu-b,feed_total,8.471,normalized-power,good,p1812
2025-12-28T03:30:00Z,cab-a01,A,pdu-a,feed_total,8.594,normalized-power,good,p1813
2025-12-28T03:30:00Z,cab-a01,B,pdu-b,feed_total,8.467,normalized-power,good,p1814
2025-12-28T03:35:00Z,cab-a01,A,pdu-a,feed_total,8.578,normalized-power,good,p1815
2025-12-28T03:35:00Z,cab-a01,B,pdu-b,feed_total,8.464,normalized-power,good,p1816
2025-12-28T03:40:00Z,cab-a01,A,pdu-a,feed_total,8.564,normalized-power,good,p1817
2025-12-28T03:40:00Z,cab-a01,B,pdu-b,feed_total,8.461,normalized-power,good,p1818
2025-12-28T03:45:00Z,cab-a01,A,pdu-a,feed_total,8.551,normalized-power,good,p1819
2025-12-28T03:45:00Z,cab-a01,B,pdu-b,feed_total,8.46,normalized-power,good,p1820
2025-12-28T03:50:00Z,cab-a01,A,pdu-a,feed_total,8.539,normalized-power,good,p1821
2025-12-28T03:50:00Z,cab-a01,B,pdu-b,feed_total,8.459,normalized-power,good,p1822
2025-12-28T03:55:00Z,cab-a01,A,pdu-a,feed_total,8.529,normalized-power,good,p1823
2025-12-28T03:55:00Z,cab-a01,B,pdu-b,feed_total,8.458,normalized-power,good,p1824
2025-12-28T04:00:00Z,cab-a01,A,pdu-a,feed_total,8.52,normalized-power,good,p1825
2025-12-28T04:00:00Z,cab-a01,B,pdu-b,feed_total,8.459,normalized-power,good,p1826
2025-12-28T04:05:00Z,cab-a01,A,pdu-a,feed_total,8.513,normalized-power,good,p1827
2025-12-28T04:05:00Z,cab-a01,B,pdu-b,feed_total,8.461,normalized-power,good,p1828
2025-12-28T04:10:00Z,cab-a01,A,pdu-a,feed_total,8.508,normalized-power,good,p1829
2025-12-28T04:10:00Z,cab-a01,B,pdu-b,feed_total,8.464,normalized-power,good,p1830
2025-12-28T04:15:00Z,cab-a01,A,pdu-a,feed_total,8.505,normalized-power,good,p1831
2025-12-28T04:15:00Z,cab-a01,B,pdu-b,feed_total,8.468,normalized-power,good,p1832
2025-12-28T04:20:00Z,cab-a01,A,pdu-a,feed_total,8.503,normalized-power,good,p1833
2025-12-28T04:20:00Z,cab-a01,B,pdu-b,feed_total,8.473,normalized-power,good,p1834
2025-12-28T04:25:00Z,cab-a01,A,pdu-a,feed_total,8.503,normalized-power,good,p1835
2025-12-28T04:25:00Z,cab-a01,B,pdu-b,feed_total,8.48,normalized-power,good,p1836
2025-12-28T04:30:00Z,cab-a01,A,pdu-a,feed_total,8.506,normalized-power,good,p1837
2025-12-28T04:30:00Z,cab-a01,B,pdu-b,feed_total,8.487,normalized-power,good,p1838
2025-12-28T04:35:00Z,cab-a01,A,pdu-a,feed_total,8.51,normalized-power,good,p1839
2025-12-28T04:35:00Z,cab-a01,B,pdu-b,feed_total,8.497,normalized-power,good,p1840
2025-12-28T04:40:00Z,cab-a01,A,pdu-a,feed_total,8.516,normalized-power,good,p1841
2025-12-28T04:40:00Z,cab-a01,B,pdu-b,feed_total,8.507,normalized-power,good,p1842
2025-12-28T04:45:00Z,cab-a01,A,pdu-a,feed_total,8.525,normalized-power,good,p1843
2025-12-28T04:45:00Z,cab-a01,B,pdu-b,feed_total,8.518,normalized-power,good,p1844
2025-12-28T04:50:00Z,cab-a01,A,pdu-a,feed_total,8.534,normalized-power,good,p1845
2025-12-28T04:50:00Z,cab-a01,B,pdu-b,feed_total,8.531,normalized-power,good,p1846
2025-12-28T04:55:00Z,cab-a01,A,pdu-a,feed_total,8.546,normalized-power,good,p1847
2025-12-28T04:55:00Z,cab-a01,B,pdu-b,feed_total,8.545,normalized-power,good,p1848
2025-12-28T05:00:00Z,cab-a01,A,pdu-a,feed_total,8.56,normalized-power,good,p1849
2025-12-28T05:00:00Z,cab-a01,B,pdu-b,feed_total,8.559,normalized-power,good,p1850
2025-12-28T05:05:00Z,cab-a01,A,pdu-a,feed_total,8.575,normalized-power,good,p1851
2025-12-28T05:05:00Z,cab-a01,B,pdu-b,feed_total,8.575,normalized-power,good,p1852
2025-12-28T05:10:00Z,cab-a01,A,pdu-a,feed_total,8.592,normalized-power,good,p1853
2025-12-28T05:10:00Z,cab-a01,B,pdu-b,feed_total,8.592,normalized-power,good,p1854
2025-12-28T05:15:00Z,cab-a01,A,pdu-a,feed_total,8.611,normalized-power,good,p1855
2025-12-28T05:15:00Z,cab-a01,B,pdu-b,feed_total,8.609,normalized-power,good,p1856
2025-12-28T05:20:00Z,cab-a01,A,pdu-a,feed_total,8.63,normalized-power,good,p1857
2025-12-28T05:20:00Z,cab-a01,B,pdu-b,feed_total,8.627,normalized-power,good,p1858
2025-12-28T05:25:00Z,cab-a01,A,pdu-a,feed_total,8.651,normalized-power,good,p1859
2025-12-28T05:25:00Z,cab-a01,B,pdu-b,feed_total,8.646,normalized-power,good,p1860
2025-12-28T05:30:00Z,cab-a01,A,pdu-a,feed_total,8.673,normalized-power,good,p1861
2025-12-28T05:30:00Z,cab-a01,B,pdu-b,feed_total,8.665,normalized-power,good,p1862
2025-12-28T05:35:00Z,cab-a01,A,pdu-a,feed_total,8.696,normalized-power,good,p1863
2025-12-28T05:35:00Z,cab-a01,B,pdu-b,feed_total,8.684,normalized-power,good,p1864
2025-12-28T05:40:00Z,cab-a01,A,pdu-a,feed_total,8.72,normalized-power,good,p1865
2025-12-28T05:40:00Z,cab-a01,B,pdu-b,feed_total,8.704,normalized-power,good,p1866
2025-12-28T05:45:00Z,cab-a01,A,pdu-a,feed_total,8.745,normalized-power,good,p1867
2025-12-28T05:45:00Z,cab-a01,B,pdu-b,feed_total,8.723,normalized-power,good,p1868
2025-12-28T05:50:00Z,cab-a01,A,pdu-a,feed_total,8.77,normalized-power,good,p1869
2025-12-28T05:50:00Z,cab-a01,B,pdu-b,feed_total,8.742,normalized-power,good,p1870
2025-12-28T05:55:00Z,cab-a01,A,pdu-a,feed_total,8.795,normalized-power,good,p1871
2025-12-28T05:55:00Z,cab-a01,B,pdu-b,feed_total,8.761,normalized-power,good,p1872
2025-12-28T06:00:00Z,cab-a01,A,pdu-a,feed_total,8.821,normalized-power,good,p1873
2025-12-28T06:00:00Z,cab-a01,B,pdu-b,feed_total,8.779,normalized-power,good,p1874
2025-12-28T06:05:00Z,cab-a01,A,pdu-a,feed_total,8.847,normalized-power,good,p1875
2025-12-28T06:05:00Z,cab-a01,B,pdu-b,feed_total,8.796,normalized-power,good,p1876
2025-12-28T06:10:00Z,cab-a01,A,pdu-a,feed_total,8.872,normalized-power,good,p1877
2025-12-28T06:10:00Z,cab-a01,B,pdu-b,feed_total,8.813,normalized-power,good,p1878
2025-12-28T06:15:00Z,cab-a01,A,pdu-a,feed_total,8.898,normalized-power,good,p1879
2025-12-28T06:15:00Z,cab-a01,B,pdu-b,feed_total,8.828,normalized-power,good,p1880
2025-12-28T06:20:00Z,cab-a01,A,pdu-a,feed_total,8.923,normalized-power,good,p1881
2025-12-28T06:20:00Z,cab-a01,B,pdu-b,feed_total,8.843,normalized-power,good,p1882
2025-12-28T06:25:00Z,cab-a01,A,pdu-a,feed_total,8.947,normalized-power,good,p1883
2025-12-28T06:25:00Z,cab-a01,B,pdu-b,feed_total,8.856,normalized-power,good,p1884
2025-12-28T06:30:00Z,cab-a01,A,pdu-a,feed_total,8.97,normalized-power,good,p1885
2025-12-28T06:30:00Z,cab-a01,B,pdu-b,feed_total,8.868,normalized-power,good,p1886
2025-12-28T06:35:00Z,cab-a01,A,pdu-a,feed_total,8.992,normalized-power,good,p1887
2025-12-28T06:35:00Z,cab-a01,B,pdu-b,feed_total,8.878,normalized-power,good,p1888
2025-12-28T06:40:00Z,cab-a01,A,pdu-a,feed_total,9.014,normalized-power,good,p1889
2025-12-28T06:40:00Z,cab-a01,B,pdu-b,feed_total,8.886,normalized-power,good,p1890
2025-12-28T06:45:00Z,cab-a01,A,pdu-a,feed_total,9.034,normalized-power,good,p1891
2025-12-28T06:45:00Z,cab-a01,B,pdu-b,feed_total,8.893,normalized-power,good,p1892
2025-12-28T06:50:00Z,cab-a01,A,pdu-a,feed_total,9.053,normalized-power,good,p1893
2025-12-28T06:50:00Z,cab-a01,B,pdu-b,feed_total,8.897,normalized-power,good,p1894
2025-12-28T06:55:00Z,cab-a01,A,pdu-a,feed_total,9.07,normalized-power,good,p1895
2025-12-28T06:55:00Z,cab-a01,B,pdu-b,feed_total,8.899,normalized-power,good,p1896
2025-12-28T07:00:00Z,cab-a01,A,pdu-a,feed_total,9.085,normalized-power,good,p1897
2025-12-28T07:00:00Z,cab-a01,B,pdu-b,feed_total,8.9,normalized-power,good,p1898
2025-12-28T07:05:00Z,cab-a01,A,pdu-a,feed_total,9.099,normalized-power,good,p1899
2025-12-28T07:05:00Z,cab-a01,B,pdu-b,feed_total,8.898,normalized-power,good,p1900
2025-12-28T07:10:00Z,cab-a01,A,pdu-a,feed_total,9.112,normalized-power,good,p1901
2025-12-28T07:10:00Z,cab-a01,B,pdu-b,feed_total,8.893,normalized-power,good,p1902
2025-12-28T07:15:00Z,cab-a01,A,pdu-a,feed_total,9.122,normalized-power,good,p1903
2025-12-28T07:15:00Z,cab-a01,B,pdu-b,feed_total,8.887,normalized-power,good,p1904
2025-12-28T07:20:00Z,cab-a01,A,pdu-a,feed_total,9.13,normalized-power,good,p1905
2025-12-28T07:20:00Z,cab-a01,B,pdu-b,feed_total,8.878,normalized-power,good,p1906
2025-12-28T07:25:00Z,cab-a01,A,pdu-a,feed_total,9.137,normalized-power,good,p1907
2025-12-28T07:25:00Z,cab-a01,B,pdu-b,feed_total,8.866,normalized-power,good,p1908
2025-12-28T07:30:00Z,cab-a01,A,pdu-a,feed_total,9.141,normalized-power,good,p1909
2025-12-28T07:30:00Z,cab-a01,B,pdu-b,feed_total,8.852,normalized-power,good,p1910
2025-12-28T07:35:00Z,cab-a01,A,pdu-a,feed_total,9.144,normalized-power,good,p1911
2025-12-28T07:35:00Z,cab-a01,B,pdu-b,feed_total,8.836,normalized-power,good,p1912
2025-12-28T07:40:00Z,cab-a01,A,pdu-a,feed_total,9.144,normalized-power,good,p1913
2025-12-28T07:40:00Z,cab-a01,B,pdu-b,feed_total,8.817,normalized-power,good,p1914
2025-12-28T07:45:00Z,cab-a01,A,pdu-a,feed_total,9.142,normalized-power,good,p1915
2025-12-28T07:45:00Z,cab-a01,B,pdu-b,feed_total,8.797,normalized-power,good,p1916
2025-12-28T07:50:00Z,cab-a01,A,pdu-a,feed_total,9.139,normalized-power,good,p1917
2025-12-28T07:50:00Z,cab-a01,B,pdu-b,feed_total,8.773,normalized-power,good,p1918
2025-12-28T07:55:00Z,cab-a01,A,pdu-a,feed_total,9.133,normalized-power,good,p1919
2025-12-28T07:55:00Z,cab-a01,B,pdu-b,feed_total,8.748,normalized-power,good,p1920
2025-12-28T08:00:00Z,cab-a01,A,pdu-a,feed_total,9.125,normalized-power,good,p1921
2025-12-28T08:00:00Z,cab-a01,B,pdu-b,feed_total,8.72,normalized-power,good,p1922
2025-12-28T08:05:00Z,cab-a01,A,pdu-a,feed_total,9.115,normalized-power,good,p1923
2025-12-28T08:05:00Z,cab-a01,B,pdu-b,feed_total,8.691,normalized-power,good,p1924
2025-12-28T08:10:00Z,cab-a01,A,pdu-a,feed_total,9.104,normalized-power,good,p1925
2025-12-28T08:10:00Z,cab-a01,B,pdu-b,feed_total,8.66,normalized-power,good,p1926
2025-12-28T08:15:00Z,cab-a01,A,pdu-a,feed_total,9.091,normalized-power,good,p1927
2025-12-28T08:15:00Z,cab-a01,B,pdu-b,feed_total,8.627,normalized-power,good,p1928
2025-12-28T08:20:00Z,cab-a01,A,pdu-a,feed_total,9.076,normalized-power,good,p1929
2025-12-28T08:20:00Z,cab-a01,B,pdu-b,feed_total,8.592,normalized-power,good,p1930
2025-12-28T08:25:00Z,cab-a01,A,pdu-a,feed_total,9.061,normalized-power,good,p1931
2025-12-28T08:25:00Z,cab-a01,B,pdu-b,feed_total,8.555,normalized-power,good,p1932
2025-12-28T08:30:00Z,cab-a01,A,pdu-a,feed_total,9.043,normalized-power,good,p1933
2025-12-28T08:30:00Z,cab-a01,B,pdu-b,feed_total,8.518,normalized-power,good,p1934
2025-12-28T08:35:00Z,cab-a01,A,pdu-a,feed_total,9.024,normalized-power,good,p1935
2025-12-28T08:35:00Z,cab-a01,B,pdu-b,feed_total,8.479,normalized-power,good,p1936
2025-12-28T08:40:00Z,cab-a01,A,pdu-a,feed_total,9.004,normalized-power,good,p1937
2025-12-28T08:40:00Z,cab-a01,B,pdu-b,feed_total,8.439,normalized-power,good,p1938
2025-12-28T08:45:00Z,cab-a01,A,pdu-a,feed_total,8.984,normalized-power,good,p1939
2025-12-28T08:45:00Z,cab-a01,B,pdu-b,feed_total,8.398,normalized-power,good,p1940
2025-12-28T08:50:00Z,cab-a01,A,pdu-a,feed_total,8.962,normalized-power,good,p1941
2025-12-28T08:50:00Z,cab-a01,B,pdu-b,feed_total,8.357,normalized-power,good,p1942
2025-12-28T08:55:00Z,cab-a01,A,pdu-a,feed_total,8.94,normalized-power,good,p1943
2025-12-28T08:55:00Z,cab-a01,B,pdu-b,feed_total,8.315,normalized-power,good,p1944
2025-12-28T09:00:00Z,cab-a01,A,pdu-a,feed_total,8.918,normalized-power,good,p1945
2025-12-28T09:00:00Z,cab-a01,B,pdu-b,feed_total,8.272,normalized-power,good,p1946
2025-12-28T09:05:00Z,cab-a01,A,pdu-a,feed_total,8.895,normalized-power,good,p1947
2025-12-28T09:05:00Z,cab-a01,B,pdu-b,feed_total,8.23,normalized-power,good,p1948
2025-12-28T09:10:00Z,cab-a01,A,pdu-a,feed_total,8.872,normalized-power,good,p1949
2025-12-28T09:10:00Z,cab-a01,B,pdu-b,feed_total,8.187,normalized-power,good,p1950
2025-12-28T09:15:00Z,cab-a01,A,pdu-a,feed_total,8.849,normalized-power,good,p1951
2025-12-28T09:15:00Z,cab-a01,B,pdu-b,feed_total,8.145,normalized-power,good,p1952
2025-12-28T09:20:00Z,cab-a01,A,pdu-a,feed_total,8.826,normalized-power,good,p1953
2025-12-28T09:20:00Z,cab-a01,B,pdu-b,feed_total,8.103,normalized-power,good,p1954
2025-12-28T09:25:00Z,cab-a01,A,pdu-a,feed_total,8.804,normalized-power,good,p1955
2025-12-28T09:25:00Z,cab-a01,B,pdu-b,feed_total,8.061,normalized-power,good,p1956
2025-12-28T09:30:00Z,cab-a01,A,pdu-a,feed_total,8.781,normalized-power,good,p1957
2025-12-28T09:30:00Z,cab-a01,B,pdu-b,feed_total,8.021,normalized-power,good,p1958
2025-12-28T09:35:00Z,cab-a01,A,pdu-a,feed_total,8.76,normalized-power,good,p1959
2025-12-28T09:35:00Z,cab-a01,B,pdu-b,feed_total,7.981,normalized-power,good,p1960
2025-12-28T09:40:00Z,cab-a01,A,pdu-a,feed_total,8.74,normalized-power,good,p1961
2025-12-28T09:40:00Z,cab-a01,B,pdu-b,feed_total,7.942,normalized-power,good,p1962
2025-12-28T09:45:00Z,cab-a01,A,pdu-a,feed_total,8.72,normalized-power,good,p1963
2025-12-28T09:45:00Z,cab-a01,B,pdu-b,feed_total,7.904,normalized-power,good,p1964
2025-12-28T09:50:00Z,cab-a01,A,pdu-a,feed_total,8.702,normalized-power,good,p1965
2025-12-28T09:50:00Z,cab-a01,B,pdu-b,feed_total,7.867,normalized-power,good,p1966
2025-12-28T09:55:00Z,cab-a01,A,pdu-a,feed_total,8.684,normalized-power,good,p1967
2025-12-28T09:55:00Z,cab-a01,B,pdu-b,feed_total,7.833,normalized-power,good,p1968
2025-12-28T10:00:00Z,cab-a01,A,pdu-a,feed_total,8.668,normalized-power,good,p1969
2025-12-28T10:00:00Z,cab-a01,B,pdu-b,feed_total,7.799,normalized-power,good,p1970
2025-12-28T10:05:00Z,cab-a01,A,pdu-a,feed_total,8.654,normalized-power,good,p1971
2025-12-28T10:05:00Z,cab-a01,B,pdu-b,feed_total,7.766,normalized-power,good,p1972
2025-12-28T10:10:00Z,cab-a01,A,pdu-a,feed_total,8.641,normalized-power,good,p1973
2025-12-28T10:10:00Z,cab-a01,B,pdu-b,feed_total,7.736,normalized-power,good,p1974
2025-12-28T10:15:00Z,cab-a01,A,pdu-a,feed_total,8.629,normalized-power,good,p1975
2025-12-28T10:15:00Z,cab-a01,B,pdu-b,feed_total,7.707,normalized-power,good,p1976
2025-12-28T10:20:00Z,cab-a01,A,pdu-a,feed_total,8.619,normalized-power,good,p1977
2025-12-28T10:20:00Z,cab-a01,B,pdu-b,feed_total,7.68,normalized-power,good,p1978
2025-12-28T10:25:00Z,cab-a01,A,pdu-a,feed_total,8.611,normalized-power,good,p1979
2025-12-28T10:25:00Z,cab-a01,B,pdu-b,feed_total,7.655,normalized-power,good,p1980
2025-12-28T10:30:00Z,cab-a01,A,pdu-a,feed_total,8.604,normalized-power,good,p1981
2025-12-28T10:30:00Z,cab-a01,B,pdu-b,feed_total,7.632,normalized-power,good,p1982
2025-12-28T10:35:00Z,cab-a01,A,pdu-a,feed_total,8.599,normalized-power,good,p1983
2025-12-28T10:35:00Z,cab-a01,B,pdu-b,feed_total,7.61,normalized-power,good,p1984
2025-12-28T10:40:00Z,cab-a01,A,pdu-a,feed_total,8.595,normalized-power,good,p1985
2025-12-28T10:40:00Z,cab-a01,B,pdu-b,feed_total,7.591,normalized-power,good,p1986
2025-12-28T10:45:00Z,cab-a01,A,pdu-a,feed_total,8.594,normalized-power,good,p1987
2025-12-28T10:45:00Z,cab-a01,B,pdu-b,feed_total,7.573,normalized-power,good,p1988
2025-12-28T10:50:00Z,cab-a01,A,pdu-a,feed_total,8.594,normalized-power,good,p1989
2025-12-28T10:50:00Z,cab-a01,B,pdu-b,feed_total,7.557,normalized-power,good,p1990
2025-12-28T10:55:00Z,cab-a01,A,pdu-a,feed_total,8.595,normalized-power,good,p1991
2025-12-28T10:55:00Z,cab-a01,B,pdu-b,feed_total,7.544,normalized-power,good,p1992
2025-12-28T11:00:00Z,cab-a01,A,pdu-a,feed_total,8.598,normalized-power,good,p1993
2025-12-28T11:00:00Z,cab-a01,B,pdu-b,feed_total,7.531,normalized-power,good,p1994
2025-12-28T11:05:00Z,cab-a01,A,pdu-a,feed_total,8.603,normalized-power,good,p1995
2025-12-28T11:05:00Z,cab-a01,B,pdu-b,feed_total,7.52,normalized-power,good,p1996
2025-12-28T11:10:00Z,cab-a01,A,pdu-a,feed_total,8.609,normalized-power,good,p1997
2025-12-28T11:10:00Z,cab-a01,B,pdu-b,feed_total,7.511,normalized-power,good,p1998
2025-12-28T11:15:00Z,cab-a01,A,pdu-a,feed_total,8.616,normalized-power,good,p1999
2025-12-28T11:15:00Z,cab-a01,B,pdu-b,feed_total,7.504,normalized-power,good,p2000
2025-12-28T11:20:00Z,cab-a01,A,pdu-a,feed_total,8.624,normalized-power,good,p2001
2025-12-28T11:20:00Z,cab-a01,B,pdu-b,feed_total,7.498,normalized-power,good,p2002
2025-12-28T11:25:00Z,cab-a01,A,pdu-a,feed_total,8.633,normalized-power,good,p2003
2025-12-28T11:25:00Z,cab-a01,B,pdu-b,feed_total,7.493,normalized-power,good,p2004
2025-12-28T11:30:00Z,cab-a01,A,pdu-a,feed_total,8.643,normalized-power,good,p2005
2025-12-28T11:30:00Z,cab-a01,B,pdu-b,feed_total,7.49,normalized-power,good,p2006
2025-12-28T11:35:00Z,cab-a01,A,pdu-a,feed_total,8.654,normalized-power,good,p2007
2025-12-28T11:35:00Z,cab-a01,B,pdu-b,feed_total,7.487,normalized-power,good,p2008
2025-12-28T11:40:00Z,cab-a01,A,pdu-a,feed_total,8.665,normalized-power,good,p2009
2025-12-28T11:40:00Z,cab-a01,B,pdu-b,feed_total,7.486,normalized-power,good,p2010
2025-12-28T11:45:00Z,cab-a01,A,pdu-a,feed_total,8.677,normalized-power,good,p2011
2025-12-28T11:45:00Z,cab-a01,B,pdu-b,feed_total,7.485,normalized-power,good,p2012
2025-12-28T11:50:00Z,cab-a01,A,pdu-a,feed_total,8.689,normalized-power,good,p2013
2025-12-28T11:50:00Z,cab-a01,B,pdu-b,feed_total,7.485,normalized-power,good,p2014
2025-12-28T11:55:00Z,cab-a01,A,pdu-a,feed_total,8.701,normalized-power,good,p2015
2025-12-28T11:55:00Z,cab-a01,B,pdu-b,feed_total,7.486,normalized-power,good,p2016
2025-12-28T12:00:00Z,cab-a01,A,pdu-a,feed_total,8.713,normalized-power,good,p2017
2025-12-28T12:00:00Z,cab-a01,B,pdu-b,feed_total,7.487,normalized-power,good,p2018
2025-12-28T12:05:00Z,cab-a01,A,pdu-a,feed_total,8.724,normalized-power,good,p2019
2025-12-28T12:05:00Z,cab-a01,B,pdu-b,feed_total,7.489,normalized-power,good,p2020
2025-12-28T12:10:00Z,cab-a01,A,pdu-a,feed_total,8.736,normalized-power,good,p2021
2025-12-28T12:10:00Z,cab-a01,B,pdu-b,feed_total,7.49,normalized-power,good,p2022
2025-12-28T12:15:00Z,cab-a01,A,pdu-a,feed_total,8.746,normalized-power,good,p2023
2025-12-28T12:15:00Z,cab-a01,B,pdu-b,feed_total,7.492,normalized-power,good,p2024
2025-12-28T12:20:00Z,cab-a01,A,pdu-a,feed_total,8.756,normalized-power,good,p2025
2025-12-28T12:20:00Z,cab-a01,B,pdu-b,feed_total,7.493,normalized-power,good,p2026
2025-12-28T12:25:00Z,cab-a01,A,pdu-a,feed_total,8.764,normalized-power,good,p2027
2025-12-28T12:25:00Z,cab-a01,B,pdu-b,feed_total,7.495,normalized-power,good,p2028
2025-12-28T12:30:00Z,cab-a01,A,pdu-a,feed_total,8.772,normalized-power,good,p2029
2025-12-28T12:30:00Z,cab-a01,B,pdu-b,feed_total,7.495,normalized-power,good,p2030
2025-12-28T12:35:00Z,cab-a01,A,pdu-a,feed_total,8.778,normalized-power,good,p2031
2025-12-28T12:35:00Z,cab-a01,B,pdu-b,feed_total,7.496,normalized-power,good,p2032
2025-12-28T12:40:00Z,cab-a01,A,pdu-a,feed_total,8.783,normalized-power,good,p2033
2025-12-28T12:40:00Z,cab-a01,B,pdu-b,feed_total,7.495,normalized-power,good,p2034
2025-12-28T12:45:00Z,cab-a01,A,pdu-a,feed_total,8.786,normalized-power,good,p2035
2025-12-28T12:45:00Z,cab-a01,B,pdu-b,feed_total,7.494,normalized-power,good,p2036
2025-12-28T12:50:00Z,cab-a01,A,pdu-a,feed_total,8.788,normalized-power,good,p2037
2025-12-28T12:50:00Z,cab-a01,B,pdu-b,feed_total,7.492,normalized-power,good,p2038
2025-12-28T12:55:00Z,cab-a01,A,pdu-a,feed_total,8.787,normalized-power,good,p2039
2025-12-28T12:55:00Z,cab-a01,B,pdu-b,feed_total,7.49,normalized-power,good,p2040
2025-12-28T13:00:00Z,cab-a01,A,pdu-a,feed_total,8.785,normalized-power,good,p2041
2025-12-28T13:00:00Z,cab-a01,B,pdu-b,feed_total,7.486,normalized-power,good,p2042
2025-12-28T13:05:00Z,cab-a01,A,pdu-a,feed_total,8.781,normalized-power,good,p2043
2025-12-28T13:05:00Z,cab-a01,B,pdu-b,feed_total,7.48,normalized-power,good,p2044
2025-12-28T13:10:00Z,cab-a01,A,pdu-a,feed_total,8.774,normalized-power,good,p2045
2025-12-28T13:10:00Z,cab-a01,B,pdu-b,feed_total,7.475,normalized-power,good,p2046
2025-12-28T13:15:00Z,cab-a01,A,pdu-a,feed_total,8.766,normalized-power,good,p2047
2025-12-28T13:15:00Z,cab-a01,B,pdu-b,feed_total,7.467,normalized-power,good,p2048
2025-12-28T13:20:00Z,cab-a01,A,pdu-a,feed_total,8.755,normalized-power,good,p2049
2025-12-28T13:20:00Z,cab-a01,B,pdu-b,feed_total,7.459,normalized-power,good,p2050
2025-12-28T13:25:00Z,cab-a01,A,pdu-a,feed_total,8.742,normalized-power,good,p2051
2025-12-28T13:25:00Z,cab-a01,B,pdu-b,feed_total,7.449,normalized-power,good,p2052
2025-12-28T13:30:00Z,cab-a01,A,pdu-a,feed_total,8.727,normalized-power,good,p2053
2025-12-28T13:30:00Z,cab-a01,B,pdu-b,feed_total,7.437,normalized-power,good,p2054
2025-12-28T13:35:00Z,cab-a01,A,pdu-a,feed_total,8.709,normalized-power,good,p2055
2025-12-28T13:35:00Z,cab-a01,B,pdu-b,feed_total,7.425,normalized-power,good,p2056
2025-12-28T13:40:00Z,cab-a01,A,pdu-a,feed_total,8.69,normalized-power,good,p2057
2025-12-28T13:40:00Z,cab-a01,B,pdu-b,feed_total,7.411,normalized-power,good,p2058
2025-12-28T13:45:00Z,cab-a01,A,pdu-a,feed_total,8.668,normalized-power,good,p2059
2025-12-28T13:45:00Z,cab-a01,B,pdu-b,feed_total,7.396,normalized-power,good,p2060
2025-12-28T13:50:00Z,cab-a01,A,pdu-a,feed_total,8.643,normalized-power,good,p2061
2025-12-28T13:50:00Z,cab-a01,B,pdu-b,feed_total,7.38,normalized-power,good,p2062
2025-12-28T13:55:00Z,cab-a01,A,pdu-a,feed_total,8.618,normalized-power,good,p2063
2025-12-28T13:55:00Z,cab-a01,B,pdu-b,feed_total,7.362,normalized-power,good,p2064
2025-12-28T14:00:00Z,cab-a01,A,pdu-a,feed_total,8.589,normalized-power,good,p2065
2025-12-28T14:00:00Z,cab-a01,B,pdu-b,feed_total,7.344,normalized-power,good,p2066
2025-12-28T14:05:00Z,cab-a01,A,pdu-a,feed_total,8.559,normalized-power,good,p2067
2025-12-28T14:05:00Z,cab-a01,B,pdu-b,feed_total,7.324,normalized-power,good,p2068
2025-12-28T14:10:00Z,cab-a01,A,pdu-a,feed_total,8.528,normalized-power,good,p2069
2025-12-28T14:10:00Z,cab-a01,B,pdu-b,feed_total,7.303,normalized-power,good,p2070
2025-12-28T14:15:00Z,cab-a01,A,pdu-a,feed_total,8.494,normalized-power,good,p2071
2025-12-28T14:15:00Z,cab-a01,B,pdu-b,feed_total,7.282,normalized-power,good,p2072
2025-12-28T14:20:00Z,cab-a01,A,pdu-a,feed_total,8.459,normalized-power,good,p2073
2025-12-28T14:20:00Z,cab-a01,B,pdu-b,feed_total,7.259,normalized-power,good,p2074
2025-12-28T14:25:00Z,cab-a01,A,pdu-a,feed_total,8.423,normalized-power,good,p2075
2025-12-28T14:25:00Z,cab-a01,B,pdu-b,feed_total,7.236,normalized-power,good,p2076
2025-12-28T14:30:00Z,cab-a01,A,pdu-a,feed_total,8.385,normalized-power,good,p2077
2025-12-28T14:30:00Z,cab-a01,B,pdu-b,feed_total,7.213,normalized-power,good,p2078
2025-12-28T14:35:00Z,cab-a01,A,pdu-a,feed_total,8.346,normalized-power,good,p2079
2025-12-28T14:35:00Z,cab-a01,B,pdu-b,feed_total,7.189,normalized-power,good,p2080
2025-12-28T14:40:00Z,cab-a01,A,pdu-a,feed_total,8.307,normalized-power,good,p2081
2025-12-28T14:40:00Z,cab-a01,B,pdu-b,feed_total,7.164,normalized-power,good,p2082
2025-12-28T14:45:00Z,cab-a01,A,pdu-a,feed_total,8.266,normalized-power,good,p2083
2025-12-28T14:45:00Z,cab-a01,B,pdu-b,feed_total,7.14,normalized-power,good,p2084
2025-12-28T14:50:00Z,cab-a01,A,pdu-a,feed_total,8.226,normalized-power,good,p2085
2025-12-28T14:50:00Z,cab-a01,B,pdu-b,feed_total,7.115,normalized-power,good,p2086
2025-12-28T14:55:00Z,cab-a01,A,pdu-a,feed_total,8.185,normalized-power,good,p2087
2025-12-28T14:55:00Z,cab-a01,B,pdu-b,feed_total,7.09,normalized-power,good,p2088
2025-12-28T15:00:00Z,cab-a01,A,pdu-a,feed_total,8.144,normalized-power,good,p2089
2025-12-28T15:00:00Z,cab-a01,B,pdu-b,feed_total,7.066,normalized-power,good,p2090
2025-12-28T15:05:00Z,cab-a01,A,pdu-a,feed_total,8.103,normalized-power,good,p2091
2025-12-28T15:05:00Z,cab-a01,B,pdu-b,feed_total,7.042,normalized-power,good,p2092
2025-12-28T15:10:00Z,cab-a01,A,pdu-a,feed_total,8.062,normalized-power,good,p2093
2025-12-28T15:10:00Z,cab-a01,B,pdu-b,feed_total,7.019,normalized-power,good,p2094
2025-12-28T15:15:00Z,cab-a01,A,pdu-a,feed_total,8.021,normalized-power,good,p2095
2025-12-28T15:15:00Z,cab-a01,B,pdu-b,feed_total,6.997,normalized-power,good,p2096
2025-12-28T15:20:00Z,cab-a01,A,pdu-a,feed_total,7.982,normalized-power,good,p2097
2025-12-28T15:20:00Z,cab-a01,B,pdu-b,feed_total,6.975,normalized-power,good,p2098
2025-12-28T15:25:00Z,cab-a01,A,pdu-a,feed_total,7.943,normalized-power,good,p2099
2025-12-28T15:25:00Z,cab-a01,B,pdu-b,feed_total,6.954,normalized-power,good,p2100
2025-12-28T15:30:00Z,cab-a01,A,pdu-a,feed_total,7.904,normalized-power,good,p2101
2025-12-28T15:30:00Z,cab-a01,B,pdu-b,feed_total,6.935,normalized-power,good,p2102
2025-12-28T15:35:00Z,cab-a01,A,pdu-a,feed_total,7.868,normalized-power,good,p2103
2025-12-28T15:35:00Z,cab-a01,B,pdu-b,feed_total,6.916,normalized-power,good,p2104
2025-12-28T15:40:00Z,cab-a01,A,pdu-a,feed_total,7.832,normalized-power,good,p2105
2025-12-28T15:40:00Z,cab-a01,B,pdu-b,feed_total,6.9,normalized-power,good,p2106
2025-12-28T15:45:00Z,cab-a01,A,pdu-a,feed_total,7.798,normalized-power,good,p2107
2025-12-28T15:45:00Z,cab-a01,B,pdu-b,feed_total,6.884,normalized-power,good,p2108
2025-12-28T15:50:00Z,cab-a01,A,pdu-a,feed_total,7.766,normalized-power,good,p2109
2025-12-28T15:50:00Z,cab-a01,B,pdu-b,feed_total,6.87,normalized-power,good,p2110
2025-12-28T15:55:00Z,cab-a01,A,pdu-a,feed_total,7.735,normalized-power,good,p2111
2025-12-28T15:55:00Z,cab-a01,B,pdu-b,feed_total,6.859,normalized-power,good,p2112
2025-12-28T16:00:00Z,cab-a01,A,pdu-a,feed_total,7.706,normalized-power,good,p2113
2025-12-28T16:00:00Z,cab-a01,B,pdu-b,feed_total,6.849,normalized-power,good,p2114
2025-12-28T16:05:00Z,cab-a01,A,pdu-a,feed_total,7.679,normalized-power,good,p2115
2025-12-28T16:05:00Z,cab-a01,B,pdu-b,feed_total,6.84,normalized-power,good,p2116
2025-12-28T16:10:00Z,cab-a01,A,pdu-a,feed_total,7.654,normalized-power,good,p2117
2025-12-28T16:10:00Z,cab-a01,B,pdu-b,feed_total,6.834,normalized-power,good,p2118
2025-12-28T16:15:00Z,cab-a01,A,pdu-a,feed_total,7.631,normalized-power,good,p2119
2025-12-28T16:15:00Z,cab-a01,B,pdu-b,feed_total,6.83,normalized-power,good,p2120
2025-12-28T16:20:00Z,cab-a01,A,pdu-a,feed_total,7.611,normalized-power,good,p2121
2025-12-28T16:20:00Z,cab-a01,B,pdu-b,feed_total,6.828,normalized-power,good,p2122
2025-12-28T16:25:00Z,cab-a01,A,pdu-a,feed_total,7.592,normalized-power,good,p2123
2025-12-28T16:25:00Z,cab-a01,B,pdu-b,feed_total,6.828,normalized-power,good,p2124
2025-12-28T16:30:00Z,cab-a01,A,pdu-a,feed_total,7.577,normalized-power,good,p2125
2025-12-28T16:30:00Z,cab-a01,B,pdu-b,feed_total,6.83,normalized-power,good,p2126
2025-12-28T16:35:00Z,cab-a01,A,pdu-a,feed_total,7.562,normalized-power,good,p2127
2025-12-28T16:35:00Z,cab-a01,B,pdu-b,feed_total,6.835,normalized-power,good,p2128
2025-12-28T16:40:00Z,cab-a01,A,pdu-a,feed_total,7.551,normalized-power,good,p2129
2025-12-28T16:40:00Z,cab-a01,B,pdu-b,feed_total,6.841,normalized-power,good,p2130
2025-12-28T16:45:00Z,cab-a01,A,pdu-a,feed_total,7.541,normalized-power,good,p2131
2025-12-28T16:45:00Z,cab-a01,B,pdu-b,feed_total,6.85,normalized-power,good,p2132
2025-12-28T16:50:00Z,cab-a01,A,pdu-a,feed_total,7.534,normalized-power,good,p2133
2025-12-28T16:50:00Z,cab-a01,B,pdu-b,feed_total,6.861,normalized-power,good,p2134
2025-12-28T16:55:00Z,cab-a01,A,pdu-a,feed_total,7.529,normalized-power,good,p2135
2025-12-28T16:55:00Z,cab-a01,B,pdu-b,feed_total,6.874,normalized-power,good,p2136
2025-12-28T17:00:00Z,cab-a01,A,pdu-a,feed_total,7.526,normalized-power,good,p2137
2025-12-28T17:00:00Z,cab-a01,B,pdu-b,feed_total,6.889,normalized-power,good,p2138
2025-12-28T17:05:00Z,cab-a01,A,pdu-a,feed_total,7.525,normalized-power,good,p2139
2025-12-28T17:05:00Z,cab-a01,B,pdu-b,feed_total,6.906,normalized-power,good,p2140
2025-12-28T17:10:00Z,cab-a01,A,pdu-a,feed_total,7.526,normalized-power,good,p2141
2025-12-28T17:10:00Z,cab-a01,B,pdu-b,feed_total,6.924,normalized-power,good,p2142
2025-12-28T17:15:00Z,cab-a01,A,pdu-a,feed_total,7.529,normalized-power,good,p2143
2025-12-28T17:15:00Z,cab-a01,B,pdu-b,feed_total,6.944,normalized-power,good,p2144
2025-12-28T17:20:00Z,cab-a01,A,pdu-a,feed_total,7.533,normalized-power,good,p2145
2025-12-28T17:20:00Z,cab-a01,B,pdu-b,feed_total,6.967,normalized-power,good,p2146
2025-12-28T17:25:00Z,cab-a01,A,pdu-a,feed_total,7.54,normalized-power,good,p2147
2025-12-28T17:25:00Z,cab-a01,B,pdu-b,feed_total,6.99,normalized-power,good,p2148
2025-12-28T17:30:00Z,cab-a01,A,pdu-a,feed_total,7.547,normalized-power,good,p2149
2025-12-28T17:30:00Z,cab-a01,B,pdu-b,feed_total,7.015,normalized-power,good,p2150
2025-12-28T17:35:00Z,cab-a01,A,pdu-a,feed_total,7.556,normalized-power,good,p2151
2025-12-28T17:35:00Z,cab-a01,B,pdu-b,feed_total,7.041,normalized-power,good,p2152
2025-12-28T17:40:00Z,cab-a01,A,pdu-a,feed_total,7.565,normalized-power,good,p2153
2025-12-28T17:40:00Z,cab-a01,B,pdu-b,feed_total,7.069,normalized-power,good,p2154
2025-12-28T17:45:00Z,cab-a01,A,pdu-a,feed_total,7.577,normalized-power,good,p2155
2025-12-28T17:45:00Z,cab-a01,B,pdu-b,feed_total,7.097,normalized-power,good,p2156
2025-12-28T17:50:00Z,cab-a01,A,pdu-a,feed_total,7.589,normalized-power,good,p2157
2025-12-28T17:50:00Z,cab-a01,B,pdu-b,feed_total,7.126,normalized-power,good,p2158
2025-12-28T17:55:00Z,cab-a01,A,pdu-a,feed_total,7.601,normalized-power,good,p2159
2025-12-28T17:55:00Z,cab-a01,B,pdu-b,feed_total,7.156,normalized-power,good,p2160
2025-12-28T18:00:00Z,cab-a01,A,pdu-a,feed_total,7.614,normalized-power,good,p2161
2025-12-28T18:00:00Z,cab-a01,B,pdu-b,feed_total,7.186,normalized-power,good,p2162
2025-12-28T18:05:00Z,cab-a01,A,pdu-a,feed_total,7.627,normalized-power,good,p2163
2025-12-28T18:05:00Z,cab-a01,B,pdu-b,feed_total,7.217,normalized-power,good,p2164
2025-12-28T18:10:00Z,cab-a01,A,pdu-a,feed_total,7.641,normalized-power,good,p2165
2025-12-28T18:10:00Z,cab-a01,B,pdu-b,feed_total,7.247,normalized-power,good,p2166
2025-12-28T18:15:00Z,cab-a01,A,pdu-a,feed_total,7.654,normalized-power,good,p2167
2025-12-28T18:15:00Z,cab-a01,B,pdu-b,feed_total,7.278,normalized-power,good,p2168
2025-12-28T18:20:00Z,cab-a01,A,pdu-a,feed_total,7.668,normalized-power,good,p2169
2025-12-28T18:20:00Z,cab-a01,B,pdu-b,feed_total,7.308,normalized-power,good,p2170
2025-12-28T18:25:00Z,cab-a01,A,pdu-a,feed_total,7.682,normalized-power,good,p2171
2025-12-28T18:25:00Z,cab-a01,B,pdu-b,feed_total,7.338,normalized-power,good,p2172
2025-12-28T18:30:00Z,cab-a01,A,pdu-a,feed_total,7.695,normalized-power,good,p2173
2025-12-28T18:30:00Z,cab-a01,B,pdu-b,feed_total,7.367,normalized-power,good,p2174
2025-12-28T18:35:00Z,cab-a01,A,pdu-a,feed_total,7.707,normalized-power,good,p2175
2025-12-28T18:35:00Z,cab-a01,B,pdu-b,feed_total,7.396,normalized-power,good,p2176
2025-12-28T18:40:00Z,cab-a01,A,pdu-a,feed_total,7.719,normalized-power,good,p2177
2025-12-28T18:40:00Z,cab-a01,B,pdu-b,feed_total,7.424,normalized-power,good,p2178
2025-12-28T18:45:00Z,cab-a01,A,pdu-a,feed_total,7.729,normalized-power,good,p2179
2025-12-28T18:45:00Z,cab-a01,B,pdu-b,feed_total,7.451,normalized-power,good,p2180
2025-12-28T18:50:00Z,cab-a01,A,pdu-a,feed_total,7.74,normalized-power,good,p2181
2025-12-28T18:50:00Z,cab-a01,B,pdu-b,feed_total,7.476,normalized-power,good,p2182
2025-12-28T18:55:00Z,cab-a01,A,pdu-a,feed_total,7.749,normalized-power,good,p2183
2025-12-28T18:55:00Z,cab-a01,B,pdu-b,feed_total,7.501,normalized-power,good,p2184
2025-12-28T19:00:00Z,cab-a01,A,pdu-a,feed_total,7.757,normalized-power,good,p2185
2025-12-28T19:00:00Z,cab-a01,B,pdu-b,feed_total,7.524,normalized-power,good,p2186
2025-12-28T19:05:00Z,cab-a01,A,pdu-a,feed_total,7.763,normalized-power,good,p2187
2025-12-28T19:05:00Z,cab-a01,B,pdu-b,feed_total,7.546,normalized-power,good,p2188
2025-12-28T19:10:00Z,cab-a01,A,pdu-a,feed_total,7.769,normalized-power,good,p2189
2025-12-28T19:10:00Z,cab-a01,B,pdu-b,feed_total,7.566,normalized-power,good,p2190
2025-12-28T19:15:00Z,cab-a01,A,pdu-a,feed_total,7.773,normalized-power,good,p2191
2025-12-28T19:15:00Z,cab-a01,B,pdu-b,feed_total,7.584,normalized-power,good,p2192
2025-12-28T19:20:00Z,cab-a01,A,pdu-a,feed_total,7.776,normalized-power,good,p2193
2025-12-28T19:20:00Z,cab-a01,B,pdu-b,feed_total,7.601,normalized-power,good,p2194
2025-12-28T19:25:00Z,cab-a01,A,pdu-a,feed_total,7.777,normalized-power,good,p2195
2025-12-28T19:25:00Z,cab-a01,B,pdu-b,feed_total,7.616,normalized-power,good,p2196
2025-12-28T19:30:00Z,cab-a01,A,pdu-a,feed_total,7.778,normalized-power,good,p2197
2025-12-28T19:30:00Z,cab-a01,B,pdu-b,feed_total,7.629,normalized-power,good,p2198
2025-12-28T19:35:00Z,cab-a01,A,pdu-a,feed_total,7.776,normalized-power,good,p2199
2025-12-28T19:35:00Z,cab-a01,B,pdu-b,feed_total,7.641,normalized-power,good,p2200
2025-12-28T19:40:00Z,cab-a01,A,pdu-a,feed_total,7.774,normalized-power,good,p2201
2025-12-28T19:40:00Z,cab-a01,B,pdu-b,feed_total,7.65,normalized-power,good,p2202
2025-12-28T19:45:00Z,cab-a01,A,pdu-a,feed_total,7.77,normalized-power,good,p2203
2025-12-28T19:45:00Z,cab-a01,B,pdu-b,feed_total,7.657,normalized-power,good,p2204
2025-12-28T19:50:00Z,cab-a01,A,pdu-a,feed_total,7.764,normalized-power,good,p2205
2025-12-28T19:50:00Z,cab-a01,B,pdu-b,feed_total,7.664,normalized-power,good,p2206
2025-12-28T19:55:00Z,cab-a01,A,pdu-a,feed_total,7.758,normalized-power,good,p2207
2025-12-28T19:55:00Z,cab-a01,B,pdu-b,feed_total,7.668,normalized-power,good,p2208
2025-12-28T20:00:00Z,cab-a01,A,pdu-a,feed_total,7.751,normalized-power,good,p2209
2025-12-28T20:00:00Z,cab-a01,B,pdu-b,feed_total,7.67,normalized-power,good,p2210
2025-12-28T20:05:00Z,cab-a01,A,pdu-a,feed_total,7.742,normalized-power,good,p2211
2025-12-28T20:05:00Z,cab-a01,B,pdu-b,feed_total,7.671,normalized-power,good,p2212
2025-12-28T20:10:00Z,cab-a01,A,pdu-a,feed_total,7.732,normalized-power,good,p2213
2025-12-28T20:10:00Z,cab-a01,B,pdu-b,feed_total,7.67,normalized-power,good,p2214
2025-12-28T20:15:00Z,cab-a01,A,pdu-a,feed_total,7.721,normalized-power,good,p2215
2025-12-28T20:15:00Z,cab-a01,B,pdu-b,feed_total,7.668,normalized-power,good,p2216
2025-12-28T20:20:00Z,cab-a01,A,pdu-a,feed_total,7.71,normalized-power,good,p2217
2025-12-28T20:20:00Z,cab-a01,B,pdu-b,feed_total,7.665,normalized-power,good,p2218
2025-12-28T20:25:00Z,cab-a01,A,pdu-a,feed_total,7.698,normalized-power,good,p2219
2025-12-28T20:25:00Z,cab-a01,B,pdu-b,feed_total,7.66,normalized-power,good,p2220
2025-12-28T20:30:00Z,cab-a01,A,pdu-a,feed_total,7.685,normalized-power,good,p2221
2025-12-28T20:30:00Z,cab-a01,B,pdu-b,feed_total,7.654,normalized-power,good,p2222
2025-12-28T20:35:00Z,cab-a01,A,pdu-a,feed_total,7.672,normalized-power,good,p2223
2025-12-28T20:35:00Z,cab-a01,B,pdu-b,feed_total,7.647,normalized-power,good,p2224
2025-12-28T20:40:00Z,cab-a01,A,pdu-a,feed_total,7.66,normalized-power,good,p2225
2025-12-28T20:40:00Z,cab-a01,B,pdu-b,feed_total,7.639,normalized-power,good,p2226
2025-12-28T20:45:00Z,cab-a01,A,pdu-a,feed_total,7.646,normalized-power,good,p2227
2025-12-28T20:45:00Z,cab-a01,B,pdu-b,feed_total,7.631,normalized-power,good,p2228
2025-12-28T20:50:00Z,cab-a01,A,pdu-a,feed_total,7.633,normalized-power,good,p2229
2025-12-28T20:50:00Z,cab-a01,B,pdu-b,feed_total,7.622,normalized-power,good,p2230
2025-12-28T20:55:00Z,cab-a01,A,pdu-a,feed_total,7.62,normalized-power,good,p2231
2025-12-28T20:55:00Z,cab-a01,B,pdu-b,feed_total,7.612,normalized-power,good,p2232
2025-12-28T21:00:00Z,cab-a01,A,pdu-a,feed_total,7.608,normalized-power,good,p2233
2025-12-28T21:00:00Z,cab-a01,B,pdu-b,feed_total,7.602,normalized-power,good,p2234
2025-12-28T21:05:00Z,cab-a01,A,pdu-a,feed_total,7.595,normalized-power,good,p2235
2025-12-28T21:05:00Z,cab-a01,B,pdu-b,feed_total,7.593,normalized-power,good,p2236
2025-12-28T21:10:00Z,cab-a01,A,pdu-a,feed_total,7.584,normalized-power,good,p2237
2025-12-28T21:10:00Z,cab-a01,B,pdu-b,feed_total,7.583,normalized-power,good,p2238
2025-12-28T21:15:00Z,cab-a01,A,pdu-a,feed_total,7.574,normalized-power,good,p2239
2025-12-28T21:15:00Z,cab-a01,B,pdu-b,feed_total,7.574,normalized-power,good,p2240
2025-12-28T21:20:00Z,cab-a01,A,pdu-a,feed_total,7.565,normalized-power,good,p2241
2025-12-28T21:20:00Z,cab-a01,B,pdu-b,feed_total,7.564,normalized-power,good,p2242
2025-12-28T21:25:00Z,cab-a01,A,pdu-a,feed_total,7.556,normalized-power,good,p2243
2025-12-28T21:25:00Z,cab-a01,B,pdu-b,feed_total,7.556,normalized-power,good,p2244
2025-12-28T21:30:00Z,cab-a01,A,pdu-a,feed_total,7.55,normalized-power,good,p2245
2025-12-28T21:30:00Z,cab-a01,B,pdu-b,feed_total,7.548,normalized-power,good,p2246
2025-12-28T21:35:00Z,cab-a01,A,pdu-a,feed_total,7.544,normalized-power,good,p2247
2025-12-28T21:35:00Z,cab-a01,B,pdu-b,feed_total,7.541,normalized-power,good,p2248
2025-12-28T21:40:00Z,cab-a01,A,pdu-a,feed_total,7.541,normalized-power,good,p2249
2025-12-28T21:40:00Z,cab-a01,B,pdu-b,feed_total,7.535,normalized-power,good,p2250
2025-12-28T21:45:00Z,cab-a01,A,pdu-a,feed_total,7.538,normalized-power,good,p2251
2025-12-28T21:45:00Z,cab-a01,B,pdu-b,feed_total,7.531,normalized-power,good,p2252
2025-12-28T21:50:00Z,cab-a01,A,pdu-a,feed_total,7.538,normalized-power,good,p2253
2025-12-28T21:50:00Z,cab-a01,B,pdu-b,feed_total,7.527,normalized-power,good,p2254
2025-12-28T21:55:00Z,cab-a01,A,pdu-a,feed_total,7.54,normalized-power,good,p2255
2025-12-28T21:55:00Z,cab-a01,B,pdu-b,feed_total,7.524,normalized-power,good,p2256
2025-12-28T22:00:00Z,cab-a01,A,pdu-a,feed_total,7.544,normalized-power,good,p2257
2025-12-28T22:00:00Z,cab-a01,B,pdu-b,feed_total,7.523,normalized-power,good,p2258
2025-12-28T22:05:00Z,cab-a01,A,pdu-a,feed_total,7.549,normalized-power,good,p2259
2025-12-28T22:05:00Z,cab-a01,B,pdu-b,feed_total,7.524,normalized-power,good,p2260
2025-12-28T22:10:00Z,cab-a01,A,pdu-a,feed_total,7.558,normalized-power,good,p2261
2025-12-28T22:10:00Z,cab-a01,B,pdu-b,feed_total,7.526,normalized-power,good,p2262
2025-12-28T22:15:00Z,cab-a01,A,pdu-a,feed_total,7.568,normalized-power,good,p2263
2025-12-28T22:15:00Z,cab-a01,B,pdu-b,feed_total,7.53,normalized-power,good,p2264
2025-12-28T22:20:00Z,cab-a01,A,pdu-a,feed_total,7.58,normalized-power,good,p2265
2025-12-28T22:20:00Z,cab-a01,B,pdu-b,feed_total,7.536,normalized-power,good,p2266
2025-12-28T22:25:00Z,cab-a01,A,pdu-a,feed_total,7.595,normalized-power,good,p2267
2025-12-28T22:25:00Z,cab-a01,B,pdu-b,feed_total,7.543,normalized-power,good,p2268
2025-12-28T22:30:00Z,cab-a01,A,pdu-a,feed_total,7.613,normalized-power,good,p2269
2025-12-28T22:30:00Z,cab-a01,B,pdu-b,feed_total,7.551,normalized-power,good,p2270
2025-12-28T22:35:00Z,cab-a01,A,pdu-a,feed_total,7.632,normalized-power,good,p2271
2025-12-28T22:35:00Z,cab-a01,B,pdu-b,feed_total,7.562,normalized-power,good,p2272
2025-12-28T22:40:00Z,cab-a01,A,pdu-a,feed_total,7.654,normalized-power,good,p2273
2025-12-28T22:40:00Z,cab-a01,B,pdu-b,feed_total,7.575,normalized-power,good,p2274
2025-12-28T22:45:00Z,cab-a01,A,pdu-a,feed_total,7.678,normalized-power,good,p2275
2025-12-28T22:45:00Z,cab-a01,B,pdu-b,feed_total,7.589,normalized-power,good,p2276
2025-12-28T22:50:00Z,cab-a01,A,pdu-a,feed_total,7.705,normalized-power,good,p2277
2025-12-28T22:50:00Z,cab-a01,B,pdu-b,feed_total,7.604,normalized-power,good,p2278
2025-12-28T22:55:00Z,cab-a01,A,pdu-a,feed_total,7.734,normalized-power,good,p2279
2025-12-28T22:55:00Z,cab-a01,B,pdu-b,feed_total,7.621,normalized-power,good,p2280
2025-12-28T23:00:00Z,cab-a01,A,pdu-a,feed_total,7.765,normalized-power,good,p2281
2025-12-28T23:00:00Z,cab-a01,B,pdu-b,feed_total,7.64,normalized-power,good,p2282
2025-12-28T23:05:00Z,cab-a01,A,pdu-a,feed_total,7.797,normalized-power,good,p2283
2025-12-28T23:05:00Z,cab-a01,B,pdu-b,feed_total,7.661,normalized-power,good,p2284
2025-12-28T23:10:00Z,cab-a01,A,pdu-a,feed_total,7.832,normalized-power,good,p2285
2025-12-28T23:10:00Z,cab-a01,B,pdu-b,feed_total,7.682,normalized-power,good,p2286
2025-12-28T23:15:00Z,cab-a01,A,pdu-a,feed_total,7.869,normalized-power,good,p2287
2025-12-28T23:15:00Z,cab-a01,B,pdu-b,feed_total,7.704,normalized-power,good,p2288
2025-12-28T23:20:00Z,cab-a01,A,pdu-a,feed_total,7.907,normalized-power,good,p2289
2025-12-28T23:20:00Z,cab-a01,B,pdu-b,feed_total,7.728,normalized-power,good,p2290
2025-12-28T23:25:00Z,cab-a01,A,pdu-a,feed_total,7.947,normalized-power,good,p2291
2025-12-28T23:25:00Z,cab-a01,B,pdu-b,feed_total,7.753,normalized-power,good,p2292
2025-12-28T23:30:00Z,cab-a01,A,pdu-a,feed_total,7.988,normalized-power,good,p2293
2025-12-28T23:30:00Z,cab-a01,B,pdu-b,feed_total,7.779,normalized-power,good,p2294
2025-12-28T23:35:00Z,cab-a01,A,pdu-a,feed_total,8.031,normalized-power,good,p2295
2025-12-28T23:35:00Z,cab-a01,B,pdu-b,feed_total,7.805,normalized-power,good,p2296
2025-12-28T23:40:00Z,cab-a01,A,pdu-a,feed_total,8.075,normalized-power,good,p2297
2025-12-28T23:40:00Z,cab-a01,B,pdu-b,feed_total,7.832,normalized-power,good,p2298
2025-12-28T23:45:00Z,cab-a01,A,pdu-a,feed_total,8.12,normalized-power,good,p2299
2025-12-28T23:45:00Z,cab-a01,B,pdu-b,feed_total,7.859,normalized-power,good,p2300
2025-12-28T23:50:00Z,cab-a01,A,pdu-a,feed_total,8.165,normalized-power,good,p2301
2025-12-28T23:50:00Z,cab-a01,B,pdu-b,feed_total,7.887,normalized-power,good,p2302
2025-12-28T23:55:00Z,cab-a01,A,pdu-a,feed_total,8.211,normalized-power,good,p2303
2025-12-28T23:55:00Z,cab-a01,B,pdu-b,feed_total,7.915,normalized-power,good,p2304
2025-12-29T00:00:00Z,cab-a01,A,pdu-a,feed_total,8.258,normalized-power,good,p2305
2025-12-29T00:00:00Z,cab-a01,B,pdu-b,feed_total,7.942,normalized-power,good,p2306
2025-12-29T00:05:00Z,cab-a01,A,pdu-a,feed_total,8.305,normalized-power,good,p2307
2025-12-29T00:05:00Z,cab-a01,B,pdu-b,feed_total,7.969,normalized-power,good,p2308
2025-12-29T00:10:00Z,cab-a01,A,pdu-a,feed_total,8.352,normalized-power,good,p2309
2025-12-29T00:10:00Z,cab-a01,B,pdu-b,feed_total,7.996,normalized-power,good,p2310
2025-12-29T00:15:00Z,cab-a01,A,pdu-a,feed_total,8.399,normalized-power,good,p2311
2025-12-29T00:15:00Z,cab-a01,B,pdu-b,feed_total,8.022,normalized-power,good,p2312
2025-12-29T00:20:00Z,cab-a01,A,pdu-a,feed_total,8.445,normalized-power,good,p2313
2025-12-29T00:20:00Z,cab-a01,B,pdu-b,feed_total,8.048,normalized-power,good,p2314
2025-12-29T00:25:00Z,cab-a01,A,pdu-a,feed_total,8.491,normalized-power,good,p2315
2025-12-29T00:25:00Z,cab-a01,B,pdu-b,feed_total,8.073,normalized-power,good,p2316
2025-12-29T00:30:00Z,cab-a01,A,pdu-a,feed_total,8.537,normalized-power,good,p2317
2025-12-29T00:30:00Z,cab-a01,B,pdu-b,feed_total,8.096,normalized-power,good,p2318
2025-12-29T00:35:00Z,cab-a01,A,pdu-a,feed_total,8.581,normalized-power,good,p2319
2025-12-29T00:35:00Z,cab-a01,B,pdu-b,feed_total,8.119,normalized-power,good,p2320
2025-12-29T00:40:00Z,cab-a01,A,pdu-a,feed_total,8.625,normalized-power,good,p2321
2025-12-29T00:40:00Z,cab-a01,B,pdu-b,feed_total,8.14,normalized-power,good,p2322
2025-12-29T00:45:00Z,cab-a01,A,pdu-a,feed_total,8.668,normalized-power,good,p2323
2025-12-29T00:45:00Z,cab-a01,B,pdu-b,feed_total,8.159,normalized-power,good,p2324
2025-12-29T00:50:00Z,cab-a01,A,pdu-a,feed_total,8.709,normalized-power,good,p2325
2025-12-29T00:50:00Z,cab-a01,B,pdu-b,feed_total,8.177,normalized-power,good,p2326
2025-12-29T00:55:00Z,cab-a01,A,pdu-a,feed_total,8.748,normalized-power,good,p2327
2025-12-29T00:55:00Z,cab-a01,B,pdu-b,feed_total,8.194,normalized-power,good,p2328
2025-12-29T01:00:00Z,cab-a01,A,pdu-a,feed_total,8.786,normalized-power,good,p2329
2025-12-29T01:00:00Z,cab-a01,B,pdu-b,feed_total,8.209,normalized-power,good,p2330
2025-12-29T01:05:00Z,cab-a01,A,pdu-a,feed_total,8.823,normalized-power,good,p2331
2025-12-29T01:05:00Z,cab-a01,B,pdu-b,feed_total,8.222,normalized-power,good,p2332
2025-12-29T01:10:00Z,cab-a01,A,pdu-a,feed_total,8.858,normalized-power,good,p2333
2025-12-29T01:10:00Z,cab-a01,B,pdu-b,feed_total,8.233,normalized-power,good,p2334
2025-12-29T01:15:00Z,cab-a01,A,pdu-a,feed_total,8.891,normalized-power,good,p2335
2025-12-29T01:15:00Z,cab-a01,B,pdu-b,feed_total,8.242,normalized-power,good,p2336
2025-12-29T01:20:00Z,cab-a01,A,pdu-a,feed_total,8.921,normalized-power,good,p2337
2025-12-29T01:20:00Z,cab-a01,B,pdu-b,feed_total,8.25,normalized-power,good,p2338
2025-12-29T01:25:00Z,cab-a01,A,pdu-a,feed_total,8.951,normalized-power,good,p2339
2025-12-29T01:25:00Z,cab-a01,B,pdu-b,feed_total,8.255,normalized-power,good,p2340
2025-12-29T01:30:00Z,cab-a01,A,pdu-a,feed_total,8.977,normalized-power,good,p2341
2025-12-29T01:30:00Z,cab-a01,B,pdu-b,feed_total,8.259,normalized-power,good,p2342
2025-12-29T01:35:00Z,cab-a01,A,pdu-a,feed_total,9.002,normalized-power,good,p2343
2025-12-29T01:35:00Z,cab-a01,B,pdu-b,feed_total,8.26,normalized-power,good,p2344
2025-12-29T01:40:00Z,cab-a01,A,pdu-a,feed_total,9.025,normalized-power,good,p2345
2025-12-29T01:40:00Z,cab-a01,B,pdu-b,feed_total,8.259,normalized-power,good,p2346
2025-12-29T01:45:00Z,cab-a01,A,pdu-a,feed_total,9.045,normalized-power,good,p2347
2025-12-29T01:45:00Z,cab-a01,B,pdu-b,feed_total,8.257,normalized-power,good,p2348
2025-12-29T01:50:00Z,cab-a01,A,pdu-a,feed_total,9.064,normalized-power,good,p2349
2025-12-29T01:50:00Z,cab-a01,B,pdu-b,feed_total,8.252,normalized-power,good,p2350
2025-12-29T01:55:00Z,cab-a01,A,pdu-a,feed_total,9.08,normalized-power,good,p2351
2025-12-29T01:55:00Z,cab-a01,B,pdu-b,feed_total,8.247,normalized-power,good,p2352
2025-12-29T02:00:00Z,cab-a01,A,pdu-a,feed_total,9.094,normalized-power,good,p2353
2025-12-29T02:00:00Z,cab-a01,B,pdu-b,feed_total,8.239,normalized-power,good,p2354
2025-12-29T02:05:00Z,cab-a01,A,pdu-a,feed_total,9.107,normalized-power,good,p2355
2025-12-29T02:05:00Z,cab-a01,B,pdu-b,feed_total,8.229,normalized-power,good,p2356
2025-12-29T02:10:00Z,cab-a01,A,pdu-a,feed_total,9.117,normalized-power,good,p2357
2025-12-29T02:10:00Z,cab-a01,B,pdu-b,feed_total,8.218,normalized-power,good,p2358
2025-12-29T02:15:00Z,cab-a01,A,pdu-a,feed_total,9.125,normalized-power,good,p2359
2025-12-29T02:15:00Z,cab-a01,B,pdu-b,feed_total,8.206,normalized-power,good,p2360
2025-12-29T02:20:00Z,cab-a01,A,pdu-a,feed_total,9.132,normalized-power,good,p2361
2025-12-29T02:20:00Z,cab-a01,B,pdu-b,feed_total,8.192,normalized-power,good,p2362
2025-12-29T02:25:00Z,cab-a01,A,pdu-a,feed_total,9.138,normalized-power,good,p2363
2025-12-29T02:25:00Z,cab-a01,B,pdu-b,feed_total,8.177,normalized-power,good,p2364
2025-12-29T02:30:00Z,cab-a01,A,pdu-a,feed_total,9.141,normalized-power,good,p2365
2025-12-29T02:30:00Z,cab-a01,B,pdu-b,feed_total,8.161,normalized-power,good,p2366
2025-12-29T02:35:00Z,cab-a01,A,pdu-a,feed_total,9.144,normalized-power,good,p2367
2025-12-29T02:35:00Z,cab-a01,B,pdu-b,feed_total,8.144,normalized-power,good,p2368
2025-12-29T02:40:00Z,cab-a01,A,pdu-a,feed_total,9.145,normalized-power,good,p2369
2025-12-29T02:40:00Z,cab-a01,B,pdu-b,feed_total,8.126,normalized-power,good,p2370
2025-12-29T02:45:00Z,cab-a01,A,pdu-a,feed_total,9.144,normalized-power,good,p2371
2025-12-29T02:45:00Z,cab-a01,B,pdu-b,feed_total,8.108,normalized-power,good,p2372
2025-12-29T02:50:00Z,cab-a01,A,pdu-a,feed_total,9.144,normalized-power,good,p2373
2025-12-29T02:50:00Z,cab-a01,B,pdu-b,feed_total,8.089,normalized-power,good,p2374
2025-12-29T02:55:00Z,cab-a01,A,pdu-a,feed_total,9.142,normalized-power,good,p2375
2025-12-29T02:55:00Z,cab-a01,B,pdu-b,feed_total,8.07,normalized-power,good,p2376
2025-12-29T03:00:00Z,cab-a01,A,pdu-a,feed_total,9.14,normalized-power,good,p2377
2025-12-29T03:00:00Z,cab-a01,B,pdu-b,feed_total,8.05,normalized-power,good,p2378
2025-12-29T03:05:00Z,cab-a01,A,pdu-a,feed_total,9.137,normalized-power,good,p2379
2025-12-29T03:05:00Z,cab-a01,B,pdu-b,feed_total,8.031,normalized-power,good,p2380
2025-12-29T03:10:00Z,cab-a01,A,pdu-a,feed_total,9.133,normalized-power,good,p2381
2025-12-29T03:10:00Z,cab-a01,B,pdu-b,feed_total,8.012,normalized-power,good,p2382
2025-12-29T03:15:00Z,cab-a01,A,pdu-a,feed_total,9.13,normalized-power,good,p2383
2025-12-29T03:15:00Z,cab-a01,B,pdu-b,feed_total,7.993,normalized-power,good,p2384
2025-12-29T03:20:00Z,cab-a01,A,pdu-a,feed_total,9.126,normalized-power,good,p2385
2025-12-29T03:20:00Z,cab-a01,B,pdu-b,feed_total,7.975,normalized-power,good,p2386
2025-12-29T03:25:00Z,cab-a01,A,pdu-a,feed_total,9.124,normalized-power,good,p2387
2025-12-29T03:25:00Z,cab-a01,B,pdu-b,feed_total,7.957,normalized-power,good,p2388
2025-12-29T03:30:00Z,cab-a01,A,pdu-a,feed_total,9.121,normalized-power,good,p2389
2025-12-29T03:30:00Z,cab-a01,B,pdu-b,feed_total,7.94,normalized-power,good,p2390
2025-12-29T03:35:00Z,cab-a01,A,pdu-a,feed_total,9.118,normalized-power,good,p2391
2025-12-29T03:35:00Z,cab-a01,B,pdu-b,feed_total,7.924,normalized-power,good,p2392
2025-12-29T03:40:00Z,cab-a01,A,pdu-a,feed_total,9.116,normalized-power,good,p2393
2025-12-29T03:40:00Z,cab-a01,B,pdu-b,feed_total,7.909,normalized-power,good,p2394
2025-12-29T03:45:00Z,cab-a01,A,pdu-a,feed_total,9.115,normalized-power,good,p2395
2025-12-29T03:45:00Z,cab-a01,B,pdu-b,feed_total,7.896,normalized-power,good,p2396
2025-12-29T03:50:00Z,cab-a01,A,pdu-a,feed_total,9.115,normalized-power,good,p2397
2025-12-29T03:50:00Z,cab-a01,B,pdu-b,feed_total,7.883,normalized-power,good,p2398
2025-12-29T03:55:00Z,cab-a01,A,pdu-a,feed_total,9.115,normalized-power,good,p2399
2025-12-29T03:55:00Z,cab-a01,B,pdu-b,feed_total,7.872,normalized-power,good,p2400
2025-12-29T04:00:00Z,cab-a01,A,pdu-a,feed_total,9.117,normalized-power,good,p2401
2025-12-29T04:00:00Z,cab-a01,B,pdu-b,feed_total,7.862,normalized-power,good,p2402
2025-12-29T04:05:00Z,cab-a01,A,pdu-a,feed_total,9.12,normalized-power,good,p2403
2025-12-29T04:05:00Z,cab-a01,B,pdu-b,feed_total,7.854,normalized-power,good,p2404
2025-12-29T04:10:00Z,cab-a01,A,pdu-a,feed_total,9.124,normalized-power,good,p2405
2025-12-29T04:10:00Z,cab-a01,B,pdu-b,feed_total,7.848,normalized-power,good,p2406
2025-12-29T04:15:00Z,cab-a01,A,pdu-a,feed_total,9.13,normalized-power,good,p2407
2025-12-29T04:15:00Z,cab-a01,B,pdu-b,feed_total,7.843,normalized-power,good,p2408
2025-12-29T04:20:00Z,cab-a01,A,pdu-a,feed_total,9.136,normalized-power,good,p2409
2025-12-29T04:20:00Z,cab-a01,B,pdu-b,feed_total,7.84,normalized-power,good,p2410
2025-12-29T04:25:00Z,cab-a01,A,pdu-a,feed_total,9.144,normalized-power,good,p2411
2025-12-29T04:25:00Z,cab-a01,B,pdu-b,feed_total,7.839,normalized-power,good,p2412
2025-12-29T04:30:00Z,cab-a01,A,pdu-a,feed_total,9.154,normalized-power,good,p2413
2025-12-29T04:30:00Z,cab-a01,B,pdu-b,feed_total,7.839,normalized-power,good,p2414
2025-12-29T04:35:00Z,cab-a01,A,pdu-a,feed_total,9.165,normalized-power,good,p2415
2025-12-29T04:35:00Z,cab-a01,B,pdu-b,feed_total,7.842,normalized-power,good,p2416
2025-12-29T04:40:00Z,cab-a01,A,pdu-a,feed_total,9.177,normalized-power,good,p2417
2025-12-29T04:40:00Z,cab-a01,B,pdu-b,feed_total,7.846,normalized-power,good,p2418
2025-12-29T04:45:00Z,cab-a01,A,pdu-a,feed_total,9.191,normalized-power,good,p2419
2025-12-29T04:45:00Z,cab-a01,B,pdu-b,feed_total,7.852,normalized-power,good,p2420
2025-12-29T04:50:00Z,cab-a01,A,pdu-a,feed_total,9.206,normalized-power,good,p2421
2025-12-29T04:50:00Z,cab-a01,B,pdu-b,feed_total,7.859,normalized-power,good,p2422
2025-12-29T04:55:00Z,cab-a01,A,pdu-a,feed_total,9.222,normalized-power,good,p2423
2025-12-29T04:55:00Z,cab-a01,B,pdu-b,feed_total,7.869,normalized-power,good,p2424
2025-12-29T05:00:00Z,cab-a01,A,pdu-a,feed_total,9.239,normalized-power,good,p2425
2025-12-29T05:00:00Z,cab-a01,B,pdu-b,feed_total,7.88,normalized-power,good,p2426
2025-12-29T05:05:00Z,cab-a01,A,pdu-a,feed_total,9.258,normalized-power,good,p2427
2025-12-29T05:05:00Z,cab-a01,B,pdu-b,feed_total,7.892,normalized-power,good,p2428
2025-12-29T05:10:00Z,cab-a01,A,pdu-a,feed_total,9.277,normalized-power,good,p2429
2025-12-29T05:10:00Z,cab-a01,B,pdu-b,feed_total,7.907,normalized-power,good,p2430
2025-12-29T05:15:00Z,cab-a01,A,pdu-a,feed_total,9.298,normalized-power,good,p2431
2025-12-29T05:15:00Z,cab-a01,B,pdu-b,feed_total,7.922,normalized-power,good,p2432
2025-12-29T05:20:00Z,cab-a01,A,pdu-a,feed_total,9.318,normalized-power,good,p2433
2025-12-29T05:20:00Z,cab-a01,B,pdu-b,feed_total,7.939,normalized-power,good,p2434
2025-12-29T05:25:00Z,cab-a01,A,pdu-a,feed_total,9.34,normalized-power,good,p2435
2025-12-29T05:25:00Z,cab-a01,B,pdu-b,feed_total,7.957,normalized-power,good,p2436
2025-12-29T05:30:00Z,cab-a01,A,pdu-a,feed_total,9.362,normalized-power,good,p2437
2025-12-29T05:30:00Z,cab-a01,B,pdu-b,feed_total,7.976,normalized-power,good,p2438
2025-12-29T05:35:00Z,cab-a01,A,pdu-a,feed_total,9.385,normalized-power,good,p2439
2025-12-29T05:35:00Z,cab-a01,B,pdu-b,feed_total,7.995,normalized-power,good,p2440
2025-12-29T05:40:00Z,cab-a01,A,pdu-a,feed_total,9.408,normalized-power,good,p2441
2025-12-29T05:40:00Z,cab-a01,B,pdu-b,feed_total,8.016,normalized-power,good,p2442
2025-12-29T05:45:00Z,cab-a01,A,pdu-a,feed_total,9.43,normalized-power,good,p2443
2025-12-29T05:45:00Z,cab-a01,B,pdu-b,feed_total,8.038,normalized-power,good,p2444
2025-12-29T05:50:00Z,cab-a01,A,pdu-a,feed_total,9.453,normalized-power,good,p2445
2025-12-29T05:50:00Z,cab-a01,B,pdu-b,feed_total,8.059,normalized-power,good,p2446
2025-12-29T05:55:00Z,cab-a01,A,pdu-a,feed_total,9.474,normalized-power,good,p2447
2025-12-29T05:55:00Z,cab-a01,B,pdu-b,feed_total,8.082,normalized-power,good,p2448
2025-12-29T06:00:00Z,cab-a01,A,pdu-a,feed_total,9.496,normalized-power,good,p2449
2025-12-29T06:00:00Z,cab-a01,B,pdu-b,feed_total,8.104,normalized-power,good,p2450
2025-12-29T06:05:00Z,cab-a01,A,pdu-a,feed_total,9.517,normalized-power,good,p2451
2025-12-29T06:05:00Z,cab-a01,B,pdu-b,feed_total,8.126,normalized-power,good,p2452
2025-12-29T06:10:00Z,cab-a01,A,pdu-a,feed_total,9.536,normalized-power,good,p2453
2025-12-29T06:10:00Z,cab-a01,B,pdu-b,feed_total,8.149,normalized-power,good,p2454
2025-12-29T06:15:00Z,cab-a01,A,pdu-a,feed_total,9.555,normalized-power,good,p2455
2025-12-29T06:15:00Z,cab-a01,B,pdu-b,feed_total,8.171,normalized-power,good,p2456
2025-12-29T06:20:00Z,cab-a01,A,pdu-a,feed_total,9.573,normalized-power,good,p2457
2025-12-29T06:20:00Z,cab-a01,B,pdu-b,feed_total,8.193,normalized-power,good,p2458
2025-12-29T06:25:00Z,cab-a01,A,pdu-a,feed_total,9.589,normalized-power,good,p2459
2025-12-29T06:25:00Z,cab-a01,B,pdu-b,feed_total,8.214,normalized-power,good,p2460
2025-12-29T06:30:00Z,cab-a01,A,pdu-a,feed_total,9.603,normalized-power,good,p2461
2025-12-29T06:30:00Z,cab-a01,B,pdu-b,feed_total,8.235,normalized-power,good,p2462
2025-12-29T06:35:00Z,cab-a01,A,pdu-a,feed_total,9.616,normalized-power,good,p2463
2025-12-29T06:35:00Z,cab-a01,B,pdu-b,feed_total,8.254,normalized-power,good,p2464
2025-12-29T06:40:00Z,cab-a01,A,pdu-a,feed_total,9.627,normalized-power,good,p2465
2025-12-29T06:40:00Z,cab-a01,B,pdu-b,feed_total,8.273,normalized-power,good,p2466
2025-12-29T06:45:00Z,cab-a01,A,pdu-a,feed_total,9.636,normalized-power,good,p2467
2025-12-29T06:45:00Z,cab-a01,B,pdu-b,feed_total,8.291,normalized-power,good,p2468
2025-12-29T06:50:00Z,cab-a01,A,pdu-a,feed_total,9.643,normalized-power,good,p2469
2025-12-29T06:50:00Z,cab-a01,B,pdu-b,feed_total,8.307,normalized-power,good,p2470
2025-12-29T06:55:00Z,cab-a01,A,pdu-a,feed_total,9.647,normalized-power,good,p2471
2025-12-29T06:55:00Z,cab-a01,B,pdu-b,feed_total,8.322,normalized-power,good,p2472
2025-12-29T07:00:00Z,cab-a01,A,pdu-a,feed_total,9.649,normalized-power,good,p2473
2025-12-29T07:00:00Z,cab-a01,B,pdu-b,feed_total,8.336,normalized-power,good,p2474
2025-12-29T07:05:00Z,cab-a01,A,pdu-a,feed_total,9.649,normalized-power,good,p2475
2025-12-29T07:05:00Z,cab-a01,B,pdu-b,feed_total,8.348,normalized-power,good,p2476
2025-12-29T07:10:00Z,cab-a01,A,pdu-a,feed_total,9.646,normalized-power,good,p2477
2025-12-29T07:10:00Z,cab-a01,B,pdu-b,feed_total,8.359,normalized-power,good,p2478
2025-12-29T07:15:00Z,cab-a01,A,pdu-a,feed_total,9.641,normalized-power,good,p2479
2025-12-29T07:15:00Z,cab-a01,B,pdu-b,feed_total,8.368,normalized-power,good,p2480
2025-12-29T07:20:00Z,cab-a01,A,pdu-a,feed_total,9.633,normalized-power,good,p2481
2025-12-29T07:20:00Z,cab-a01,B,pdu-b,feed_total,8.375,normalized-power,good,p2482
2025-12-29T07:25:00Z,cab-a01,A,pdu-a,feed_total,9.622,normalized-power,good,p2483
2025-12-29T07:25:00Z,cab-a01,B,pdu-b,feed_total,8.381,normalized-power,good,p2484
2025-12-29T07:30:00Z,cab-a01,A,pdu-a,feed_total,9.608,normalized-power,good,p2485
2025-12-29T07:30:00Z,cab-a01,B,pdu-b,feed_total,8.385,normalized-power,good,p2486
2025-12-29T07:35:00Z,cab-a01,A,pdu-a,feed_total,9.593,normalized-power,good,p2487
2025-12-29T07:35:00Z,cab-a01,B,pdu-b,feed_total,8.387,normalized-power,good,p2488
2025-12-29T07:40:00Z,cab-a01,A,pdu-a,feed_total,9.574,normalized-power,good,p2489
2025-12-29T07:40:00Z,cab-a01,B,pdu-b,feed_total,8.387,normalized-power,good,p2490
2025-12-29T07:45:00Z,cab-a01,A,pdu-a,feed_total,9.554,normalized-power,good,p2491
2025-12-29T07:45:00Z,cab-a01,B,pdu-b,feed_total,8.385,normalized-power,good,p2492
2025-12-29T07:50:00Z,cab-a01,A,pdu-a,feed_total,9.53,normalized-power,good,p2493
2025-12-29T07:50:00Z,cab-a01,B,pdu-b,feed_total,8.382,normalized-power,good,p2494
2025-12-29T07:55:00Z,cab-a01,A,pdu-a,feed_total,9.504,normalized-power,good,p2495
2025-12-29T07:55:00Z,cab-a01,B,pdu-b,feed_total,8.377,normalized-power,good,p2496
2025-12-29T08:00:00Z,cab-a01,A,pdu-a,feed_total,9.476,normalized-power,good,p2497
2025-12-29T08:00:00Z,cab-a01,B,pdu-b,feed_total,8.369,normalized-power,good,p2498
2025-12-29T08:05:00Z,cab-a01,A,pdu-a,feed_total,9.445,normalized-power,good,p2499
2025-12-29T08:05:00Z,cab-a01,B,pdu-b,feed_total,8.361,normalized-power,good,p2500
2025-12-29T08:10:00Z,cab-a01,A,pdu-a,feed_total,9.413,normalized-power,good,p2501
2025-12-29T08:10:00Z,cab-a01,B,pdu-b,feed_total,8.351,normalized-power,good,p2502
2025-12-29T08:15:00Z,cab-a01,A,pdu-a,feed_total,9.379,normalized-power,good,p2503
2025-12-29T08:15:00Z,cab-a01,B,pdu-b,feed_total,8.339,normalized-power,good,p2504
2025-12-29T08:20:00Z,cab-a01,A,pdu-a,feed_total,9.342,normalized-power,good,p2505
2025-12-29T08:20:00Z,cab-a01,B,pdu-b,feed_total,8.326,normalized-power,good,p2506
2025-12-29T08:25:00Z,cab-a01,A,pdu-a,feed_total,9.304,normalized-power,good,p2507
2025-12-29T08:25:00Z,cab-a01,B,pdu-b,feed_total,8.312,normalized-power,good,p2508
2025-12-29T08:30:00Z,cab-a01,A,pdu-a,feed_total,9.265,normalized-power,good,p2509
2025-12-29T08:30:00Z,cab-a01,B,pdu-b,feed_total,8.296,normalized-power,good,p2510
2025-12-29T08:35:00Z,cab-a01,A,pdu-a,feed_total,9.224,normalized-power,good,p2511
2025-12-29T08:35:00Z,cab-a01,B,pdu-b,feed_total,8.279,normalized-power,good,p2512
2025-12-29T08:40:00Z,cab-a01,A,pdu-a,feed_total,9.182,normalized-power,good,p2513
2025-12-29T08:40:00Z,cab-a01,B,pdu-b,feed_total,8.261,normalized-power,good,p2514
2025-12-29T08:45:00Z,cab-a01,A,pdu-a,feed_total,9.139,normalized-power,good,p2515
2025-12-29T08:45:00Z,cab-a01,B,pdu-b,feed_total,8.243,normalized-power,good,p2516
2025-12-29T08:50:00Z,cab-a01,A,pdu-a,feed_total,9.095,normalized-power,good,p2517
2025-12-29T08:50:00Z,cab-a01,B,pdu-b,feed_total,8.224,normalized-power,good,p2518
2025-12-29T08:55:00Z,cab-a01,A,pdu-a,feed_total,9.051,normalized-power,good,p2519
2025-12-29T08:55:00Z,cab-a01,B,pdu-b,feed_total,8.204,normalized-power,good,p2520
2025-12-29T09:00:00Z,cab-a01,A,pdu-a,feed_total,9.006,normalized-power,good,p2521
2025-12-29T09:00:00Z,cab-a01,B,pdu-b,feed_total,8.184,normalized-power,good,p2522
2025-12-29T09:05:00Z,cab-a01,A,pdu-a,feed_total,8.961,normalized-power,good,p2523
2025-12-29T09:05:00Z,cab-a01,B,pdu-b,feed_total,8.164,normalized-power,good,p2524
2025-12-29T09:10:00Z,cab-a01,A,pdu-a,feed_total,8.915,normalized-power,good,p2525
2025-12-29T09:10:00Z,cab-a01,B,pdu-b,feed_total,8.144,normalized-power,good,p2526
2025-12-29T09:15:00Z,cab-a01,A,pdu-a,feed_total,8.87,normalized-power,good,p2527
2025-12-29T09:15:00Z,cab-a01,B,pdu-b,feed_total,8.124,normalized-power,good,p2528
2025-12-29T09:20:00Z,cab-a01,A,pdu-a,feed_total,8.826,normalized-power,good,p2529
2025-12-29T09:20:00Z,cab-a01,B,pdu-b,feed_total,8.103,normalized-power,good,p2530
2025-12-29T09:25:00Z,cab-a01,A,pdu-a,feed_total,8.781,normalized-power,good,p2531
2025-12-29T09:25:00Z,cab-a01,B,pdu-b,feed_total,8.084,normalized-power,good,p2532
2025-12-29T09:30:00Z,cab-a01,A,pdu-a,feed_total,8.738,normalized-power,good,p2533
2025-12-29T09:30:00Z,cab-a01,B,pdu-b,feed_total,8.064,normalized-power,good,p2534
2025-12-29T09:35:00Z,cab-a01,A,pdu-a,feed_total,8.695,normalized-power,good,p2535
2025-12-29T09:35:00Z,cab-a01,B,pdu-b,feed_total,8.046,normalized-power,good,p2536
2025-12-29T09:40:00Z,cab-a01,A,pdu-a,feed_total,8.654,normalized-power,good,p2537
2025-12-29T09:40:00Z,cab-a01,B,pdu-b,feed_total,8.028,normalized-power,good,p2538
2025-12-29T09:45:00Z,cab-a01,A,pdu-a,feed_total,8.613,normalized-power,good,p2539
2025-12-29T09:45:00Z,cab-a01,B,pdu-b,feed_total,8.011,normalized-power,good,p2540
2025-12-29T09:50:00Z,cab-a01,A,pdu-a,feed_total,8.574,normalized-power,good,p2541
2025-12-29T09:50:00Z,cab-a01,B,pdu-b,feed_total,7.995,normalized-power,good,p2542
2025-12-29T09:55:00Z,cab-a01,A,pdu-a,feed_total,8.536,normalized-power,good,p2543
2025-12-29T09:55:00Z,cab-a01,B,pdu-b,feed_total,7.981,normalized-power,good,p2544
2025-12-29T10:00:00Z,cab-a01,A,pdu-a,feed_total,8.5,normalized-power,good,p2545
2025-12-29T10:00:00Z,cab-a01,B,pdu-b,feed_total,7.967,normalized-power,good,p2546
2025-12-29T10:05:00Z,cab-a01,A,pdu-a,feed_total,8.466,normalized-power,good,p2547
2025-12-29T10:05:00Z,cab-a01,B,pdu-b,feed_total,7.954,normalized-power,good,p2548
2025-12-29T10:10:00Z,cab-a01,A,pdu-a,feed_total,8.433,normalized-power,good,p2549
2025-12-29T10:10:00Z,cab-a01,B,pdu-b,feed_total,7.944,normalized-power,good,p2550
2025-12-29T10:15:00Z,cab-a01,A,pdu-a,feed_total,8.402,normalized-power,good,p2551
2025-12-29T10:15:00Z,cab-a01,B,pdu-b,feed_total,7.934,normalized-power,good,p2552
2025-12-29T10:20:00Z,cab-a01,A,pdu-a,feed_total,8.373,normalized-power,good,p2553
2025-12-29T10:20:00Z,cab-a01,B,pdu-b,feed_total,7.926,normalized-power,good,p2554
2025-12-29T10:25:00Z,cab-a01,A,pdu-a,feed_total,8.346,normalized-power,good,p2555
2025-12-29T10:25:00Z,cab-a01,B,pdu-b,feed_total,7.92,normalized-power,good,p2556
2025-12-29T10:30:00Z,cab-a01,A,pdu-a,feed_total,8.321,normalized-power,good,p2557
2025-12-29T10:30:00Z,cab-a01,B,pdu-b,feed_total,7.915,normalized-power,good,p2558
2025-12-29T10:35:00Z,cab-a01,A,pdu-a,feed_total,8.297,normalized-power,good,p2559
2025-12-29T10:35:00Z,cab-a01,B,pdu-b,feed_total,7.912,normalized-power,good,p2560
2025-12-29T10:40:00Z,cab-a01,A,pdu-a,feed_total,8.276,normalized-power,good,p2561
2025-12-29T10:40:00Z,cab-a01,B,pdu-b,feed_total,7.91,normalized-power,good,p2562
2025-12-29T10:45:00Z,cab-a01,A,pdu-a,feed_total,8.257,normalized-power,good,p2563
2025-12-29T10:45:00Z,cab-a01,B,pdu-b,feed_total,7.91,normalized-power,good,p2564
2025-12-29T10:50:00Z,cab-a01,A,pdu-a,feed_total,8.24,normalized-power,good,p2565
2025-12-29T10:50:00Z,cab-a01,B,pdu-b,feed_total,7.911,normalized-power,good,p2566
2025-12-29T10:55:00Z,cab-a01,A,pdu-a,feed_total,8.225,normalized-power,good,p2567
2025-12-29T10:55:00Z,cab-a01,B,pdu-b,feed_total,7.914,normalized-power,good,p2568
2025-12-29T11:00:00Z,cab-a01,A,pdu-a,feed_total,8.211,normalized-power,good,p2569
2025-12-29T11:00:00Z,cab-a01,B,pdu-b,feed_total,7.918,normalized-power,good,p2570
2025-12-29T11:05:00Z,cab-a01,A,pdu-a,feed_total,8.199,normalized-power,good,p2571
2025-12-29T11:05:00Z,cab-a01,B,pdu-b,feed_total,7.924,normalized-power,good,p2572
2025-12-29T11:10:00Z,cab-a01,A,pdu-a,feed_total,8.189,normalized-power,good,p2573
2025-12-29T11:10:00Z,cab-a01,B,pdu-b,feed_total,7.931,normalized-power,good,p2574
2025-12-29T11:15:00Z,cab-a01,A,pdu-a,feed_total,8.181,normalized-power,good,p2575
2025-12-29T11:15:00Z,cab-a01,B,pdu-b,feed_total,7.939,normalized-power,good,p2576
2025-12-29T11:20:00Z,cab-a01,A,pdu-a,feed_total,8.174,normalized-power,good,p2577
2025-12-29T11:20:00Z,cab-a01,B,pdu-b,feed_total,7.948,normalized-power,good,p2578
2025-12-29T11:25:00Z,cab-a01,A,pdu-a,feed_total,8.168,normalized-power,good,p2579
2025-12-29T11:25:00Z,cab-a01,B,pdu-b,feed_total,7.958,normalized-power,good,p2580
2025-12-29T11:30:00Z,cab-a01,A,pdu-a,feed_total,8.164,normalized-power,good,p2581
2025-12-29T11:30:00Z,cab-a01,B,pdu-b,feed_total,7.969,normalized-power,good,p2582
2025-12-29T11:35:00Z,cab-a01,A,pdu-a,feed_total,8.161,normalized-power,good,p2583
2025-12-29T11:35:00Z,cab-a01,B,pdu-b,feed_total,7.98,normalized-power,good,p2584
2025-12-29T11:40:00Z,cab-a01,A,pdu-a,feed_total,8.159,normalized-power,good,p2585
2025-12-29T11:40:00Z,cab-a01,B,pdu-b,feed_total,7.992,normalized-power,good,p2586
2025-12-29T11:45:00Z,cab-a01,A,pdu-a,feed_total,9.672,normalized-power,good,p2587
2025-12-29T11:45:00Z,cab-a01,B,pdu-b,feed_total,9.49,normalized-power,good,p2588
2025-12-29T11:50:00Z,cab-a01,A,pdu-a,feed_total,9.67,normalized-power,good,p2589
2025-12-29T11:50:00Z,cab-a01,B,pdu-b,feed_total,9.504,normalized-power,good,p2590
2025-12-29T11:55:00Z,cab-a01,A,pdu-a,feed_total,9.669,normalized-power,good,p2591
2025-12-29T11:55:00Z,cab-a01,B,pdu-b,feed_total,9.518,normalized-power,good,p2592
2025-12-29T12:00:00Z,cab-a01,A,pdu-a,feed_total,8.158,normalized-power,good,p2593
2025-12-29T12:00:00Z,cab-a01,B,pdu-b,feed_total,8.042,normalized-power,good,p2594
2025-12-29T12:05:00Z,cab-a01,A,pdu-a,feed_total,8.158,normalized-power,good,p2595
2025-12-29T12:05:00Z,cab-a01,B,pdu-b,feed_total,8.055,normalized-power,good,p2596
2025-12-29T12:10:00Z,cab-a01,A,pdu-a,feed_total,8.159,normalized-power,good,p2597
2025-12-29T12:10:00Z,cab-a01,B,pdu-b,feed_total,8.067,normalized-power,good,p2598
2025-12-29T12:15:00Z,cab-a01,A,pdu-a,feed_total,8.16,normalized-power,good,p2599
2025-12-29T12:15:00Z,cab-a01,B,pdu-b,feed_total,8.078,normalized-power,good,p2600
2025-12-29T12:20:00Z,cab-a01,A,pdu-a,feed_total,8.161,normalized-power,good,p2601
2025-12-29T12:20:00Z,cab-a01,B,pdu-b,feed_total,8.088,normalized-power,good,p2602
2025-12-29T12:25:00Z,cab-a01,A,pdu-a,feed_total,8.161,normalized-power,good,p2603
2025-12-29T12:25:00Z,cab-a01,B,pdu-b,feed_total,8.098,normalized-power,good,p2604
2025-12-29T12:30:00Z,cab-a01,A,pdu-a,feed_total,8.161,normalized-power,good,p2605
2025-12-29T12:30:00Z,cab-a01,B,pdu-b,feed_total,8.106,normalized-power,good,p2606
2025-12-29T12:35:00Z,cab-a01,A,pdu-a,feed_total,8.16,normalized-power,good,p2607
2025-12-29T12:35:00Z,cab-a01,B,pdu-b,feed_total,8.114,normalized-power,good,p2608
2025-12-29T12:40:00Z,cab-a01,A,pdu-a,feed_total,8.158,normalized-power,good,p2609
2025-12-29T12:40:00Z,cab-a01,B,pdu-b,feed_total,8.12,normalized-power,good,p2610
2025-12-29T12:45:00Z,cab-a01,A,pdu-a,feed_total,8.156,normalized-power,good,p2611
2025-12-29T12:45:00Z,cab-a01,B,pdu-b,feed_total,8.124,normalized-power,good,p2612
2025-12-29T12:50:00Z,cab-a01,A,pdu-a,feed_total,8.153,normalized-power,good,p2613
2025-12-29T12:50:00Z,cab-a01,B,pdu-b,feed_total,8.127,normalized-power,good,p2614
2025-12-29T12:55:00Z,cab-a01,A,pdu-a,feed_total,8.149,normalized-power,good,p2615
2025-12-29T12:55:00Z,cab-a01,B,pdu-b,feed_total,8.128,normalized-power,good,p2616
2025-12-29T13:00:00Z,cab-a01,A,pdu-a,feed_total,8.143,normalized-power,good,p2617
2025-12-29T13:00:00Z,cab-a01,B,pdu-b,feed_total,8.128,normalized-power,good,p2618
2025-12-29T13:05:00Z,cab-a01,A,pdu-a,feed_total,8.136,normalized-power,good,p2619
2025-12-29T13:05:00Z,cab-a01,B,pdu-b,feed_total,8.125,normalized-power,good,p2620
2025-12-29T13:10:00Z,cab-a01,A,pdu-a,feed_total,8.128,normalized-power,good,p2621
2025-12-29T13:10:00Z,cab-a01,B,pdu-b,feed_total,8.121,normalized-power,good,p2622
2025-12-29T13:15:00Z,cab-a01,A,pdu-a,feed_total,8.119,normalized-power,good,p2623
2025-12-29T13:15:00Z,cab-a01,B,pdu-b,feed_total,8.114,normalized-power,good,p2624
2025-12-29T13:20:00Z,cab-a01,A,pdu-a,feed_total,8.108,normalized-power,good,p2625
2025-12-29T13:20:00Z,cab-a01,B,pdu-b,feed_total,8.106,normalized-power,good,p2626
2025-12-29T13:25:00Z,cab-a01,A,pdu-a,feed_total,8.096,normalized-power,good,p2627
2025-12-29T13:25:00Z,cab-a01,B,pdu-b,feed_total,8.095,normalized-power,good,p2628
2025-12-29T13:30:00Z,cab-a01,A,pdu-a,feed_total,8.082,normalized-power,good,p2629
2025-12-29T13:30:00Z,cab-a01,B,pdu-b,feed_total,8.082,normalized-power,good,p2630
2025-12-29T13:35:00Z,cab-a01,A,pdu-a,feed_total,8.067,normalized-power,good,p2631
2025-12-29T13:35:00Z,cab-a01,B,pdu-b,feed_total,8.067,normalized-power,good,p2632
2025-12-29T13:40:00Z,cab-a01,A,pdu-a,feed_total,8.051,normalized-power,good,p2633
2025-12-29T13:40:00Z,cab-a01,B,pdu-b,feed_total,8.05,normalized-power,good,p2634
2025-12-29T13:45:00Z,cab-a01,A,pdu-a,feed_total,8.033,normalized-power,good,p2635
2025-12-29T13:45:00Z,cab-a01,B,pdu-b,feed_total,8.031,normalized-power,good,p2636
2025-12-29T13:50:00Z,cab-a01,A,pdu-a,feed_total,8.013,normalized-power,good,p2637
2025-12-29T13:50:00Z,cab-a01,B,pdu-b,feed_total,8.01,normalized-power,good,p2638
2025-12-29T13:55:00Z,cab-a01,A,pdu-a,feed_total,7.993,normalized-power,good,p2639
2025-12-29T13:55:00Z,cab-a01,B,pdu-b,feed_total,7.987,normalized-power,good,p2640
2025-12-29T14:00:00Z,cab-a01,A,pdu-a,feed_total,7.971,normalized-power,good,p2641
2025-12-29T14:00:00Z,cab-a01,B,pdu-b,feed_total,7.962,normalized-power,good,p2642
2025-12-29T14:05:00Z,cab-a01,A,pdu-a,feed_total,7.948,normalized-power,good,p2643
2025-12-29T14:05:00Z,cab-a01,B,pdu-b,feed_total,7.935,normalized-power,good,p2644
2025-12-29T14:10:00Z,cab-a01,A,pdu-a,feed_total,7.924,normalized-power,good,p2645
2025-12-29T14:10:00Z,cab-a01,B,pdu-b,feed_total,7.907,normalized-power,good,p2646
2025-12-29T14:15:00Z,cab-a01,A,pdu-a,feed_total,7.899,normalized-power,good,p2647
2025-12-29T14:15:00Z,cab-a01,B,pdu-b,feed_total,7.877,normalized-power,good,p2648
2025-12-29T14:20:00Z,cab-a01,A,pdu-a,feed_total,7.873,normalized-power,good,p2649
2025-12-29T14:20:00Z,cab-a01,B,pdu-b,feed_total,7.845,normalized-power,good,p2650
2025-12-29T14:25:00Z,cab-a01,A,pdu-a,feed_total,7.846,normalized-power,good,p2651
2025-12-29T14:25:00Z,cab-a01,B,pdu-b,feed_total,7.813,normalized-power,good,p2652
2025-12-29T14:30:00Z,cab-a01,A,pdu-a,feed_total,7.819,normalized-power,good,p2653
2025-12-29T14:30:00Z,cab-a01,B,pdu-b,feed_total,7.779,normalized-power,good,p2654
2025-12-29T14:35:00Z,cab-a01,A,pdu-a,feed_total,7.791,normalized-power,good,p2655
2025-12-29T14:35:00Z,cab-a01,B,pdu-b,feed_total,7.744,normalized-power,good,p2656
2025-12-29T14:40:00Z,cab-a01,A,pdu-a,feed_total,7.763,normalized-power,good,p2657
2025-12-29T14:40:00Z,cab-a01,B,pdu-b,feed_total,7.708,normalized-power,good,p2658
2025-12-29T14:45:00Z,cab-a01,A,pdu-a,feed_total,7.735,normalized-power,good,p2659
2025-12-29T14:45:00Z,cab-a01,B,pdu-b,feed_total,7.671,normalized-power,good,p2660
2025-12-29T14:50:00Z,cab-a01,A,pdu-a,feed_total,7.707,normalized-power,good,p2661
2025-12-29T14:50:00Z,cab-a01,B,pdu-b,feed_total,7.634,normalized-power,good,p2662
2025-12-29T14:55:00Z,cab-a01,A,pdu-a,feed_total,7.678,normalized-power,good,p2663
2025-12-29T14:55:00Z,cab-a01,B,pdu-b,feed_total,7.597,normalized-power,good,p2664
2025-12-29T15:00:00Z,cab-a01,A,pdu-a,feed_total,7.651,normalized-power,good,p2665
2025-12-29T15:00:00Z,cab-a01,B,pdu-b,feed_total,7.559,normalized-power,good,p2666
2025-12-29T15:05:00Z,cab-a01,A,pdu-a,feed_total,7.623,normalized-power,good,p2667
2025-12-29T15:05:00Z,cab-a01,B,pdu-b,feed_total,7.522,normalized-power,good,p2668
2025-12-29T15:10:00Z,cab-a01,A,pdu-a,feed_total,7.597,normalized-power,good,p2669
2025-12-29T15:10:00Z,cab-a01,B,pdu-b,feed_total,7.484,normalized-power,good,p2670
2025-12-29T15:15:00Z,cab-a01,A,pdu-a,feed_total,7.571,normalized-power,good,p2671
2025-12-29T15:15:00Z,cab-a01,B,pdu-b,feed_total,7.447,normalized-power,good,p2672
2025-12-29T15:20:00Z,cab-a01,A,pdu-a,feed_total,7.546,normalized-power,good,p2673
2025-12-29T15:20:00Z,cab-a01,B,pdu-b,feed_total,7.411,normalized-power,good,p2674
2025-12-29T15:25:00Z,cab-a01,A,pdu-a,feed_total,7.522,normalized-power,good,p2675
2025-12-29T15:25:00Z,cab-a01,B,pdu-b,feed_total,7.375,normalized-power,good,p2676
2025-12-29T15:30:00Z,cab-a01,A,pdu-a,feed_total,7.499,normalized-power,good,p2677
2025-12-29T15:30:00Z,cab-a01,B,pdu-b,feed_total,7.34,normalized-power,good,p2678
2025-12-29T15:35:00Z,cab-a01,A,pdu-a,feed_total,7.478,normalized-power,good,p2679
2025-12-29T15:35:00Z,cab-a01,B,pdu-b,feed_total,7.306,normalized-power,good,p2680
2025-12-29T15:40:00Z,cab-a01,A,pdu-a,feed_total,7.458,normalized-power,good,p2681
2025-12-29T15:40:00Z,cab-a01,B,pdu-b,feed_total,7.274,normalized-power,good,p2682
2025-12-29T15:45:00Z,cab-a01,A,pdu-a,feed_total,7.44,normalized-power,good,p2683
2025-12-29T15:45:00Z,cab-a01,B,pdu-b,feed_total,7.242,normalized-power,good,p2684
2025-12-29T15:50:00Z,cab-a01,A,pdu-a,feed_total,7.424,normalized-power,good,p2685
2025-12-29T15:50:00Z,cab-a01,B,pdu-b,feed_total,7.212,normalized-power,good,p2686
2025-12-29T15:55:00Z,cab-a01,A,pdu-a,feed_total,7.41,normalized-power,good,p2687
2025-12-29T15:55:00Z,cab-a01,B,pdu-b,feed_total,7.184,normalized-power,good,p2688
2025-12-29T16:00:00Z,cab-a01,A,pdu-a,feed_total,7.398,normalized-power,good,p2689
2025-12-29T16:00:00Z,cab-a01,B,pdu-b,feed_total,7.157,normalized-power,good,p2690
2025-12-29T16:05:00Z,cab-a01,A,pdu-a,feed_total,7.387,normalized-power,good,p2691
2025-12-29T16:05:00Z,cab-a01,B,pdu-b,feed_total,7.132,normalized-power,good,p2692
2025-12-29T16:10:00Z,cab-a01,A,pdu-a,feed_total,7.379,normalized-power,good,p2693
2025-12-29T16:10:00Z,cab-a01,B,pdu-b,feed_total,7.109,normalized-power,good,p2694
2025-12-29T16:15:00Z,cab-a01,A,pdu-a,feed_total,7.373,normalized-power,good,p2695
2025-12-29T16:15:00Z,cab-a01,B,pdu-b,feed_total,7.088,normalized-power,good,p2696
2025-12-29T16:20:00Z,cab-a01,A,pdu-a,feed_total,7.37,normalized-power,good,p2697
2025-12-29T16:20:00Z,cab-a01,B,pdu-b,feed_total,7.069,normalized-power,good,p2698
2025-12-29T16:25:00Z,cab-a01,A,pdu-a,feed_total,7.369,normalized-power,good,p2699
2025-12-29T16:25:00Z,cab-a01,B,pdu-b,feed_total,7.051,normalized-power,good,p2700
2025-12-29T16:30:00Z,cab-a01,A,pdu-a,feed_total,7.37,normalized-power,good,p2701
2025-12-29T16:30:00Z,cab-a01,B,pdu-b,feed_total,7.037,normalized-power,good,p2702
2025-12-29T16:35:00Z,cab-a01,A,pdu-a,feed_total,7.374,normalized-power,good,p2703
2025-12-29T16:35:00Z,cab-a01,B,pdu-b,feed_total,7.023,normalized-power,good,p2704
2025-12-29T16:40:00Z,cab-a01,A,pdu-a,feed_total,7.38,normalized-power,good,p2705
2025-12-29T16:40:00Z,cab-a01,B,pdu-b,feed_total,7.012,normalized-power,good,p2706
2025-12-29T16:45:00Z,cab-a01,A,pdu-a,feed_total,7.388,normalized-power,good,p2707
2025-12-29T16:45:00Z,cab-a01,B,pdu-b,feed_total,7.003,normalized-power,good,p2708
2025-12-29T16:50:00Z,cab-a01,A,pdu-a,feed_total,7.399,normalized-power,good,p2709
2025-12-29T16:50:00Z,cab-a01,B,pdu-b,feed_total,6.996,normalized-power,good,p2710
2025-12-29T16:55:00Z,cab-a01,A,pdu-a,feed_total,7.412,normalized-power,good,p2711
2025-12-29T16:55:00Z,cab-a01,B,pdu-b,feed_total,6.991,normalized-power,good,p2712
2025-12-29T17:00:00Z,cab-a01,A,pdu-a,feed_total,7.427,normalized-power,good,p2713
2025-12-29T17:00:00Z,cab-a01,B,pdu-b,feed_total,6.988,normalized-power,good,p2714
2025-12-29T17:05:00Z,cab-a01,A,pdu-a,feed_total,7.444,normalized-power,good,p2715
2025-12-29T17:05:00Z,cab-a01,B,pdu-b,feed_total,6.987,normalized-power,good,p2716
2025-12-29T17:10:00Z,cab-a01,A,pdu-a,feed_total,7.463,normalized-power,good,p2717
2025-12-29T17:10:00Z,cab-a01,B,pdu-b,feed_total,6.987,normalized-power,good,p2718
2025-12-29T17:15:00Z,cab-a01,A,pdu-a,feed_total,7.485,normalized-power,good,p2719
2025-12-29T17:15:00Z,cab-a01,B,pdu-b,feed_total,6.988,normalized-power,good,p2720
2025-12-29T17:20:00Z,cab-a01,A,pdu-a,feed_total,7.508,normalized-power,good,p2721
2025-12-29T17:20:00Z,cab-a01,B,pdu-b,feed_total,6.992,normalized-power,good,p2722
2025-12-29T17:25:00Z,cab-a01,A,pdu-a,feed_total,7.533,normalized-power,good,p2723
2025-12-29T17:25:00Z,cab-a01,B,pdu-b,feed_total,6.997,normalized-power,good,p2724
2025-12-29T17:30:00Z,cab-a01,A,pdu-a,feed_total,7.559,normalized-power,good,p2725
2025-12-29T17:30:00Z,cab-a01,B,pdu-b,feed_total,7.003,normalized-power,good,p2726
2025-12-29T17:35:00Z,cab-a01,A,pdu-a,feed_total,7.586,normalized-power,good,p2727
2025-12-29T17:35:00Z,cab-a01,B,pdu-b,feed_total,7.011,normalized-power,good,p2728
2025-12-29T17:40:00Z,cab-a01,A,pdu-a,feed_total,7.615,normalized-power,good,p2729
2025-12-29T17:40:00Z,cab-a01,B,pdu-b,feed_total,7.019,normalized-power,good,p2730
2025-12-29T17:45:00Z,cab-a01,A,pdu-a,feed_total,7.645,normalized-power,good,p2731
2025-12-29T17:45:00Z,cab-a01,B,pdu-b,feed_total,7.029,normalized-power,good,p2732
2025-12-29T17:50:00Z,cab-a01,A,pdu-a,feed_total,7.676,normalized-power,good,p2733
2025-12-29T17:50:00Z,cab-a01,B,pdu-b,feed_total,7.039,normalized-power,good,p2734
2025-12-29T17:55:00Z,cab-a01,A,pdu-a,feed_total,7.707,normalized-power,good,p2735
2025-12-29T17:55:00Z,cab-a01,B,pdu-b,feed_total,7.05,normalized-power,good,p2736
2025-12-29T18:00:00Z,cab-a01,A,pdu-a,feed_total,7.739,normalized-power,good,p2737
2025-12-29T18:00:00Z,cab-a01,B,pdu-b,feed_total,7.061,normalized-power,good,p2738
2025-12-29T18:05:00Z,cab-a01,A,pdu-a,feed_total,7.772,normalized-power,good,p2739
2025-12-29T18:05:00Z,cab-a01,B,pdu-b,feed_total,7.072,normalized-power,good,p2740
2025-12-29T18:10:00Z,cab-a01,A,pdu-a,feed_total,7.804,normalized-power,good,p2741
2025-12-29T18:10:00Z,cab-a01,B,pdu-b,feed_total,7.084,normalized-power,good,p2742
2025-12-29T18:15:00Z,cab-a01,A,pdu-a,feed_total,7.837,normalized-power,good,p2743
2025-12-29T18:15:00Z,cab-a01,B,pdu-b,feed_total,7.095,normalized-power,good,p2744
2025-12-29T18:20:00Z,cab-a01,A,pdu-a,feed_total,7.869,normalized-power,good,p2745
2025-12-29T18:20:00Z,cab-a01,B,pdu-b,feed_total,7.107,normalized-power,good,p2746
2025-12-29T18:25:00Z,cab-a01,A,pdu-a,feed_total,7.901,normalized-power,good,p2747
2025-12-29T18:25:00Z,cab-a01,B,pdu-b,feed_total,7.119,normalized-power,good,p2748
2025-12-29T18:30:00Z,cab-a01,A,pdu-a,feed_total,7.933,normalized-power,good,p2749
2025-12-29T18:30:00Z,cab-a01,B,pdu-b,feed_total,7.129,normalized-power,good,p2750
2025-12-29T18:35:00Z,cab-a01,A,pdu-a,feed_total,7.964,normalized-power,good,p2751
2025-12-29T18:35:00Z,cab-a01,B,pdu-b,feed_total,7.139,normalized-power,good,p2752
2025-12-29T18:40:00Z,cab-a01,A,pdu-a,feed_total,7.994,normalized-power,good,p2753
2025-12-29T18:40:00Z,cab-a01,B,pdu-b,feed_total,7.149,normalized-power,good,p2754
2025-12-29T18:45:00Z,cab-a01,A,pdu-a,feed_total,8.022,normalized-power,good,p2755
2025-12-29T18:45:00Z,cab-a01,B,pdu-b,feed_total,7.158,normalized-power,good,p2756
2025-12-29T18:50:00Z,cab-a01,A,pdu-a,feed_total,8.05,normalized-power,good,p2757
2025-12-29T18:50:00Z,cab-a01,B,pdu-b,feed_total,7.166,normalized-power,good,p2758
2025-12-29T18:55:00Z,cab-a01,A,pdu-a,feed_total,8.077,normalized-power,good,p2759
2025-12-29T18:55:00Z,cab-a01,B,pdu-b,feed_total,7.173,normalized-power,good,p2760
2025-12-29T19:00:00Z,cab-a01,A,pdu-a,feed_total,8.102,normalized-power,good,p2761
2025-12-29T19:00:00Z,cab-a01,B,pdu-b,feed_total,7.179,normalized-power,good,p2762
2025-12-29T19:05:00Z,cab-a01,A,pdu-a,feed_total,8.125,normalized-power,good,p2763
2025-12-29T19:05:00Z,cab-a01,B,pdu-b,feed_total,7.184,normalized-power,good,p2764
2025-12-29T19:10:00Z,cab-a01,A,pdu-a,feed_total,8.147,normalized-power,good,p2765
2025-12-29T19:10:00Z,cab-a01,B,pdu-b,feed_total,7.188,normalized-power,good,p2766
2025-12-29T19:15:00Z,cab-a01,A,pdu-a,feed_total,8.167,normalized-power,good,p2767
2025-12-29T19:15:00Z,cab-a01,B,pdu-b,feed_total,7.19,normalized-power,good,p2768
2025-12-29T19:20:00Z,cab-a01,A,pdu-a,feed_total,8.185,normalized-power,good,p2769
2025-12-29T19:20:00Z,cab-a01,B,pdu-b,feed_total,7.192,normalized-power,good,p2770
2025-12-29T19:25:00Z,cab-a01,A,pdu-a,feed_total,8.202,normalized-power,good,p2771
2025-12-29T19:25:00Z,cab-a01,B,pdu-b,feed_total,7.191,normalized-power,good,p2772
2025-12-29T19:30:00Z,cab-a01,A,pdu-a,feed_total,8.217,normalized-power,good,p2773
2025-12-29T19:30:00Z,cab-a01,B,pdu-b,feed_total,7.19,normalized-power,good,p2774
2025-12-29T19:35:00Z,cab-a01,A,pdu-a,feed_total,8.229,normalized-power,good,p2775
2025-12-29T19:35:00Z,cab-a01,B,pdu-b,feed_total,7.188,normalized-power,good,p2776
2025-12-29T19:40:00Z,cab-a01,A,pdu-a,feed_total,8.24,normalized-power,good,p2777
2025-12-29T19:40:00Z,cab-a01,B,pdu-b,feed_total,7.184,normalized-power,good,p2778
2025-12-29T19:45:00Z,cab-a01,A,pdu-a,feed_total,8.249,normalized-power,good,p2779
2025-12-29T19:45:00Z,cab-a01,B,pdu-b,feed_total,7.178,normalized-power,good,p2780
2025-12-29T19:50:00Z,cab-a01,A,pdu-a,feed_total,8.256,normalized-power,good,p2781
2025-12-29T19:50:00Z,cab-a01,B,pdu-b,feed_total,7.172,normalized-power,good,p2782
2025-12-29T19:55:00Z,cab-a01,A,pdu-a,feed_total,8.261,normalized-power,good,p2783
2025-12-29T19:55:00Z,cab-a01,B,pdu-b,feed_total,7.165,normalized-power,good,p2784
2025-12-29T20:00:00Z,cab-a01,A,pdu-a,feed_total,8.264,normalized-power,good,p2785
2025-12-29T20:00:00Z,cab-a01,B,pdu-b,feed_total,7.157,normalized-power,good,p2786
2025-12-29T20:05:00Z,cab-a01,A,pdu-a,feed_total,8.266,normalized-power,good,p2787
2025-12-29T20:05:00Z,cab-a01,B,pdu-b,feed_total,7.147,normalized-power,good,p2788
2025-12-29T20:10:00Z,cab-a01,A,pdu-a,feed_total,8.266,normalized-power,good,p2789
2025-12-29T20:10:00Z,cab-a01,B,pdu-b,feed_total,7.136,normalized-power,good,p2790
2025-12-29T20:15:00Z,cab-a01,A,pdu-a,feed_total,8.264,normalized-power,good,p2791
2025-12-29T20:15:00Z,cab-a01,B,pdu-b,feed_total,7.125,normalized-power,good,p2792
2025-12-29T20:20:00Z,cab-a01,A,pdu-a,feed_total,8.262,normalized-power,good,p2793
2025-12-29T20:20:00Z,cab-a01,B,pdu-b,feed_total,7.113,normalized-power,good,p2794
2025-12-29T20:25:00Z,cab-a01,A,pdu-a,feed_total,8.257,normalized-power,good,p2795
2025-12-29T20:25:00Z,cab-a01,B,pdu-b,feed_total,7.101,normalized-power,good,p2796
2025-12-29T20:30:00Z,cab-a01,A,pdu-a,feed_total,8.252,normalized-power,good,p2797
2025-12-29T20:30:00Z,cab-a01,B,pdu-b,feed_total,7.087,normalized-power,good,p2798
2025-12-29T20:35:00Z,cab-a01,A,pdu-a,feed_total,8.245,normalized-power,good,p2799
2025-12-29T20:35:00Z,cab-a01,B,pdu-b,feed_total,7.074,normalized-power,good,p2800
2025-12-29T20:40:00Z,cab-a01,A,pdu-a,feed_total,8.238,normalized-power,good,p2801
2025-12-29T20:40:00Z,cab-a01,B,pdu-b,feed_total,7.061,normalized-power,good,p2802
2025-12-29T20:45:00Z,cab-a01,A,pdu-a,feed_total,8.23,normalized-power,good,p2803
2025-12-29T20:45:00Z,cab-a01,B,pdu-b,feed_total,7.047,normalized-power,good,p2804
2025-12-29T20:50:00Z,cab-a01,A,pdu-a,feed_total,8.222,normalized-power,good,p2805
2025-12-29T20:50:00Z,cab-a01,B,pdu-b,feed_total,7.033,normalized-power,good,p2806
2025-12-29T20:55:00Z,cab-a01,A,pdu-a,feed_total,8.212,normalized-power,good,p2807
2025-12-29T20:55:00Z,cab-a01,B,pdu-b,feed_total,7.02,normalized-power,good,p2808
2025-12-29T21:00:00Z,cab-a01,A,pdu-a,feed_total,8.203,normalized-power,good,p2809
2025-12-29T21:00:00Z,cab-a01,B,pdu-b,feed_total,7.007,normalized-power,good,p2810
2025-12-29T21:05:00Z,cab-a01,A,pdu-a,feed_total,8.193,normalized-power,good,p2811
2025-12-29T21:05:00Z,cab-a01,B,pdu-b,feed_total,6.995,normalized-power,good,p2812
2025-12-29T21:10:00Z,cab-a01,A,pdu-a,feed_total,8.184,normalized-power,good,p2813
2025-12-29T21:10:00Z,cab-a01,B,pdu-b,feed_total,6.983,normalized-power,good,p2814
2025-12-29T21:15:00Z,cab-a01,A,pdu-a,feed_total,8.176,normalized-power,good,p2815
2025-12-29T21:15:00Z,cab-a01,B,pdu-b,feed_total,6.972,normalized-power,good,p2816
2025-12-29T21:20:00Z,cab-a01,A,pdu-a,feed_total,8.167,normalized-power,good,p2817
2025-12-29T21:20:00Z,cab-a01,B,pdu-b,feed_total,6.962,normalized-power,good,p2818
2025-12-29T21:25:00Z,cab-a01,A,pdu-a,feed_total,8.159,normalized-power,good,p2819
2025-12-29T21:25:00Z,cab-a01,B,pdu-b,feed_total,6.953,normalized-power,good,p2820
2025-12-29T21:30:00Z,cab-a01,A,pdu-a,feed_total,8.152,normalized-power,good,p2821
2025-12-29T21:30:00Z,cab-a01,B,pdu-b,feed_total,6.946,normalized-power,good,p2822
2025-12-29T21:35:00Z,cab-a01,A,pdu-a,feed_total,8.146,normalized-power,good,p2823
2025-12-29T21:35:00Z,cab-a01,B,pdu-b,feed_total,6.939,normalized-power,good,p2824
2025-12-29T21:40:00Z,cab-a01,A,pdu-a,feed_total,8.141,normalized-power,good,p2825
2025-12-29T21:40:00Z,cab-a01,B,pdu-b,feed_total,6.935,normalized-power,good,p2826
2025-12-29T21:45:00Z,cab-a01,A,pdu-a,feed_total,8.137,normalized-power,good,p2827
2025-12-29T21:45:00Z,cab-a01,B,pdu-b,feed_total,6.932,normalized-power,good,p2828
2025-12-29T21:50:00Z,cab-a01,A,pdu-a,feed_total,8.135,normalized-power,good,p2829
2025-12-29T21:50:00Z,cab-a01,B,pdu-b,feed_total,6.93,normalized-power,good,p2830
2025-12-29T21:55:00Z,cab-a01,A,pdu-a,feed_total,8.133,normalized-power,good,p2831
2025-12-29T21:55:00Z,cab-a01,B,pdu-b,feed_total,6.931,normalized-power,good,p2832
2025-12-29T22:00:00Z,cab-a01,A,pdu-a,feed_total,8.134,normalized-power,good,p2833
2025-12-29T22:00:00Z,cab-a01,B,pdu-b,feed_total,6.933,normalized-power,good,p2834
2025-12-29T22:05:00Z,cab-a01,A,pdu-a,feed_total,8.136,normalized-power,good,p2835
2025-12-29T22:05:00Z,cab-a01,B,pdu-b,feed_total,6.937,normalized-power,good,p2836
2025-12-29T22:10:00Z,cab-a01,A,pdu-a,feed_total,8.14,normalized-power,good,p2837
2025-12-29T22:10:00Z,cab-a01,B,pdu-b,feed_total,6.944,normalized-power,good,p2838
2025-12-29T22:15:00Z,cab-a01,A,pdu-a,feed_total,8.146,normalized-power,good,p2839
2025-12-29T22:15:00Z,cab-a01,B,pdu-b,feed_total,6.952,normalized-power,good,p2840
2025-12-29T22:20:00Z,cab-a01,A,pdu-a,feed_total,8.153,normalized-power,good,p2841
2025-12-29T22:20:00Z,cab-a01,B,pdu-b,feed_total,6.963,normalized-power,good,p2842
2025-12-29T22:25:00Z,cab-a01,A,pdu-a,feed_total,8.162,normalized-power,good,p2843
2025-12-29T22:25:00Z,cab-a01,B,pdu-b,feed_total,6.976,normalized-power,good,p2844
2025-12-29T22:30:00Z,cab-a01,A,pdu-a,feed_total,8.173,normalized-power,good,p2845
2025-12-29T22:30:00Z,cab-a01,B,pdu-b,feed_total,6.991,normalized-power,good,p2846
2025-12-29T22:35:00Z,cab-a01,A,pdu-a,feed_total,8.186,normalized-power,good,p2847
2025-12-29T22:35:00Z,cab-a01,B,pdu-b,feed_total,7.008,normalized-power,good,p2848
2025-12-29T22:40:00Z,cab-a01,A,pdu-a,feed_total,8.202,normalized-power,good,p2849
2025-12-29T22:40:00Z,cab-a01,B,pdu-b,feed_total,7.027,normalized-power,good,p2850
2025-12-29T22:45:00Z,cab-a01,A,pdu-a,feed_total,8.218,normalized-power,good,p2851
2025-12-29T22:45:00Z,cab-a01,B,pdu-b,feed_total,7.049,normalized-power,good,p2852
2025-12-29T22:50:00Z,cab-a01,A,pdu-a,feed_total,8.237,normalized-power,good,p2853
2025-12-29T22:50:00Z,cab-a01,B,pdu-b,feed_total,7.072,normalized-power,good,p2854
2025-12-29T22:55:00Z,cab-a01,A,pdu-a,feed_total,8.257,normalized-power,good,p2855
2025-12-29T22:55:00Z,cab-a01,B,pdu-b,feed_total,7.098,normalized-power,good,p2856
2025-12-29T23:00:00Z,cab-a01,A,pdu-a,feed_total,8.279,normalized-power,good,p2857
2025-12-29T23:00:00Z,cab-a01,B,pdu-b,feed_total,7.126,normalized-power,good,p2858
2025-12-29T23:05:00Z,cab-a01,A,pdu-a,feed_total,8.303,normalized-power,good,p2859
2025-12-29T23:05:00Z,cab-a01,B,pdu-b,feed_total,7.155,normalized-power,good,p2860
2025-12-29T23:10:00Z,cab-a01,A,pdu-a,feed_total,8.328,normalized-power,good,p2861
2025-12-29T23:10:00Z,cab-a01,B,pdu-b,feed_total,7.186,normalized-power,good,p2862
2025-12-29T23:15:00Z,cab-a01,A,pdu-a,feed_total,8.354,normalized-power,good,p2863
2025-12-29T23:15:00Z,cab-a01,B,pdu-b,feed_total,7.219,normalized-power,good,p2864
2025-12-29T23:20:00Z,cab-a01,A,pdu-a,feed_total,8.381,normalized-power,good,p2865
2025-12-29T23:20:00Z,cab-a01,B,pdu-b,feed_total,7.254,normalized-power,good,p2866
2025-12-29T23:25:00Z,cab-a01,A,pdu-a,feed_total,8.41,normalized-power,good,p2867
2025-12-29T23:25:00Z,cab-a01,B,pdu-b,feed_total,7.29,normalized-power,good,p2868
2025-12-29T23:30:00Z,cab-a01,A,pdu-a,feed_total,8.439,normalized-power,good,p2869
2025-12-29T23:30:00Z,cab-a01,B,pdu-b,feed_total,7.328,normalized-power,good,p2870
2025-12-29T23:35:00Z,cab-a01,A,pdu-a,feed_total,8.469,normalized-power,good,p2871
2025-12-29T23:35:00Z,cab-a01,B,pdu-b,feed_total,7.367,normalized-power,good,p2872
2025-12-29T23:40:00Z,cab-a01,A,pdu-a,feed_total,8.5,normalized-power,good,p2873
2025-12-29T23:40:00Z,cab-a01,B,pdu-b,feed_total,7.407,normalized-power,good,p2874
2025-12-29T23:45:00Z,cab-a01,A,pdu-a,feed_total,8.531,normalized-power,good,p2875
2025-12-29T23:45:00Z,cab-a01,B,pdu-b,feed_total,7.448,normalized-power,good,p2876
2025-12-29T23:50:00Z,cab-a01,A,pdu-a,feed_total,8.563,normalized-power,good,p2877
2025-12-29T23:50:00Z,cab-a01,B,pdu-b,feed_total,7.489,normalized-power,good,p2878
2025-12-29T23:55:00Z,cab-a01,A,pdu-a,feed_total,8.594,normalized-power,good,p2879
2025-12-29T23:55:00Z,cab-a01,B,pdu-b,feed_total,7.532,normalized-power,good,p2880
2025-12-30T00:00:00Z,cab-a01,A,pdu-a,feed_total,8.626,normalized-power,good,p2881
2025-12-30T00:00:00Z,cab-a01,B,pdu-b,feed_total,7.574,normalized-power,good,p2882
2025-12-30T00:05:00Z,cab-a01,A,pdu-a,feed_total,8.657,normalized-power,good,p2883
2025-12-30T00:05:00Z,cab-a01,B,pdu-b,feed_total,7.617,normalized-power,good,p2884
2025-12-30T00:10:00Z,cab-a01,A,pdu-a,feed_total,8.688,normalized-power,good,p2885
2025-12-30T00:10:00Z,cab-a01,B,pdu-b,feed_total,7.66,normalized-power,good,p2886
2025-12-30T00:15:00Z,cab-a01,A,pdu-a,feed_total,8.718,normalized-power,good,p2887
2025-12-30T00:15:00Z,cab-a01,B,pdu-b,feed_total,7.703,normalized-power,good,p2888
2025-12-30T00:20:00Z,cab-a01,A,pdu-a,feed_total,8.747,normalized-power,good,p2889
2025-12-30T00:20:00Z,cab-a01,B,pdu-b,feed_total,7.746,normalized-power,good,p2890
2025-12-30T00:25:00Z,cab-a01,A,pdu-a,feed_total,8.775,normalized-power,good,p2891
2025-12-30T00:25:00Z,cab-a01,B,pdu-b,feed_total,7.789,normalized-power,good,p2892
2025-12-30T00:30:00Z,cab-a01,A,pdu-a,feed_total,8.802,normalized-power,good,p2893
2025-12-30T00:30:00Z,cab-a01,B,pdu-b,feed_total,7.831,normalized-power,good,p2894
2025-12-30T00:35:00Z,cab-a01,A,pdu-a,feed_total,8.828,normalized-power,good,p2895
2025-12-30T00:35:00Z,cab-a01,B,pdu-b,feed_total,7.872,normalized-power,good,p2896
2025-12-30T00:40:00Z,cab-a01,A,pdu-a,feed_total,8.853,normalized-power,good,p2897
2025-12-30T00:40:00Z,cab-a01,B,pdu-b,feed_total,7.912,normalized-power,good,p2898
2025-12-30T00:45:00Z,cab-a01,A,pdu-a,feed_total,8.875,normalized-power,good,p2899
2025-12-30T00:45:00Z,cab-a01,B,pdu-b,feed_total,7.952,normalized-power,good,p2900
2025-12-30T00:50:00Z,cab-a01,A,pdu-a,feed_total,8.896,normalized-power,good,p2901
2025-12-30T00:50:00Z,cab-a01,B,pdu-b,feed_total,7.99,normalized-power,good,p2902
2025-12-30T00:55:00Z,cab-a01,A,pdu-a,feed_total,8.916,normalized-power,good,p2903
2025-12-30T00:55:00Z,cab-a01,B,pdu-b,feed_total,8.026,normalized-power,good,p2904
2025-12-30T01:00:00Z,cab-a01,A,pdu-a,feed_total,8.933,normalized-power,good,p2905
2025-12-30T01:00:00Z,cab-a01,B,pdu-b,feed_total,8.062,normalized-power,good,p2906
2025-12-30T01:05:00Z,cab-a01,A,pdu-a,feed_total,8.949,normalized-power,good,p2907
2025-12-30T01:05:00Z,cab-a01,B,pdu-b,feed_total,8.096,normalized-power,good,p2908
2025-12-30T01:10:00Z,cab-a01,A,pdu-a,feed_total,8.962,normalized-power,good,p2909
2025-12-30T01:10:00Z,cab-a01,B,pdu-b,feed_total,8.129,normalized-power,good,p2910
2025-12-30T01:15:00Z,cab-a01,A,pdu-a,feed_total,8.973,normalized-power,good,p2911
2025-12-30T01:15:00Z,cab-a01,B,pdu-b,feed_total,8.16,normalized-power,good,p2912
2025-12-30T01:20:00Z,cab-a01,A,pdu-a,feed_total,8.982,normalized-power,good,p2913
2025-12-30T01:20:00Z,cab-a01,B,pdu-b,feed_total,8.189,normalized-power,good,p2914
2025-12-30T01:25:00Z,cab-a01,A,pdu-a,feed_total,8.99,normalized-power,good,p2915
2025-12-30T01:25:00Z,cab-a01,B,pdu-b,feed_total,8.216,normalized-power,good,p2916
2025-12-30T01:30:00Z,cab-a01,A,pdu-a,feed_total,8.994,normalized-power,good,p2917
2025-12-30T01:30:00Z,cab-a01,B,pdu-b,feed_total,8.242,normalized-power,good,p2918
2025-12-30T01:35:00Z,cab-a01,A,pdu-a,feed_total,8.997,normalized-power,good,p2919
2025-12-30T01:35:00Z,cab-a01,B,pdu-b,feed_total,8.265,normalized-power,good,p2920
2025-12-30T01:40:00Z,cab-a01,A,pdu-a,feed_total,8.997,normalized-power,good,p2921
2025-12-30T01:40:00Z,cab-a01,B,pdu-b,feed_total,8.287,normalized-power,good,p2922
2025-12-30T01:45:00Z,cab-a01,A,pdu-a,feed_total,8.995,normalized-power,good,p2923
2025-12-30T01:45:00Z,cab-a01,B,pdu-b,feed_total,8.307,normalized-power,good,p2924
2025-12-30T01:50:00Z,cab-a01,A,pdu-a,feed_total,8.991,normalized-power,good,p2925
2025-12-30T01:50:00Z,cab-a01,B,pdu-b,feed_total,8.325,normalized-power,good,p2926
2025-12-30T01:55:00Z,cab-a01,A,pdu-a,feed_total,8.986,normalized-power,good,p2927
2025-12-30T01:55:00Z,cab-a01,B,pdu-b,feed_total,8.341,normalized-power,good,p2928
2025-12-30T02:00:00Z,cab-a01,A,pdu-a,feed_total,8.978,normalized-power,good,p2929
2025-12-30T02:00:00Z,cab-a01,B,pdu-b,feed_total,8.355,normalized-power,good,p2930
2025-12-30T02:05:00Z,cab-a01,A,pdu-a,feed_total,8.968,normalized-power,good,p2931
2025-12-30T02:05:00Z,cab-a01,B,pdu-b,feed_total,8.368,normalized-power,good,p2932
2025-12-30T02:10:00Z,cab-a01,A,pdu-a,feed_total,8.957,normalized-power,good,p2933
2025-12-30T02:10:00Z,cab-a01,B,pdu-b,feed_total,8.378,normalized-power,good,p2934
2025-12-30T02:15:00Z,cab-a01,A,pdu-a,feed_total,8.944,normalized-power,good,p2935
2025-12-30T02:15:00Z,cab-a01,B,pdu-b,feed_total,8.387,normalized-power,good,p2936
2025-12-30T02:20:00Z,cab-a01,A,pdu-a,feed_total,8.929,normalized-power,good,p2937
2025-12-30T02:20:00Z,cab-a01,B,pdu-b,feed_total,8.395,normalized-power,good,p2938
2025-12-30T02:25:00Z,cab-a01,A,pdu-a,feed_total,8.914,normalized-power,good,p2939
2025-12-30T02:25:00Z,cab-a01,B,pdu-b,feed_total,8.401,normalized-power,good,p2940
2025-12-30T02:30:00Z,cab-a01,A,pdu-a,feed_total,8.896,normalized-power,good,p2941
2025-12-30T02:30:00Z,cab-a01,B,pdu-b,feed_total,8.406,normalized-power,good,p2942
2025-12-30T02:35:00Z,cab-a01,A,pdu-a,feed_total,8.878,normalized-power,good,p2943
2025-12-30T02:35:00Z,cab-a01,B,pdu-b,feed_total,8.41,normalized-power,good,p2944
2025-12-30T02:40:00Z,cab-a01,A,pdu-a,feed_total,8.859,normalized-power,good,p2945
2025-12-30T02:40:00Z,cab-a01,B,pdu-b,feed_total,8.412,normalized-power,good,p2946
2025-12-30T02:45:00Z,cab-a01,A,pdu-a,feed_total,8.839,normalized-power,good,p2947
2025-12-30T02:45:00Z,cab-a01,B,pdu-b,feed_total,8.413,normalized-power,good,p2948
2025-12-30T02:50:00Z,cab-a01,A,pdu-a,feed_total,8.819,normalized-power,good,p2949
2025-12-30T02:50:00Z,cab-a01,B,pdu-b,feed_total,8.414,normalized-power,good,p2950
2025-12-30T02:55:00Z,cab-a01,A,pdu-a,feed_total,8.798,normalized-power,good,p2951
2025-12-30T02:55:00Z,cab-a01,B,pdu-b,feed_total,8.414,normalized-power,good,p2952
2025-12-30T03:00:00Z,cab-a01,A,pdu-a,feed_total,8.777,normalized-power,good,p2953
2025-12-30T03:00:00Z,cab-a01,B,pdu-b,feed_total,8.413,normalized-power,good,p2954
2025-12-30T03:05:00Z,cab-a01,A,pdu-a,feed_total,8.756,normalized-power,good,p2955
2025-12-30T03:05:00Z,cab-a01,B,pdu-b,feed_total,8.412,normalized-power,good,p2956
2025-12-30T03:10:00Z,cab-a01,A,pdu-a,feed_total,8.735,normalized-power,good,p2957
2025-12-30T03:10:00Z,cab-a01,B,pdu-b,feed_total,8.41,normalized-power,good,p2958
2025-12-30T03:15:00Z,cab-a01,A,pdu-a,feed_total,8.715,normalized-power,good,p2959
2025-12-30T03:15:00Z,cab-a01,B,pdu-b,feed_total,8.408,normalized-power,good,p2960
2025-12-30T03:20:00Z,cab-a01,A,pdu-a,feed_total,8.694,normalized-power,good,p2961
2025-12-30T03:20:00Z,cab-a01,B,pdu-b,feed_total,8.407,normalized-power,good,p2962
2025-12-30T03:25:00Z,cab-a01,A,pdu-a,feed_total,8.675,normalized-power,good,p2963
2025-12-30T03:25:00Z,cab-a01,B,pdu-b,feed_total,8.406,normalized-power,good,p2964
2025-12-30T03:30:00Z,cab-a01,A,pdu-a,feed_total,8.656,normalized-power,good,p2965
2025-12-30T03:30:00Z,cab-a01,B,pdu-b,feed_total,8.405,normalized-power,good,p2966
2025-12-30T03:35:00Z,cab-a01,A,pdu-a,feed_total,8.638,normalized-power,good,p2967
2025-12-30T03:35:00Z,cab-a01,B,pdu-b,feed_total,8.404,normalized-power,good,p2968
2025-12-30T03:40:00Z,cab-a01,A,pdu-a,feed_total,8.622,normalized-power,good,p2969
2025-12-30T03:40:00Z,cab-a01,B,pdu-b,feed_total,8.403,normalized-power,good,p2970
2025-12-30T03:45:00Z,cab-a01,A,pdu-a,feed_total,8.607,normalized-power,good,p2971
2025-12-30T03:45:00Z,cab-a01,B,pdu-b,feed_total,8.404,normalized-power,good,p2972
2025-12-30T03:50:00Z,cab-a01,A,pdu-a,feed_total,8.592,normalized-power,good,p2973
2025-12-30T03:50:00Z,cab-a01,B,pdu-b,feed_total,8.406,normalized-power,good,p2974
2025-12-30T03:55:00Z,cab-a01,A,pdu-a,feed_total,8.579,normalized-power,good,p2975
2025-12-30T03:55:00Z,cab-a01,B,pdu-b,feed_total,8.408,normalized-power,good,p2976
2025-12-30T04:00:00Z,cab-a01,A,pdu-a,feed_total,8.568,normalized-power,good,p2977
2025-12-30T04:00:00Z,cab-a01,B,pdu-b,feed_total,8.411,normalized-power,good,p2978
2025-12-30T04:05:00Z,cab-a01,A,pdu-a,feed_total,8.559,normalized-power,good,p2979
2025-12-30T04:05:00Z,cab-a01,B,pdu-b,feed_total,8.415,normalized-power,good,p2980
2025-12-30T04:10:00Z,cab-a01,A,pdu-a,feed_total,8.551,normalized-power,good,p2981
2025-12-30T04:10:00Z,cab-a01,B,pdu-b,feed_total,8.421,normalized-power,good,p2982
2025-12-30T04:15:00Z,cab-a01,A,pdu-a,feed_total,8.545,normalized-power,good,p2983
2025-12-30T04:15:00Z,cab-a01,B,pdu-b,feed_total,8.428,normalized-power,good,p2984
2025-12-30T04:20:00Z,cab-a01,A,pdu-a,feed_total,8.541,normalized-power,good,p2985
2025-12-30T04:20:00Z,cab-a01,B,pdu-b,feed_total,8.435,normalized-power,good,p2986
2025-12-30T04:25:00Z,cab-a01,A,pdu-a,feed_total,8.539,normalized-power,good,p2987
2025-12-30T04:25:00Z,cab-a01,B,pdu-b,feed_total,8.444,normalized-power,good,p2988
2025-12-30T04:30:00Z,cab-a01,A,pdu-a,feed_total,8.538,normalized-power,good,p2989
2025-12-30T04:30:00Z,cab-a01,B,pdu-b,feed_total,8.455,normalized-power,good,p2990
2025-12-30T04:35:00Z,cab-a01,A,pdu-a,feed_total,8.54,normalized-power,good,p2991
2025-12-30T04:35:00Z,cab-a01,B,pdu-b,feed_total,8.467,normalized-power,good,p2992
2025-12-30T04:40:00Z,cab-a01,A,pdu-a,feed_total,8.543,normalized-power,good,p2993
2025-12-30T04:40:00Z,cab-a01,B,pdu-b,feed_total,8.48,normalized-power,good,p2994
2025-12-30T04:45:00Z,cab-a01,A,pdu-a,feed_total,8.549,normalized-power,good,p2995
2025-12-30T04:45:00Z,cab-a01,B,pdu-b,feed_total,8.494,normalized-power,good,p2996
2025-12-30T04:50:00Z,cab-a01,A,pdu-a,feed_total,8.556,normalized-power,good,p2997
2025-12-30T04:50:00Z,cab-a01,B,pdu-b,feed_total,8.509,normalized-power,good,p2998
2025-12-30T04:55:00Z,cab-a01,A,pdu-a,feed_total,8.565,normalized-power,good,p2999
2025-12-30T04:55:00Z,cab-a01,B,pdu-b,feed_total,8.526,normalized-power,good,p3000
2025-12-30T05:00:00Z,cab-a01,A,pdu-a,feed_total,8.576,normalized-power,good,p3001
2025-12-30T05:00:00Z,cab-a01,B,pdu-b,feed_total,8.543,normalized-power,good,p3002
2025-12-30T05:05:00Z,cab-a01,A,pdu-a,feed_total,8.588,normalized-power,good,p3003
2025-12-30T05:05:00Z,cab-a01,B,pdu-b,feed_total,8.562,normalized-power,good,p3004
2025-12-30T05:10:00Z,cab-a01,A,pdu-a,feed_total,8.602,normalized-power,good,p3005
2025-12-30T05:10:00Z,cab-a01,B,pdu-b,feed_total,8.582,normalized-power,good,p3006
2025-12-30T05:15:00Z,cab-a01,A,pdu-a,feed_total,8.618,normalized-power,good,p3007
2025-12-30T05:15:00Z,cab-a01,B,pdu-b,feed_total,8.602,normalized-power,good,p3008
2025-12-30T05:20:00Z,cab-a01,A,pdu-a,feed_total,8.634,normalized-power,good,p3009
2025-12-30T05:20:00Z,cab-a01,B,pdu-b,feed_total,8.623,normalized-power,good,p3010
2025-12-30T05:25:00Z,cab-a01,A,pdu-a,feed_total,8.652,normalized-power,good,p3011
2025-12-30T05:25:00Z,cab-a01,B,pdu-b,feed_total,8.645,normalized-power,good,p3012
2025-12-30T05:30:00Z,cab-a01,A,pdu-a,feed_total,8.671,normalized-power,good,p3013
2025-12-30T05:30:00Z,cab-a01,B,pdu-b,feed_total,8.667,normalized-power,good,p3014
2025-12-30T05:35:00Z,cab-a01,A,pdu-a,feed_total,8.691,normalized-power,good,p3015
2025-12-30T05:35:00Z,cab-a01,B,pdu-b,feed_total,8.689,normalized-power,good,p3016
2025-12-30T05:40:00Z,cab-a01,A,pdu-a,feed_total,8.712,normalized-power,good,p3017
2025-12-30T05:40:00Z,cab-a01,B,pdu-b,feed_total,8.712,normalized-power,good,p3018
2025-12-30T05:45:00Z,cab-a01,A,pdu-a,feed_total,8.734,normalized-power,good,p3019
2025-12-30T05:45:00Z,cab-a01,B,pdu-b,feed_total,8.734,normalized-power,good,p3020
2025-12-30T05:50:00Z,cab-a01,A,pdu-a,feed_total,8.756,normalized-power,good,p3021
2025-12-30T05:50:00Z,cab-a01,B,pdu-b,feed_total,8.756,normalized-power,good,p3022
2025-12-30T05:55:00Z,cab-a01,A,pdu-a,feed_total,8.778,normalized-power,good,p3023
2025-12-30T05:55:00Z,cab-a01,B,pdu-b,feed_total,8.778,normalized-power,good,p3024
2025-12-30T06:00:00Z,cab-a01,A,pdu-a,feed_total,8.801,normalized-power,good,p3025
2025-12-30T06:00:00Z,cab-a01,B,pdu-b,feed_total,8.799,normalized-power,good,p3026
2025-12-30T06:05:00Z,cab-a01,A,pdu-a,feed_total,8.824,normalized-power,good,p3027
2025-12-30T06:05:00Z,cab-a01,B,pdu-b,feed_total,8.819,normalized-power,good,p3028
2025-12-30T06:10:00Z,cab-a01,A,pdu-a,feed_total,8.846,normalized-power,good,p3029
2025-12-30T06:10:00Z,cab-a01,B,pdu-b,feed_total,8.839,normalized-power,good,p3030
2025-12-30T06:15:00Z,cab-a01,A,pdu-a,feed_total,8.868,normalized-power,good,p3031
2025-12-30T06:15:00Z,cab-a01,B,pdu-b,feed_total,8.858,normalized-power,good,p3032
2025-12-30T06:20:00Z,cab-a01,A,pdu-a,feed_total,8.891,normalized-power,good,p3033
2025-12-30T06:20:00Z,cab-a01,B,pdu-b,feed_total,8.875,normalized-power,good,p3034
2025-12-30T06:25:00Z,cab-a01,A,pdu-a,feed_total,8.912,normalized-power,good,p3035
2025-12-30T06:25:00Z,cab-a01,B,pdu-b,feed_total,8.891,normalized-power,good,p3036
2025-12-30T06:30:00Z,cab-a01,A,pdu-a,feed_total,8.932,normalized-power,good,p3037
2025-12-30T06:30:00Z,cab-a01,B,pdu-b,feed_total,8.906,normalized-power,good,p3038
2025-12-30T06:35:00Z,cab-a01,A,pdu-a,feed_total,8.952,normalized-power,good,p3039
2025-12-30T06:35:00Z,cab-a01,B,pdu-b,feed_total,8.918,normalized-power,good,p3040
2025-12-30T06:40:00Z,cab-a01,A,pdu-a,feed_total,8.97,normalized-power,good,p3041
2025-12-30T06:40:00Z,cab-a01,B,pdu-b,feed_total,8.93,normalized-power,good,p3042
2025-12-30T06:45:00Z,cab-a01,A,pdu-a,feed_total,8.988,normalized-power,good,p3043
2025-12-30T06:45:00Z,cab-a01,B,pdu-b,feed_total,8.939,normalized-power,good,p3044
2025-12-30T06:50:00Z,cab-a01,A,pdu-a,feed_total,9.004,normalized-power,good,p3045
2025-12-30T06:50:00Z,cab-a01,B,pdu-b,feed_total,8.946,normalized-power,good,p3046
2025-12-30T06:55:00Z,cab-a01,A,pdu-a,feed_total,9.018,normalized-power,good,p3047
2025-12-30T06:55:00Z,cab-a01,B,pdu-b,feed_total,8.951,normalized-power,good,p3048
2025-12-30T07:00:00Z,cab-a01,A,pdu-a,feed_total,9.031,normalized-power,good,p3049
2025-12-30T07:00:00Z,cab-a01,B,pdu-b,feed_total,8.954,normalized-power,good,p3050
2025-12-30T07:05:00Z,cab-a01,A,pdu-a,feed_total,9.042,normalized-power,good,p3051
2025-12-30T07:05:00Z,cab-a01,B,pdu-b,feed_total,8.955,normalized-power,good,p3052
2025-12-30T07:10:00Z,cab-a01,A,pdu-a,feed_total,9.052,normalized-power,good,p3053
2025-12-30T07:10:00Z,cab-a01,B,pdu-b,feed_total,8.953,normalized-power,good,p3054
2025-12-30T07:15:00Z,cab-a01,A,pdu-a,feed_total,9.06,normalized-power,good,p3055
2025-12-30T07:15:00Z,cab-a01,B,pdu-b,feed_total,8.949,normalized-power,good,p3056
2025-12-30T07:20:00Z,cab-a01,A,pdu-a,feed_total,9.066,normalized-power,good,p3057
2025-12-30T07:20:00Z,cab-a01,B,pdu-b,feed_total,8.942,normalized-power,good,p3058
2025-12-30T07:25:00Z,cab-a01,A,pdu-a,feed_total,9.07,normalized-power,good,p3059
2025-12-30T07:25:00Z,cab-a01,B,pdu-b,feed_total,8.933,normalized-power,good,p3060
2025-12-30T07:30:00Z,cab-a01,A,pdu-a,feed_total,9.072,normalized-power,good,p3061
2025-12-30T07:30:00Z,cab-a01,B,pdu-b,feed_total,8.921,normalized-power,good,p3062
2025-12-30T07:35:00Z,cab-a01,A,pdu-a,feed_total,9.073,normalized-power,good,p3063
2025-12-30T07:35:00Z,cab-a01,B,pdu-b,feed_total,8.907,normalized-power,good,p3064
2025-12-30T07:40:00Z,cab-a01,A,pdu-a,feed_total,9.071,normalized-power,good,p3065
2025-12-30T07:40:00Z,cab-a01,B,pdu-b,feed_total,8.89,normalized-power,good,p3066
2025-12-30T07:45:00Z,cab-a01,A,pdu-a,feed_total,9.067,normalized-power,good,p3067
2025-12-30T07:45:00Z,cab-a01,B,pdu-b,feed_total,8.872,normalized-power,good,p3068
2025-12-30T07:50:00Z,cab-a01,A,pdu-a,feed_total,9.062,normalized-power,good,p3069
2025-12-30T07:50:00Z,cab-a01,B,pdu-b,feed_total,8.85,normalized-power,good,p3070
2025-12-30T07:55:00Z,cab-a01,A,pdu-a,feed_total,9.055,normalized-power,good,p3071
2025-12-30T07:55:00Z,cab-a01,B,pdu-b,feed_total,8.826,normalized-power,good,p3072
2025-12-30T08:00:00Z,cab-a01,A,pdu-a,feed_total,9.045,normalized-power,good,p3073
2025-12-30T08:00:00Z,cab-a01,B,pdu-b,feed_total,8.8,normalized-power,good,p3074
2025-12-30T08:05:00Z,cab-a01,A,pdu-a,feed_total,9.034,normalized-power,good,p3075
2025-12-30T08:05:00Z,cab-a01,B,pdu-b,feed_total,8.772,normalized-power,good,p3076
2025-12-30T08:10:00Z,cab-a01,A,pdu-a,feed_total,9.022,normalized-power,good,p3077
2025-12-30T08:10:00Z,cab-a01,B,pdu-b,feed_total,8.742,normalized-power,good,p3078
2025-12-30T08:15:00Z,cab-a01,A,pdu-a,feed_total,9.007,normalized-power,good,p3079
2025-12-30T08:15:00Z,cab-a01,B,pdu-b,feed_total,8.711,normalized-power,good,p3080
2025-12-30T08:20:00Z,cab-a01,A,pdu-a,feed_total,8.991,normalized-power,good,p3081
2025-12-30T08:20:00Z,cab-a01,B,pdu-b,feed_total,8.677,normalized-power,good,p3082
2025-12-30T08:25:00Z,cab-a01,A,pdu-a,feed_total,8.974,normalized-power,good,p3083
2025-12-30T08:25:00Z,cab-a01,B,pdu-b,feed_total,8.642,normalized-power,good,p3084
2025-12-30T08:30:00Z,cab-a01,A,pdu-a,feed_total,8.956,normalized-power,good,p3085
2025-12-30T08:30:00Z,cab-a01,B,pdu-b,feed_total,8.605,normalized-power,good,p3086
2025-12-30T08:35:00Z,cab-a01,A,pdu-a,feed_total,8.936,normalized-power,good,p3087
2025-12-30T08:35:00Z,cab-a01,B,pdu-b,feed_total,8.567,normalized-power,good,p3088
2025-12-30T08:40:00Z,cab-a01,A,pdu-a,feed_total,8.916,normalized-power,good,p3089
2025-12-30T08:40:00Z,cab-a01,B,pdu-b,feed_total,8.527,normalized-power,good,p3090
2025-12-30T08:45:00Z,cab-a01,A,pdu-a,feed_total,8.895,normalized-power,good,p3091
2025-12-30T08:45:00Z,cab-a01,B,pdu-b,feed_total,8.487,normalized-power,good,p3092
2025-12-30T08:50:00Z,cab-a01,A,pdu-a,feed_total,8.873,normalized-power,good,p3093
2025-12-30T08:50:00Z,cab-a01,B,pdu-b,feed_total,8.446,normalized-power,good,p3094
2025-12-30T08:55:00Z,cab-a01,A,pdu-a,feed_total,8.85,normalized-power,good,p3095
2025-12-30T08:55:00Z,cab-a01,B,pdu-b,feed_total,8.405,normalized-power,good,p3096
2025-12-30T09:00:00Z,cab-a01,A,pdu-a,feed_total,8.827,normalized-power,good,p3097
2025-12-30T09:00:00Z,cab-a01,B,pdu-b,feed_total,8.363,normalized-power,good,p3098
2025-12-30T09:05:00Z,cab-a01,A,pdu-a,feed_total,8.805,normalized-power,good,p3099
2025-12-30T09:05:00Z,cab-a01,B,pdu-b,feed_total,8.32,normalized-power,good,p3100
2025-12-30T09:10:00Z,cab-a01,A,pdu-a,feed_total,8.781,normalized-power,good,p3101
2025-12-30T09:10:00Z,cab-a01,B,pdu-b,feed_total,8.278,normalized-power,good,p3102
2025-12-30T09:15:00Z,cab-a01,A,pdu-a,feed_total,8.758,normalized-power,good,p3103
2025-12-30T09:15:00Z,cab-a01,B,pdu-b,feed_total,8.236,normalized-power,good,p3104
2025-12-30T09:20:00Z,cab-a01,A,pdu-a,feed_total,8.735,normalized-power,good,p3105
2025-12-30T09:20:00Z,cab-a01,B,pdu-b,feed_total,8.194,normalized-power,good,p3106
2025-12-30T09:25:00Z,cab-a01,A,pdu-a,feed_total,8.713,normalized-power,good,p3107
2025-12-30T09:25:00Z,cab-a01,B,pdu-b,feed_total,8.152,normalized-power,good,p3108
2025-12-30T09:30:00Z,cab-a01,A,pdu-a,feed_total,8.691,normalized-power,good,p3109
2025-12-30T09:30:00Z,cab-a01,B,pdu-b,feed_total,8.111,normalized-power,good,p3110
2025-12-30T09:35:00Z,cab-a01,A,pdu-a,feed_total,8.67,normalized-power,good,p3111
2025-12-30T09:35:00Z,cab-a01,B,pdu-b,feed_total,8.071,normalized-power,good,p3112
2025-12-30T09:40:00Z,cab-a01,A,pdu-a,feed_total,8.651,normalized-power,good,p3113
2025-12-30T09:40:00Z,cab-a01,B,pdu-b,feed_total,8.031,normalized-power,good,p3114
2025-12-30T09:45:00Z,cab-a01,A,pdu-a,feed_total,8.631,normalized-power,good,p3115
2025-12-30T09:45:00Z,cab-a01,B,pdu-b,feed_total,7.993,normalized-power,good,p3116
2025-12-30T09:50:00Z,cab-a01,A,pdu-a,feed_total,8.613,normalized-power,good,p3117
2025-12-30T09:50:00Z,cab-a01,B,pdu-b,feed_total,7.956,normalized-power,good,p3118
2025-12-30T09:55:00Z,cab-a01,A,pdu-a,feed_total,8.597,normalized-power,good,p3119
2025-12-30T09:55:00Z,cab-a01,B,pdu-b,feed_total,7.92,normalized-power,good,p3120
2025-12-30T10:00:00Z,cab-a01,A,pdu-a,feed_total,8.582,normalized-power,good,p3121
2025-12-30T10:00:00Z,cab-a01,B,pdu-b,feed_total,7.885,normalized-power,good,p3122
2025-12-30T10:05:00Z,cab-a01,A,pdu-a,feed_total,8.568,normalized-power,good,p3123
2025-12-30T10:05:00Z,cab-a01,B,pdu-b,feed_total,7.852,normalized-power,good,p3124
2025-12-30T10:10:00Z,cab-a01,A,pdu-a,feed_total,8.556,normalized-power,good,p3125
2025-12-30T10:10:00Z,cab-a01,B,pdu-b,feed_total,7.821,normalized-power,good,p3126
2025-12-30T10:15:00Z,cab-a01,A,pdu-a,feed_total,8.545,normalized-power,good,p3127
2025-12-30T10:15:00Z,cab-a01,B,pdu-b,feed_total,7.791,normalized-power,good,p3128
2025-12-30T10:20:00Z,cab-a01,A,pdu-a,feed_total,8.536,normalized-power,good,p3129
2025-12-30T10:20:00Z,cab-a01,B,pdu-b,feed_total,7.763,normalized-power,good,p3130
2025-12-30T10:25:00Z,cab-a01,A,pdu-a,feed_total,8.529,normalized-power,good,p3131
2025-12-30T10:25:00Z,cab-a01,B,pdu-b,feed_total,7.737,normalized-power,good,p3132
2025-12-30T10:30:00Z,cab-a01,A,pdu-a,feed_total,8.523,normalized-power,good,p3133
2025-12-30T10:30:00Z,cab-a01,B,pdu-b,feed_total,7.713,normalized-power,good,p3134
2025-12-30T10:35:00Z,cab-a01,A,pdu-a,feed_total,8.519,normalized-power,good,p3135
2025-12-30T10:35:00Z,cab-a01,B,pdu-b,feed_total,7.69,normalized-power,good,p3136
2025-12-30T10:40:00Z,cab-a01,A,pdu-a,feed_total,8.517,normalized-power,good,p3137
2025-12-30T10:40:00Z,cab-a01,B,pdu-b,feed_total,7.669,normalized-power,good,p3138
2025-12-30T10:45:00Z,cab-a01,A,pdu-a,feed_total,8.517,normalized-power,good,p3139
2025-12-30T10:45:00Z,cab-a01,B,pdu-b,feed_total,7.65,normalized-power,good,p3140
2025-12-30T10:50:00Z,cab-a01,A,pdu-a,feed_total,8.518,normalized-power,good,p3141
2025-12-30T10:50:00Z,cab-a01,B,pdu-b,feed_total,7.633,normalized-power,good,p3142
2025-12-30T10:55:00Z,cab-a01,A,pdu-a,feed_total,8.522,normalized-power,good,p3143
2025-12-30T10:55:00Z,cab-a01,B,pdu-b,feed_total,7.617,normalized-power,good,p3144
2025-12-30T11:00:00Z,cab-a01,A,pdu-a,feed_total,8.526,normalized-power,good,p3145
2025-12-30T11:00:00Z,cab-a01,B,pdu-b,feed_total,7.603,normalized-power,good,p3146
2025-12-30T11:05:00Z,cab-a01,A,pdu-a,feed_total,8.532,normalized-power,good,p3147
2025-12-30T11:05:00Z,cab-a01,B,pdu-b,feed_total,7.591,normalized-power,good,p3148
2025-12-30T11:10:00Z,cab-a01,A,pdu-a,feed_total,8.539,normalized-power,good,p3149
2025-12-30T11:10:00Z,cab-a01,B,pdu-b,feed_total,7.581,normalized-power,good,p3150
2025-12-30T11:15:00Z,cab-a01,A,pdu-a,feed_total,8.548,normalized-power,good,p3151
2025-12-30T11:15:00Z,cab-a01,B,pdu-b,feed_total,7.572,normalized-power,good,p3152
2025-12-30T11:20:00Z,cab-a01,A,pdu-a,feed_total,8.558,normalized-power,good,p3153
2025-12-30T11:20:00Z,cab-a01,B,pdu-b,feed_total,7.564,normalized-power,good,p3154
2025-12-30T11:25:00Z,cab-a01,A,pdu-a,feed_total,8.569,normalized-power,good,p3155
2025-12-30T11:25:00Z,cab-a01,B,pdu-b,feed_total,7.557,normalized-power,good,p3156
2025-12-30T11:30:00Z,cab-a01,A,pdu-a,feed_total,8.581,normalized-power,good,p3157
2025-12-30T11:30:00Z,cab-a01,B,pdu-b,feed_total,7.552,normalized-power,good,p3158
2025-12-30T11:35:00Z,cab-a01,A,pdu-a,feed_total,8.594,normalized-power,good,p3159
2025-12-30T11:35:00Z,cab-a01,B,pdu-b,feed_total,7.547,normalized-power,good,p3160
2025-12-30T11:40:00Z,cab-a01,A,pdu-a,feed_total,8.607,normalized-power,good,p3161
2025-12-30T11:40:00Z,cab-a01,B,pdu-b,feed_total,7.544,normalized-power,good,p3162
2025-12-30T11:45:00Z,cab-a01,A,pdu-a,feed_total,8.621,normalized-power,good,p3163
2025-12-30T11:45:00Z,cab-a01,B,pdu-b,feed_total,7.541,normalized-power,good,p3164
2025-12-30T11:50:00Z,cab-a01,A,pdu-a,feed_total,8.635,normalized-power,good,p3165
2025-12-30T11:50:00Z,cab-a01,B,pdu-b,feed_total,7.539,normalized-power,good,p3166
2025-12-30T11:55:00Z,cab-a01,A,pdu-a,feed_total,8.649,normalized-power,good,p3167
2025-12-30T11:55:00Z,cab-a01,B,pdu-b,feed_total,7.538,normalized-power,good,p3168
2025-12-30T12:00:00Z,cab-a01,A,pdu-a,feed_total,8.663,normalized-power,good,p3169
2025-12-30T12:00:00Z,cab-a01,B,pdu-b,feed_total,7.537,normalized-power,good,p3170
2025-12-30T12:05:00Z,cab-a01,A,pdu-a,feed_total,8.677,normalized-power,good,p3171
2025-12-30T12:05:00Z,cab-a01,B,pdu-b,feed_total,7.536,normalized-power,good,p3172
2025-12-30T12:10:00Z,cab-a01,A,pdu-a,feed_total,8.691,normalized-power,good,p3173
2025-12-30T12:10:00Z,cab-a01,B,pdu-b,feed_total,7.535,normalized-power,good,p3174
2025-12-30T12:15:00Z,cab-a01,A,pdu-a,feed_total,8.704,normalized-power,good,p3175
2025-12-30T12:15:00Z,cab-a01,B,pdu-b,feed_total,7.534,normalized-power,good,p3176
2025-12-30T12:20:00Z,cab-a01,A,pdu-a,feed_total,8.716,normalized-power,good,p3177
2025-12-30T12:20:00Z,cab-a01,B,pdu-b,feed_total,7.533,normalized-power,good,p3178
2025-12-30T12:25:00Z,cab-a01,A,pdu-a,feed_total,8.727,normalized-power,good,p3179
2025-12-30T12:25:00Z,cab-a01,B,pdu-b,feed_total,7.532,normalized-power,good,p3180
2025-12-30T12:30:00Z,cab-a01,A,pdu-a,feed_total,8.737,normalized-power,good,p3181
2025-12-30T12:30:00Z,cab-a01,B,pdu-b,feed_total,7.53,normalized-power,good,p3182
2025-12-30T12:35:00Z,cab-a01,A,pdu-a,feed_total,8.746,normalized-power,good,p3183
2025-12-30T12:35:00Z,cab-a01,B,pdu-b,feed_total,7.528,normalized-power,good,p3184
2025-12-30T12:40:00Z,cab-a01,A,pdu-a,feed_total,8.753,normalized-power,good,p3185
2025-12-30T12:40:00Z,cab-a01,B,pdu-b,feed_total,7.525,normalized-power,good,p3186
2025-12-30T12:45:00Z,cab-a01,A,pdu-a,feed_total,8.759,normalized-power,good,p3187
2025-12-30T12:45:00Z,cab-a01,B,pdu-b,feed_total,7.521,normalized-power,good,p3188
2025-12-30T12:50:00Z,cab-a01,A,pdu-a,feed_total,8.763,normalized-power,good,p3189
2025-12-30T12:50:00Z,cab-a01,B,pdu-b,feed_total,7.517,normalized-power,good,p3190
2025-12-30T12:55:00Z,cab-a01,A,pdu-a,feed_total,8.766,normalized-power,good,p3191
2025-12-30T12:55:00Z,cab-a01,B,pdu-b,feed_total,7.511,normalized-power,good,p3192
2025-12-30T13:00:00Z,cab-a01,A,pdu-a,feed_total,8.766,normalized-power,good,p3193
2025-12-30T13:00:00Z,cab-a01,B,pdu-b,feed_total,7.505,normalized-power,good,p3194
2025-12-30T13:05:00Z,cab-a01,A,pdu-a,feed_total,8.764,normalized-power,good,p3195
2025-12-30T13:05:00Z,cab-a01,B,pdu-b,feed_total,7.497,normalized-power,good,p3196
2025-12-30T13:10:00Z,cab-a01,A,pdu-a,feed_total,8.761,normalized-power,good,p3197
2025-12-30T13:10:00Z,cab-a01,B,pdu-b,feed_total,7.488,normalized-power,good,p3198
2025-12-30T13:15:00Z,cab-a01,A,pdu-a,feed_total,8.755,normalized-power,good,p3199
2025-12-30T13:15:00Z,cab-a01,B,pdu-b,feed_total,7.478,normalized-power,good,p3200
2025-12-30T13:20:00Z,cab-a01,A,pdu-a,feed_total,8.748,normalized-power,good,p3201
2025-12-30T13:20:00Z,cab-a01,B,pdu-b,feed_total,7.466,normalized-power,good,p3202
2025-12-30T13:25:00Z,cab-a01,A,pdu-a,feed_total,8.737,normalized-power,good,p3203
2025-12-30T13:25:00Z,cab-a01,B,pdu-b,feed_total,7.454,normalized-power,good,p3204
2025-12-30T13:30:00Z,cab-a01,A,pdu-a,feed_total,8.724,normalized-power,good,p3205
2025-12-30T13:30:00Z,cab-a01,B,pdu-b,feed_total,7.44,normalized-power,good,p3206
2025-12-30T13:35:00Z,cab-a01,A,pdu-a,feed_total,8.71,normalized-power,good,p3207
2025-12-30T13:35:00Z,cab-a01,B,pdu-b,feed_total,7.424,normalized-power,good,p3208
2025-12-30T13:40:00Z,cab-a01,A,pdu-a,feed_total,8.693,normalized-power,good,p3209
2025-12-30T13:40:00Z,cab-a01,B,pdu-b,feed_total,7.408,normalized-power,good,p3210
2025-12-30T13:45:00Z,cab-a01,A,pdu-a,feed_total,8.674,normalized-power,good,p3211
2025-12-30T13:45:00Z,cab-a01,B,pdu-b,feed_total,7.39,normalized-power,good,p3212
2025-12-30T13:50:00Z,cab-a01,A,pdu-a,feed_total,8.652,normalized-power,good,p3213
2025-12-30T13:50:00Z,cab-a01,B,pdu-b,feed_total,7.371,normalized-power,good,p3214
2025-12-30T13:55:00Z,cab-a01,A,pdu-a,feed_total,8.629,normalized-power,good,p3215
2025-12-30T13:55:00Z,cab-a01,B,pdu-b,feed_total,7.351,normalized-power,good,p3216
2025-12-30T14:00:00Z,cab-a01,A,pdu-a,feed_total,8.604,normalized-power,good,p3217
2025-12-30T14:00:00Z,cab-a01,B,pdu-b,feed_total,7.329,normalized-power,good,p3218
2025-12-30T14:05:00Z,cab-a01,A,pdu-a,feed_total,8.576,normalized-power,good,p3219
2025-12-30T14:05:00Z,cab-a01,B,pdu-b,feed_total,7.307,normalized-power,good,p3220
2025-12-30T14:10:00Z,cab-a01,A,pdu-a,feed_total,8.547,normalized-power,good,p3221
2025-12-30T14:10:00Z,cab-a01,B,pdu-b,feed_total,7.284,normalized-power,good,p3222
2025-12-30T14:15:00Z,cab-a01,A,pdu-a,feed_total,8.516,normalized-power,good,p3223
2025-12-30T14:15:00Z,cab-a01,B,pdu-b,feed_total,7.26,normalized-power,good,p3224
2025-12-30T14:20:00Z,cab-a01,A,pdu-a,feed_total,8.484,normalized-power,good,p3225
2025-12-30T14:20:00Z,cab-a01,B,pdu-b,feed_total,7.234,normalized-power,good,p3226
2025-12-30T14:25:00Z,cab-a01,A,pdu-a,feed_total,8.45,normalized-power,good,p3227
2025-12-30T14:25:00Z,cab-a01,B,pdu-b,feed_total,7.209,normalized-power,good,p3228
2025-12-30T14:30:00Z,cab-a01,A,pdu-a,feed_total,8.415,normalized-power,good,p3229
2025-12-30T14:30:00Z,cab-a01,B,pdu-b,feed_total,7.183,normalized-power,good,p3230
2025-12-30T14:35:00Z,cab-a01,A,pdu-a,feed_total,8.378,normalized-power,good,p3231
2025-12-30T14:35:00Z,cab-a01,B,pdu-b,feed_total,7.157,normalized-power,good,p3232
2025-12-30T14:40:00Z,cab-a01,A,pdu-a,feed_total,8.341,normalized-power,good,p3233
2025-12-30T14:40:00Z,cab-a01,B,pdu-b,feed_total,7.13,normalized-power,good,p3234
2025-12-30T14:45:00Z,cab-a01,A,pdu-a,feed_total,8.303,normalized-power,good,p3235
2025-12-30T14:45:00Z,cab-a01,B,pdu-b,feed_total,7.103,normalized-power,good,p3236
2025-12-30T14:50:00Z,cab-a01,A,pdu-a,feed_total,8.265,normalized-power,good,p3237
2025-12-30T14:50:00Z,cab-a01,B,pdu-b,feed_total,7.076,normalized-power,good,p3238
2025-12-30T14:55:00Z,cab-a01,A,pdu-a,feed_total,8.226,normalized-power,good,p3239
2025-12-30T14:55:00Z,cab-a01,B,pdu-b,feed_total,7.049,normalized-power,good,p3240
2025-12-30T15:00:00Z,cab-a01,A,pdu-a,feed_total,8.187,normalized-power,good,p3241
2025-12-30T15:00:00Z,cab-a01,B,pdu-b,feed_total,7.023,normalized-power,good,p3242
2025-12-30T15:05:00Z,cab-a01,A,pdu-a,feed_total,8.148,normalized-power,good,p3243
2025-12-30T15:05:00Z,cab-a01,B,pdu-b,feed_total,6.997,normalized-power,good,p3244
2025-12-30T15:10:00Z,cab-a01,A,pdu-a,feed_total,8.109,normalized-power,good,p3245
2025-12-30T15:10:00Z,cab-a01,B,pdu-b,feed_total,6.972,normalized-power,good,p3246
2025-12-30T15:15:00Z,cab-a01,A,pdu-a,feed_total,8.07,normalized-power,good,p3247
2025-12-30T15:15:00Z,cab-a01,B,pdu-b,feed_total,6.948,normalized-power,good,p3248
2025-12-30T15:20:00Z,cab-a01,A,pdu-a,feed_total,8.033,normalized-power,good,p3249
2025-12-30T15:20:00Z,cab-a01,B,pdu-b,feed_total,6.924,normalized-power,good,p3250
2025-12-30T15:25:00Z,cab-a01,A,pdu-a,feed_total,7.995,normalized-power,good,p3251
2025-12-30T15:25:00Z,cab-a01,B,pdu-b,feed_total,6.902,normalized-power,good,p3252
2025-12-30T15:30:00Z,cab-a01,A,pdu-a,feed_total,7.959,normalized-power,good,p3253
2025-12-30T15:30:00Z,cab-a01,B,pdu-b,feed_total,6.88,normalized-power,good,p3254
2025-12-30T15:35:00Z,cab-a01,A,pdu-a,feed_total,7.923,normalized-power,good,p3255
2025-12-30T15:35:00Z,cab-a01,B,pdu-b,feed_total,6.861,normalized-power,good,p3256
2025-12-30T15:40:00Z,cab-a01,A,pdu-a,feed_total,7.89,normalized-power,good,p3257
2025-12-30T15:40:00Z,cab-a01,B,pdu-b,feed_total,6.842,normalized-power,good,p3258
2025-12-30T15:45:00Z,cab-a01,A,pdu-a,feed_total,7.857,normalized-power,good,p3259
2025-12-30T15:45:00Z,cab-a01,B,pdu-b,feed_total,6.825,normalized-power,good,p3260
2025-12-30T15:50:00Z,cab-a01,A,pdu-a,feed_total,7.826,normalized-power,good,p3261
2025-12-30T15:50:00Z,cab-a01,B,pdu-b,feed_total,6.81,normalized-power,good,p3262
2025-12-30T15:55:00Z,cab-a01,A,pdu-a,feed_total,7.797,normalized-power,good,p3263
2025-12-30T15:55:00Z,cab-a01,B,pdu-b,feed_total,6.797,normalized-power,good,p3264
2025-12-30T16:00:00Z,cab-a01,A,pdu-a,feed_total,7.77,normalized-power,good,p3265
2025-12-30T16:00:00Z,cab-a01,B,pdu-b,feed_total,6.785,normalized-power,good,p3266
2025-12-30T16:05:00Z,cab-a01,A,pdu-a,feed_total,7.743,normalized-power,good,p3267
2025-12-30T16:05:00Z,cab-a01,B,pdu-b,feed_total,6.776,normalized-power,good,p3268
2025-12-30T16:10:00Z,cab-a01,A,pdu-a,feed_total,7.72,normalized-power,good,p3269
2025-12-30T16:10:00Z,cab-a01,B,pdu-b,feed_total,6.768,normalized-power,good,p3270
2025-12-30T16:15:00Z,cab-a01,A,pdu-a,feed_total,7.698,normalized-power,good,p3271
2025-12-30T16:15:00Z,cab-a01,B,pdu-b,feed_total,6.763,normalized-power,good,p3272
2025-12-30T16:20:00Z,cab-a01,A,pdu-a,feed_total,7.679,normalized-power,good,p3273
2025-12-30T16:20:00Z,cab-a01,B,pdu-b,feed_total,6.76,normalized-power,good,p3274
2025-12-30T16:25:00Z,cab-a01,A,pdu-a,feed_total,7.661,normalized-power,good,p3275
2025-12-30T16:25:00Z,cab-a01,B,pdu-b,feed_total,6.759,normalized-power,good,p3276
2025-12-30T16:30:00Z,cab-a01,A,pdu-a,feed_total,7.647,normalized-power,good,p3277
2025-12-30T16:30:00Z,cab-a01,B,pdu-b,feed_total,6.76,normalized-power,good,p3278
2025-12-30T16:35:00Z,cab-a01,A,pdu-a,feed_total,7.634,normalized-power,good,p3279
2025-12-30T16:35:00Z,cab-a01,B,pdu-b,feed_total,6.763,normalized-power,good,p3280
2025-12-30T16:40:00Z,cab-a01,A,pdu-a,feed_total,7.623,normalized-power,good,p3281
2025-12-30T16:40:00Z,cab-a01,B,pdu-b,feed_total,6.769,normalized-power,good,p3282
2025-12-30T16:45:00Z,cab-a01,A,pdu-a,feed_total,7.614,normalized-power,good,p3283
2025-12-30T16:45:00Z,cab-a01,B,pdu-b,feed_total,6.777,normalized-power,good,p3284
2025-12-30T16:50:00Z,cab-a01,A,pdu-a,feed_total,7.608,normalized-power,good,p3285
2025-12-30T16:50:00Z,cab-a01,B,pdu-b,feed_total,6.787,normalized-power,good,p3286
2025-12-30T16:55:00Z,cab-a01,A,pdu-a,feed_total,7.604,normalized-power,good,p3287
2025-12-30T16:55:00Z,cab-a01,B,pdu-b,feed_total,6.799,normalized-power,good,p3288
2025-12-30T17:00:00Z,cab-a01,A,pdu-a,feed_total,7.601,normalized-power,good,p3289
2025-12-30T17:00:00Z,cab-a01,B,pdu-b,feed_total,6.814,normalized-power,good,p3290
2025-12-30T17:05:00Z,cab-a01,A,pdu-a,feed_total,7.601,normalized-power,good,p3291
2025-12-30T17:05:00Z,cab-a01,B,pdu-b,feed_total,6.83,normalized-power,good,p3292
2025-12-30T17:10:00Z,cab-a01,A,pdu-a,feed_total,7.602,normalized-power,good,p3293
2025-12-30T17:10:00Z,cab-a01,B,pdu-b,feed_total,6.848,normalized-power,good,p3294
2025-12-30T17:15:00Z,cab-a01,A,pdu-a,feed_total,7.605,normalized-power,good,p3295
2025-12-30T17:15:00Z,cab-a01,B,pdu-b,feed_total,6.868,normalized-power,good,p3296
2025-12-30T17:20:00Z,cab-a01,A,pdu-a,feed_total,7.611,normalized-power,good,p3297
2025-12-30T17:20:00Z,cab-a01,B,pdu-b,feed_total,6.889,normalized-power,good,p3298
2025-12-30T17:25:00Z,cab-a01,A,pdu-a,feed_total,7.617,normalized-power,good,p3299
2025-12-30T17:25:00Z,cab-a01,B,pdu-b,feed_total,6.913,normalized-power,good,p3300
2025-12-30T17:30:00Z,cab-a01,A,pdu-a,feed_total,7.625,normalized-power,good,p3301
2025-12-30T17:30:00Z,cab-a01,B,pdu-b,feed_total,6.937,normalized-power,good,p3302
2025-12-30T17:35:00Z,cab-a01,A,pdu-a,feed_total,7.634,normalized-power,good,p3303
2025-12-30T17:35:00Z,cab-a01,B,pdu-b,feed_total,6.963,normalized-power,good,p3304
2025-12-30T17:40:00Z,cab-a01,A,pdu-a,feed_total,7.644,normalized-power,good,p3305
2025-12-30T17:40:00Z,cab-a01,B,pdu-b,feed_total,6.99,normalized-power,good,p3306
2025-12-30T17:45:00Z,cab-a01,A,pdu-a,feed_total,7.655,normalized-power,good,p3307
2025-12-30T17:45:00Z,cab-a01,B,pdu-b,feed_total,7.019,normalized-power,good,p3308
2025-12-30T17:50:00Z,cab-a01,A,pdu-a,feed_total,7.667,normalized-power,good,p3309
2025-12-30T17:50:00Z,cab-a01,B,pdu-b,feed_total,7.048,normalized-power,good,p3310
2025-12-30T17:55:00Z,cab-a01,A,pdu-a,feed_total,7.68,normalized-power,good,p3311
2025-12-30T17:55:00Z,cab-a01,B,pdu-b,feed_total,7.077,normalized-power,good,p3312
2025-12-30T18:00:00Z,cab-a01,A,pdu-a,feed_total,7.692,normalized-power,good,p3313
2025-12-30T18:00:00Z,cab-a01,B,pdu-b,feed_total,7.108,normalized-power,good,p3314
2025-12-30T18:05:00Z,cab-a01,A,pdu-a,feed_total,7.706,normalized-power,good,p3315
2025-12-30T18:05:00Z,cab-a01,B,pdu-b,feed_total,7.138,normalized-power,good,p3316
2025-12-30T18:10:00Z,cab-a01,A,pdu-a,feed_total,7.719,normalized-power,good,p3317
2025-12-30T18:10:00Z,cab-a01,B,pdu-b,feed_total,7.169,normalized-power,good,p3318
2025-12-30T18:15:00Z,cab-a01,A,pdu-a,feed_total,7.732,normalized-power,good,p3319
2025-12-30T18:15:00Z,cab-a01,B,pdu-b,feed_total,7.2,normalized-power,good,p3320
2025-12-30T18:20:00Z,cab-a01,A,pdu-a,feed_total,7.745,normalized-power,good,p3321
2025-12-30T18:20:00Z,cab-a01,B,pdu-b,feed_total,7.231,normalized-power,good,p3322
2025-12-30T18:25:00Z,cab-a01,A,pdu-a,feed_total,7.759,normalized-power,good,p3323
2025-12-30T18:25:00Z,cab-a01,B,pdu-b,feed_total,7.261,normalized-power,good,p3324
2025-12-30T18:30:00Z,cab-a01,A,pdu-a,feed_total,7.771,normalized-power,good,p3325
2025-12-30T18:30:00Z,cab-a01,B,pdu-b,feed_total,7.291,normalized-power,good,p3326
2025-12-30T18:35:00Z,cab-a01,A,pdu-a,feed_total,7.782,normalized-power,good,p3327
2025-12-30T18:35:00Z,cab-a01,B,pdu-b,feed_total,7.321,normalized-power,good,p3328
2025-12-30T18:40:00Z,cab-a01,A,pdu-a,feed_total,7.793,normalized-power,good,p3329
2025-12-30T18:40:00Z,cab-a01,B,pdu-b,feed_total,7.35,normalized-power,good,p3330
2025-12-30T18:45:00Z,cab-a01,A,pdu-a,feed_total,7.803,normalized-power,good,p3331
2025-12-30T18:45:00Z,cab-a01,B,pdu-b,feed_total,7.377,normalized-power,good,p3332
2025-12-30T18:50:00Z,cab-a01,A,pdu-a,feed_total,7.812,normalized-power,good,p3333
2025-12-30T18:50:00Z,cab-a01,B,pdu-b,feed_total,7.404,normalized-power,good,p3334
2025-12-30T18:55:00Z,cab-a01,A,pdu-a,feed_total,7.821,normalized-power,good,p3335
2025-12-30T18:55:00Z,cab-a01,B,pdu-b,feed_total,7.429,normalized-power,good,p3336
2025-12-30T19:00:00Z,cab-a01,A,pdu-a,feed_total,7.827,normalized-power,good,p3337
2025-12-30T19:00:00Z,cab-a01,B,pdu-b,feed_total,7.454,normalized-power,good,p3338
2025-12-30T19:05:00Z,cab-a01,A,pdu-a,feed_total,7.833,normalized-power,good,p3339
2025-12-30T19:05:00Z,cab-a01,B,pdu-b,feed_total,7.476,normalized-power,good,p3340
2025-12-30T19:10:00Z,cab-a01,A,pdu-a,feed_total,7.837,normalized-power,good,p3341
2025-12-30T19:10:00Z,cab-a01,B,pdu-b,feed_total,7.498,normalized-power,good,p3342
2025-12-30T19:15:00Z,cab-a01,A,pdu-a,feed_total,7.839,normalized-power,good,p3343
2025-12-30T19:15:00Z,cab-a01,B,pdu-b,feed_total,7.518,normalized-power,good,p3344
2025-12-30T19:20:00Z,cab-a01,A,pdu-a,feed_total,7.841,normalized-power,good,p3345
2025-12-30T19:20:00Z,cab-a01,B,pdu-b,feed_total,7.536,normalized-power,good,p3346
2025-12-30T19:25:00Z,cab-a01,A,pdu-a,feed_total,7.841,normalized-power,good,p3347
2025-12-30T19:25:00Z,cab-a01,B,pdu-b,feed_total,7.552,normalized-power,good,p3348
2025-12-30T19:30:00Z,cab-a01,A,pdu-a,feed_total,7.839,normalized-power,good,p3349
2025-12-30T19:30:00Z,cab-a01,B,pdu-b,feed_total,7.568,normalized-power,good,p3350
2025-12-30T19:35:00Z,cab-a01,A,pdu-a,feed_total,7.836,normalized-power,good,p3351
2025-12-30T19:35:00Z,cab-a01,B,pdu-b,feed_total,7.581,normalized-power,good,p3352
2025-12-30T19:40:00Z,cab-a01,A,pdu-a,feed_total,7.832,normalized-power,good,p3353
2025-12-30T19:40:00Z,cab-a01,B,pdu-b,feed_total,7.592,normalized-power,good,p3354
2025-12-30T19:45:00Z,cab-a01,A,pdu-a,feed_total,7.826,normalized-power,good,p3355
2025-12-30T19:45:00Z,cab-a01,B,pdu-b,feed_total,7.601,normalized-power,good,p3356
2025-12-30T19:50:00Z,cab-a01,A,pdu-a,feed_total,7.819,normalized-power,good,p3357
2025-12-30T19:50:00Z,cab-a01,B,pdu-b,feed_total,7.609,normalized-power,good,p3358
2025-12-30T19:55:00Z,cab-a01,A,pdu-a,feed_total,7.81,normalized-power,good,p3359
2025-12-30T19:55:00Z,cab-a01,B,pdu-b,feed_total,7.616,normalized-power,good,p3360
2025-12-30T20:00:00Z,cab-a01,A,pdu-a,feed_total,7.801,normalized-power,good,p3361
2025-12-30T20:00:00Z,cab-a01,B,pdu-b,feed_total,7.62,normalized-power,good,p3362
2025-12-30T20:05:00Z,cab-a01,A,pdu-a,feed_total,7.79,normalized-power,good,p3363
2025-12-30T20:05:00Z,cab-a01,B,pdu-b,feed_total,7.623,normalized-power,good,p3364
2025-12-30T20:10:00Z,cab-a01,A,pdu-a,feed_total,7.777,normalized-power,good,p3365
2025-12-30T20:10:00Z,cab-a01,B,pdu-b,feed_total,7.625,normalized-power,good,p3366
2025-12-30T20:15:00Z,cab-a01,A,pdu-a,feed_total,7.764,normalized-power,good,p3367
2025-12-30T20:15:00Z,cab-a01,B,pdu-b,feed_total,7.625,normalized-power,good,p3368
2025-12-30T20:20:00Z,cab-a01,A,pdu-a,feed_total,7.751,normalized-power,good,p3369
2025-12-30T20:20:00Z,cab-a01,B,pdu-b,feed_total,7.624,normalized-power,good,p3370
2025-12-30T20:25:00Z,cab-a01,A,pdu-a,feed_total,7.737,normalized-power,good,p3371
2025-12-30T20:25:00Z,cab-a01,B,pdu-b,feed_total,7.621,normalized-power,good,p3372
2025-12-30T20:30:00Z,cab-a01,A,pdu-a,feed_total,7.721,normalized-power,good,p3373
2025-12-30T20:30:00Z,cab-a01,B,pdu-b,feed_total,7.618,normalized-power,good,p3374
2025-12-30T20:35:00Z,cab-a01,A,pdu-a,feed_total,7.706,normalized-power,good,p3375
2025-12-30T20:35:00Z,cab-a01,B,pdu-b,feed_total,7.613,normalized-power,good,p3376
2025-12-30T20:40:00Z,cab-a01,A,pdu-a,feed_total,7.691,normalized-power,good,p3377
2025-12-30T20:40:00Z,cab-a01,B,pdu-b,feed_total,7.608,normalized-power,good,p3378
2025-12-30T20:45:00Z,cab-a01,A,pdu-a,feed_total,7.675,normalized-power,good,p3379
2025-12-30T20:45:00Z,cab-a01,B,pdu-b,feed_total,7.602,normalized-power,good,p3380
2025-12-30T20:50:00Z,cab-a01,A,pdu-a,feed_total,7.659,normalized-power,good,p3381
2025-12-30T20:50:00Z,cab-a01,B,pdu-b,feed_total,7.596,normalized-power,good,p3382
2025-12-30T20:55:00Z,cab-a01,A,pdu-a,feed_total,7.644,normalized-power,good,p3383
2025-12-30T20:55:00Z,cab-a01,B,pdu-b,feed_total,7.588,normalized-power,good,p3384
2025-12-30T21:00:00Z,cab-a01,A,pdu-a,feed_total,7.629,normalized-power,good,p3385
2025-12-30T21:00:00Z,cab-a01,B,pdu-b,feed_total,7.581,normalized-power,good,p3386
2025-12-30T21:05:00Z,cab-a01,A,pdu-a,feed_total,7.614,normalized-power,good,p3387
2025-12-30T21:05:00Z,cab-a01,B,pdu-b,feed_total,7.574,normalized-power,good,p3388
2025-12-30T21:10:00Z,cab-a01,A,pdu-a,feed_total,7.6,normalized-power,good,p3389
2025-12-30T21:10:00Z,cab-a01,B,pdu-b,feed_total,7.567,normalized-power,good,p3390
2025-12-30T21:15:00Z,cab-a01,A,pdu-a,feed_total,7.588,normalized-power,good,p3391
2025-12-30T21:15:00Z,cab-a01,B,pdu-b,feed_total,7.56,normalized-power,good,p3392
2025-12-30T21:20:00Z,cab-a01,A,pdu-a,feed_total,7.575,normalized-power,good,p3393
2025-12-30T21:20:00Z,cab-a01,B,pdu-b,feed_total,7.554,normalized-power,good,p3394
2025-12-30T21:25:00Z,cab-a01,A,pdu-a,feed_total,7.564,normalized-power,good,p3395
2025-12-30T21:25:00Z,cab-a01,B,pdu-b,feed_total,7.548,normalized-power,good,p3396
2025-12-30T21:30:00Z,cab-a01,A,pdu-a,feed_total,7.555,normalized-power,good,p3397
2025-12-30T21:30:00Z,cab-a01,B,pdu-b,feed_total,7.543,normalized-power,good,p3398
2025-12-30T21:35:00Z,cab-a01,A,pdu-a,feed_total,7.547,normalized-power,good,p3399
2025-12-30T21:35:00Z,cab-a01,B,pdu-b,feed_total,7.538,normalized-power,good,p3400
2025-12-30T21:40:00Z,cab-a01,A,pdu-a,feed_total,7.541,normalized-power,good,p3401
2025-12-30T21:40:00Z,cab-a01,B,pdu-b,feed_total,7.535,normalized-power,good,p3402
2025-12-30T21:45:00Z,cab-a01,A,pdu-a,feed_total,7.536,normalized-power,good,p3403
2025-12-30T21:45:00Z,cab-a01,B,pdu-b,feed_total,7.533,normalized-power,good,p3404
2025-12-30T21:50:00Z,cab-a01,A,pdu-a,feed_total,7.533,normalized-power,good,p3405
2025-12-30T21:50:00Z,cab-a01,B,pdu-b,feed_total,7.532,normalized-power,good,p3406
2025-12-30T21:55:00Z,cab-a01,A,pdu-a,feed_total,7.532,normalized-power,good,p3407
2025-12-30T21:55:00Z,cab-a01,B,pdu-b,feed_total,7.532,normalized-power,good,p3408
2025-12-30T22:00:00Z,cab-a01,A,pdu-a,feed_total,7.534,normalized-power,good,p3409
2025-12-30T22:00:00Z,cab-a01,B,pdu-b,feed_total,7.533,normalized-power,good,p3410
2025-12-30T22:05:00Z,cab-a01,A,pdu-a,feed_total,7.537,normalized-power,good,p3411
2025-12-30T22:05:00Z,cab-a01,B,pdu-b,feed_total,7.536,normalized-power,good,p3412
2025-12-30T22:10:00Z,cab-a01,A,pdu-a,feed_total,7.542,normalized-power,good,p3413
2025-12-30T22:10:00Z,cab-a01,B,pdu-b,feed_total,7.542,normalized-power,good,p3414
2025-12-30T22:15:00Z,cab-a01,A,pdu-a,feed_total,7.55,normalized-power,good,p3415
2025-12-30T22:15:00Z,cab-a01,B,pdu-b,feed_total,7.548,normalized-power,good,p3416
2025-12-30T22:20:00Z,cab-a01,A,pdu-a,feed_total,7.56,normalized-power,good,p3417
2025-12-30T22:20:00Z,cab-a01,B,pdu-b,feed_total,7.556,normalized-power,good,p3418
2025-12-30T22:25:00Z,cab-a01,A,pdu-a,feed_total,7.572,normalized-power,good,p3419
2025-12-30T22:25:00Z,cab-a01,B,pdu-b,feed_total,7.566,normalized-power,good,p3420
2025-12-30T22:30:00Z,cab-a01,A,pdu-a,feed_total,7.587,normalized-power,good,p3421
2025-12-30T22:30:00Z,cab-a01,B,pdu-b,feed_total,7.577,normalized-power,good,p3422
2025-12-30T22:35:00Z,cab-a01,A,pdu-a,feed_total,7.604,normalized-power,good,p3423
2025-12-30T22:35:00Z,cab-a01,B,pdu-b,feed_total,7.59,normalized-power,good,p3424
2025-12-30T22:40:00Z,cab-a01,A,pdu-a,feed_total,7.624,normalized-power,good,p3425
2025-12-30T22:40:00Z,cab-a01,B,pdu-b,feed_total,7.605,normalized-power,good,p3426
2025-12-30T22:45:00Z,cab-a01,A,pdu-a,feed_total,7.645,normalized-power,good,p3427
2025-12-30T22:45:00Z,cab-a01,B,pdu-b,feed_total,7.622,normalized-power,good,p3428
2025-12-30T22:50:00Z,cab-a01,A,pdu-a,feed_total,7.669,normalized-power,good,p3429
2025-12-30T22:50:00Z,cab-a01,B,pdu-b,feed_total,7.64,normalized-power,good,p3430
2025-12-30T22:55:00Z,cab-a01,A,pdu-a,feed_total,7.696,normalized-power,good,p3431
2025-12-30T22:55:00Z,cab-a01,B,pdu-b,feed_total,7.659,normalized-power,good,p3432
2025-12-30T23:00:00Z,cab-a01,A,pdu-a,feed_total,7.724,normalized-power,good,p3433
2025-12-30T23:00:00Z,cab-a01,B,pdu-b,feed_total,7.681,normalized-power,good,p3434
2025-12-30T23:05:00Z,cab-a01,A,pdu-a,feed_total,7.755,normalized-power,good,p3435
2025-12-30T23:05:00Z,cab-a01,B,pdu-b,feed_total,7.703,normalized-power,good,p3436
2025-12-30T23:10:00Z,cab-a01,A,pdu-a,feed_total,7.787,normalized-power,good,p3437
2025-12-30T23:10:00Z,cab-a01,B,pdu-b,feed_total,7.727,normalized-power,good,p3438
2025-12-30T23:15:00Z,cab-a01,A,pdu-a,feed_total,7.821,normalized-power,good,p3439
2025-12-30T23:15:00Z,cab-a01,B,pdu-b,feed_total,7.752,normalized-power,good,p3440
2025-12-30T23:20:00Z,cab-a01,A,pdu-a,feed_total,7.857,normalized-power,good,p3441
2025-12-30T23:20:00Z,cab-a01,B,pdu-b,feed_total,7.778,normalized-power,good,p3442
2025-12-30T23:25:00Z,cab-a01,A,pdu-a,feed_total,7.894,normalized-power,good,p3443
2025-12-30T23:25:00Z,cab-a01,B,pdu-b,feed_total,7.806,normalized-power,good,p3444
2025-12-30T23:30:00Z,cab-a01,A,pdu-a,feed_total,7.933,normalized-power,good,p3445
2025-12-30T23:30:00Z,cab-a01,B,pdu-b,feed_total,7.834,normalized-power,good,p3446
2025-12-30T23:35:00Z,cab-a01,A,pdu-a,feed_total,7.974,normalized-power,good,p3447
2025-12-30T23:35:00Z,cab-a01,B,pdu-b,feed_total,7.862,normalized-power,good,p3448
2025-12-30T23:40:00Z,cab-a01,A,pdu-a,feed_total,9.527,normalized-power,good,p3449
2025-12-30T23:40:00Z,cab-a01,B,pdu-b,feed_total,9.38,normalized-power,good,p3450
2025-12-30T23:45:00Z,cab-a01,A,pdu-a,feed_total,9.571,normalized-power,good,p3451
2025-12-30T23:45:00Z,cab-a01,B,pdu-b,feed_total,9.408,normalized-power,good,p3452
2025-12-30T23:50:00Z,cab-a01,A,pdu-a,feed_total,9.615,normalized-power,good,p3453
2025-12-30T23:50:00Z,cab-a01,B,pdu-b,feed_total,9.437,normalized-power,good,p3454
2025-12-30T23:55:00Z,cab-a01,A,pdu-a,feed_total,8.146,normalized-power,good,p3455
2025-12-30T23:55:00Z,cab-a01,B,pdu-b,feed_total,7.98,normalized-power,good,p3456
2025-12-31T00:00:00Z,cab-a01,A,pdu-a,feed_total,8.19,normalized-power,good,p3457
2025-12-31T00:00:00Z,cab-a01,B,pdu-b,feed_total,8.01,normalized-power,good,p3458
2025-12-31T00:05:00Z,cab-a01,A,pdu-a,feed_total,8.235,normalized-power,good,p3459
2025-12-31T00:05:00Z,cab-a01,B,pdu-b,feed_total,8.039,normalized-power,good,p3460
2025-12-31T00:10:00Z,cab-a01,A,pdu-a,feed_total,8.28,normalized-power,good,p3461
2025-12-31T00:10:00Z,cab-a01,B,pdu-b,feed_total,8.068,normalized-power,good,p3462
2025-12-31T00:15:00Z,cab-a01,A,pdu-a,feed_total,8.325,normalized-power,good,p3463
2025-12-31T00:15:00Z,cab-a01,B,pdu-b,feed_total,8.096,normalized-power,good,p3464
2025-12-31T00:20:00Z,cab-a01,A,pdu-a,feed_total,8.37,normalized-power,good,p3465
2025-12-31T00:20:00Z,cab-a01,B,pdu-b,feed_total,8.123,normalized-power,good,p3466
2025-12-31T00:25:00Z,cab-a01,A,pdu-a,feed_total,8.414,normalized-power,good,p3467
2025-12-31T00:25:00Z,cab-a01,B,pdu-b,feed_total,8.15,normalized-power,good,p3468
2025-12-31T00:30:00Z,cab-a01,A,pdu-a,feed_total,8.458,normalized-power,good,p3469
2025-12-31T00:30:00Z,cab-a01,B,pdu-b,feed_total,8.175,normalized-power,good,p3470
2025-12-31T00:35:00Z,cab-a01,A,pdu-a,feed_total,8.501,normalized-power,good,p3471
2025-12-31T00:35:00Z,cab-a01,B,pdu-b,feed_total,8.199,normalized-power,good,p3472
2025-12-31T00:40:00Z,cab-a01,A,pdu-a,feed_total,8.543,normalized-power,good,p3473
2025-12-31T00:40:00Z,cab-a01,B,pdu-b,feed_total,8.222,normalized-power,good,p3474
2025-12-31T00:45:00Z,cab-a01,A,pdu-a,feed_total,8.584,normalized-power,good,p3475
2025-12-31T00:45:00Z,cab-a01,B,pdu-b,feed_total,8.243,normalized-power,good,p3476
2025-12-31T00:50:00Z,cab-a01,A,pdu-a,feed_total,8.624,normalized-power,good,p3477
2025-12-31T00:50:00Z,cab-a01,B,pdu-b,feed_total,8.262,normalized-power,good,p3478
2025-12-31T00:55:00Z,cab-a01,A,pdu-a,feed_total,8.662,normalized-power,good,p3479
2025-12-31T00:55:00Z,cab-a01,B,pdu-b,feed_total,8.28,normalized-power,good,p3480
2025-12-31T01:00:00Z,cab-a01,A,pdu-a,feed_total,8.699,normalized-power,good,p3481
2025-12-31T01:00:00Z,cab-a01,B,pdu-b,feed_total,8.296,normalized-power,good,p3482
2025-12-31T01:05:00Z,cab-a01,A,pdu-a,feed_total,8.735,normalized-power,good,p3483
2025-12-31T01:05:00Z,cab-a01,B,pdu-b,feed_total,8.31,normalized-power,good,p3484
2025-12-31T01:10:00Z,cab-a01,A,pdu-a,feed_total,8.768,normalized-power,good,p3485
2025-12-31T01:10:00Z,cab-a01,B,pdu-b,feed_total,8.323,normalized-power,good,p3486
2025-12-31T01:15:00Z,cab-a01,A,pdu-a,feed_total,8.8,normalized-power,good,p3487
2025-12-31T01:15:00Z,cab-a01,B,pdu-b,feed_total,8.333,normalized-power,good,p3488
2025-12-31T01:20:00Z,cab-a01,A,pdu-a,feed_total,8.831,normalized-power,good,p3489
2025-12-31T01:20:00Z,cab-a01,B,pdu-b,feed_total,8.34,normalized-power,good,p3490
2025-12-31T01:25:00Z,cab-a01,A,pdu-a,feed_total,8.859,normalized-power,good,p3491
2025-12-31T01:25:00Z,cab-a01,B,pdu-b,feed_total,8.347,normalized-power,good,p3492
2025-12-31T01:30:00Z,cab-a01,A,pdu-a,feed_total,8.885,normalized-power,good,p3493
2025-12-31T01:30:00Z,cab-a01,B,pdu-b,feed_total,8.351,normalized-power,good,p3494
2025-12-31T01:35:00Z,cab-a01,A,pdu-a,feed_total,8.91,normalized-power,good,p3495
2025-12-31T01:35:00Z,cab-a01,B,pdu-b,feed_total,8.352,normalized-power,good,p3496
2025-12-31T01:40:00Z,cab-a01,A,pdu-a,feed_total,8.932,normalized-power,good,p3497
2025-12-31T01:40:00Z,cab-a01,B,pdu-b,feed_total,8.352,normalized-power,good,p3498
2025-12-31T01:45:00Z,cab-a01,A,pdu-a,feed_total,8.952,normalized-power,good,p3499
2025-12-31T01:45:00Z,cab-a01,B,pdu-b,feed_total,8.35,normalized-power,good,p3500
2025-12-31T01:50:00Z,cab-a01,A,pdu-a,feed_total,8.971,normalized-power,good,p3501
2025-12-31T01:50:00Z,cab-a01,B,pdu-b,feed_total,8.345,normalized-power,good,p3502
2025-12-31T01:55:00Z,cab-a01,A,pdu-a,feed_total,8.988,normalized-power,good,p3503
2025-12-31T01:55:00Z,cab-a01,B,pdu-b,feed_total,8.339,normalized-power,good,p3504
2025-12-31T02:00:00Z,cab-a01,A,pdu-a,feed_total,9.002,normalized-power,good,p3505
2025-12-31T02:00:00Z,cab-a01,B,pdu-b,feed_total,8.331,normalized-power,good,p3506
2025-12-31T02:05:00Z,cab-a01,A,pdu-a,feed_total,9.015,normalized-power,good,p3507
2025-12-31T02:05:00Z,cab-a01,B,pdu-b,feed_total,8.321,normalized-power,good,p3508
2025-12-31T02:10:00Z,cab-a01,A,pdu-a,feed_total,9.025,normalized-power,good,p3509
2025-12-31T02:10:00Z,cab-a01,B,pdu-b,feed_total,8.31,normalized-power,good,p3510
2025-12-31T02:15:00Z,cab-a01,A,pdu-a,feed_total,9.034,normalized-power,good,p3511
2025-12-31T02:15:00Z,cab-a01,B,pdu-b,feed_total,8.297,normalized-power,good,p3512
2025-12-31T02:20:00Z,cab-a01,A,pdu-a,feed_total,9.042,normalized-power,good,p3513
2025-12-31T02:20:00Z,cab-a01,B,pdu-b,feed_total,8.282,normalized-power,good,p3514
2025-12-31T02:25:00Z,cab-a01,A,pdu-a,feed_total,9.048,normalized-power,good,p3515
2025-12-31T02:25:00Z,cab-a01,B,pdu-b,feed_total,8.267,normalized-power,good,p3516
2025-12-31T02:30:00Z,cab-a01,A,pdu-a,feed_total,9.053,normalized-power,good,p3517
2025-12-31T02:30:00Z,cab-a01,B,pdu-b,feed_total,8.249,normalized-power,good,p3518
2025-12-31T02:35:00Z,cab-a01,A,pdu-a,feed_total,9.056,normalized-power,good,p3519
2025-12-31T02:35:00Z,cab-a01,B,pdu-b,feed_total,8.232,normalized-power,good,p3520
2025-12-31T02:40:00Z,cab-a01,A,pdu-a,feed_total,9.058,normalized-power,good,p3521
2025-12-31T02:40:00Z,cab-a01,B,pdu-b,feed_total,8.213,normalized-power,good,p3522
2025-12-31T02:45:00Z,cab-a01,A,pdu-a,feed_total,9.059,normalized-power,good,p3523
2025-12-31T02:45:00Z,cab-a01,B,pdu-b,feed_total,8.193,normalized-power,good,p3524
2025-12-31T02:50:00Z,cab-a01,A,pdu-a,feed_total,9.06,normalized-power,good,p3525
2025-12-31T02:50:00Z,cab-a01,B,pdu-b,feed_total,8.173,normalized-power,good,p3526
2025-12-31T02:55:00Z,cab-a01,A,pdu-a,feed_total,9.059,normalized-power,good,p3527
2025-12-31T02:55:00Z,cab-a01,B,pdu-b,feed_total,8.153,normalized-power,good,p3528
2025-12-31T03:00:00Z,cab-a01,A,pdu-a,feed_total,9.058,normalized-power,good,p3529
2025-12-31T03:00:00Z,cab-a01,B,pdu-b,feed_total,8.132,normalized-power,good,p3530
2025-12-31T03:05:00Z,cab-a01,A,pdu-a,feed_total,9.057,normalized-power,good,p3531
2025-12-31T03:05:00Z,cab-a01,B,pdu-b,feed_total,8.111,normalized-power,good,p3532
2025-12-31T03:10:00Z,cab-a01,A,pdu-a,feed_total,9.055,normalized-power,good,p3533
2025-12-31T03:10:00Z,cab-a01,B,pdu-b,feed_total,8.09,normalized-power,good,p3534
2025-12-31T03:15:00Z,cab-a01,A,pdu-a,feed_total,9.053,normalized-power,good,p3535
2025-12-31T03:15:00Z,cab-a01,B,pdu-b,feed_total,8.07,normalized-power,good,p3536
2025-12-31T03:20:00Z,cab-a01,A,pdu-a,feed_total,9.052,normalized-power,good,p3537
2025-12-31T03:20:00Z,cab-a01,B,pdu-b,feed_total,8.049,normalized-power,good,p3538
2025-12-31T03:25:00Z,cab-a01,A,pdu-a,feed_total,9.051,normalized-power,good,p3539
2025-12-31T03:25:00Z,cab-a01,B,pdu-b,feed_total,8.03,normalized-power,good,p3540
2025-12-31T03:30:00Z,cab-a01,A,pdu-a,feed_total,9.05,normalized-power,good,p3541
2025-12-31T03:30:00Z,cab-a01,B,pdu-b,feed_total,8.011,normalized-power,good,p3542
2025-12-31T03:35:00Z,cab-a01,A,pdu-a,feed_total,9.049,normalized-power,good,p3543
2025-12-31T03:35:00Z,cab-a01,B,pdu-b,feed_total,7.993,normalized-power,good,p3544
2025-12-31T03:40:00Z,cab-a01,A,pdu-a,feed_total,9.049,normalized-power,good,p3545
2025-12-31T03:40:00Z,cab-a01,B,pdu-b,feed_total,7.976,normalized-power,good,p3546
2025-12-31T03:45:00Z,cab-a01,A,pdu-a,feed_total,9.05,normalized-power,good,p3547
2025-12-31T03:45:00Z,cab-a01,B,pdu-b,feed_total,7.961,normalized-power,good,p3548
2025-12-31T03:50:00Z,cab-a01,A,pdu-a,feed_total,9.052,normalized-power,good,p3549
2025-12-31T03:50:00Z,cab-a01,B,pdu-b,feed_total,7.946,normalized-power,good,p3550
2025-12-31T03:55:00Z,cab-a01,A,pdu-a,feed_total,9.055,normalized-power,good,p3551
2025-12-31T03:55:00Z,cab-a01,B,pdu-b,feed_total,7.932,normalized-power,good,p3552
2025-12-31T04:00:00Z,cab-a01,A,pdu-a,feed_total,9.058,normalized-power,good,p3553
2025-12-31T04:00:00Z,cab-a01,B,pdu-b,feed_total,7.921,normalized-power,good,p3554
2025-12-31T04:05:00Z,cab-a01,A,pdu-a,feed_total,9.064,normalized-power,good,p3555
2025-12-31T04:05:00Z,cab-a01,B,pdu-b,feed_total,7.91,normalized-power,good,p3556
2025-12-31T04:10:00Z,cab-a01,A,pdu-a,feed_total,9.07,normalized-power,good,p3557
2025-12-31T04:10:00Z,cab-a01,B,pdu-b,feed_total,7.902,normalized-power,good,p3558
2025-12-31T04:15:00Z,cab-a01,A,pdu-a,feed_total,9.078,normalized-power,good,p3559
2025-12-31T04:15:00Z,cab-a01,B,pdu-b,feed_total,7.895,normalized-power,good,p3560
2025-12-31T04:20:00Z,cab-a01,A,pdu-a,feed_total,9.087,normalized-power,good,p3561
2025-12-31T04:20:00Z,cab-a01,B,pdu-b,feed_total,7.889,normalized-power,good,p3562
2025-12-31T04:25:00Z,cab-a01,A,pdu-a,feed_total,9.098,normalized-power,good,p3563
2025-12-31T04:25:00Z,cab-a01,B,pdu-b,feed_total,7.885,normalized-power,good,p3564
2025-12-31T04:30:00Z,cab-a01,A,pdu-a,feed_total,9.11,normalized-power,good,p3565
2025-12-31T04:30:00Z,cab-a01,B,pdu-b,feed_total,7.883,normalized-power,good,p3566
2025-12-31T04:35:00Z,cab-a01,A,pdu-a,feed_total,9.124,normalized-power,good,p3567
2025-12-31T04:35:00Z,cab-a01,B,pdu-b,feed_total,7.883,normalized-power,good,p3568
2025-12-31T04:40:00Z,cab-a01,A,pdu-a,feed_total,9.138,normalized-power,good,p3569
2025-12-31T04:40:00Z,cab-a01,B,pdu-b,feed_total,7.885,normalized-power,good,p3570
2025-12-31T04:45:00Z,cab-a01,A,pdu-a,feed_total,9.155,normalized-power,good,p3571
2025-12-31T04:45:00Z,cab-a01,B,pdu-b,feed_total,7.888,normalized-power,good,p3572
2025-12-31T04:50:00Z,cab-a01,A,pdu-a,feed_total,9.172,normalized-power,good,p3573
2025-12-31T04:50:00Z,cab-a01,B,pdu-b,feed_total,7.893,normalized-power,good,p3574
2025-12-31T04:55:00Z,cab-a01,A,pdu-a,feed_total,9.191,normalized-power,good,p3575
2025-12-31T04:55:00Z,cab-a01,B,pdu-b,feed_total,7.9,normalized-power,good,p3576
2025-12-31T05:00:00Z,cab-a01,A,pdu-a,feed_total,9.211,normalized-power,good,p3577
2025-12-31T05:00:00Z,cab-a01,B,pdu-b,feed_total,7.908,normalized-power,good,p3578
2025-12-31T05:05:00Z,cab-a01,A,pdu-a,feed_total,9.233,normalized-power,good,p3579
2025-12-31T05:05:00Z,cab-a01,B,pdu-b,feed_total,7.917,normalized-power,good,p3580
2025-12-31T05:10:00Z,cab-a01,A,pdu-a,feed_total,9.255,normalized-power,good,p3581
2025-12-31T05:10:00Z,cab-a01,B,pdu-b,feed_total,7.929,normalized-power,good,p3582
2025-12-31T05:15:00Z,cab-a01,A,pdu-a,feed_total,9.278,normalized-power,good,p3583
2025-12-31T05:15:00Z,cab-a01,B,pdu-b,feed_total,7.942,normalized-power,good,p3584
2025-12-31T05:20:00Z,cab-a01,A,pdu-a,feed_total,9.302,normalized-power,good,p3585
2025-12-31T05:20:00Z,cab-a01,B,pdu-b,feed_total,7.955,normalized-power,good,p3586
2025-12-31T05:25:00Z,cab-a01,A,pdu-a,feed_total,9.327,normalized-power,good,p3587
2025-12-31T05:25:00Z,cab-a01,B,pdu-b,feed_total,7.97,normalized-power,good,p3588
2025-12-31T05:30:00Z,cab-a01,A,pdu-a,feed_total,9.352,normalized-power,good,p3589
2025-12-31T05:30:00Z,cab-a01,B,pdu-b,feed_total,7.986,normalized-power,good,p3590
2025-12-31T05:35:00Z,cab-a01,A,pdu-a,feed_total,9.377,normalized-power,good,p3591
2025-12-31T05:35:00Z,cab-a01,B,pdu-b,feed_total,8.003,normalized-power,good,p3592
2025-12-31T05:40:00Z,cab-a01,A,pdu-a,feed_total,9.403,normalized-power,good,p3593
2025-12-31T05:40:00Z,cab-a01,B,pdu-b,feed_total,8.021,normalized-power,good,p3594
2025-12-31T05:45:00Z,cab-a01,A,pdu-a,feed_total,9.429,normalized-power,good,p3595
2025-12-31T05:45:00Z,cab-a01,B,pdu-b,feed_total,8.039,normalized-power,good,p3596
2025-12-31T05:50:00Z,cab-a01,A,pdu-a,feed_total,9.454,normalized-power,good,p3597
2025-12-31T05:50:00Z,cab-a01,B,pdu-b,feed_total,8.058,normalized-power,good,p3598
2025-12-31T05:55:00Z,cab-a01,A,pdu-a,feed_total,9.479,normalized-power,good,p3599
2025-12-31T05:55:00Z,cab-a01,B,pdu-b,feed_total,8.077,normalized-power,good,p3600
2025-12-31T06:00:00Z,cab-a01,A,pdu-a,feed_total,9.503,normalized-power,good,p3601
2025-12-31T06:00:00Z,cab-a01,B,pdu-b,feed_total,8.097,normalized-power,good,p3602
2025-12-31T06:05:00Z,cab-a01,A,pdu-a,feed_total,9.527,normalized-power,good,p3603
2025-12-31T06:05:00Z,cab-a01,B,pdu-b,feed_total,8.116,normalized-power,good,p3604
2025-12-31T06:10:00Z,cab-a01,A,pdu-a,feed_total,9.55,normalized-power,good,p3605
2025-12-31T06:10:00Z,cab-a01,B,pdu-b,feed_total,8.135,normalized-power,good,p3606
2025-12-31T06:15:00Z,cab-a01,A,pdu-a,feed_total,9.572,normalized-power,good,p3607
2025-12-31T06:15:00Z,cab-a01,B,pdu-b,feed_total,8.154,normalized-power,good,p3608
2025-12-31T06:20:00Z,cab-a01,A,pdu-a,feed_total,9.593,normalized-power,good,p3609
2025-12-31T06:20:00Z,cab-a01,B,pdu-b,feed_total,8.173,normalized-power,good,p3610
2025-12-31T06:25:00Z,cab-a01,A,pdu-a,feed_total,9.612,normalized-power,good,p3611
2025-12-31T06:25:00Z,cab-a01,B,pdu-b,feed_total,8.191,normalized-power,good,p3612
2025-12-31T06:30:00Z,cab-a01,A,pdu-a,feed_total,9.629,normalized-power,good,p3613
2025-12-31T06:30:00Z,cab-a01,B,pdu-b,feed_total,8.209,normalized-power,good,p3614
2025-12-31T06:35:00Z,cab-a01,A,pdu-a,feed_total,9.645,normalized-power,good,p3615
2025-12-31T06:35:00Z,cab-a01,B,pdu-b,feed_total,8.225,normalized-power,good,p3616
2025-12-31T06:40:00Z,cab-a01,A,pdu-a,feed_total,9.659,normalized-power,good,p3617
2025-12-31T06:40:00Z,cab-a01,B,pdu-b,feed_total,8.241,normalized-power,good,p3618
2025-12-31T06:45:00Z,cab-a01,A,pdu-a,feed_total,9.671,normalized-power,good,p3619
2025-12-31T06:45:00Z,cab-a01,B,pdu-b,feed_total,8.256,normalized-power,good,p3620
2025-12-31T06:50:00Z,cab-a01,A,pdu-a,feed_total,9.68,normalized-power,good,p3621
2025-12-31T06:50:00Z,cab-a01,B,pdu-b,feed_total,8.27,normalized-power,good,p3622
2025-12-31T06:55:00Z,cab-a01,A,pdu-a,feed_total,9.687,normalized-power,good,p3623
2025-12-31T06:55:00Z,cab-a01,B,pdu-b,feed_total,8.282,normalized-power,good,p3624
2025-12-31T07:00:00Z,cab-a01,A,pdu-a,feed_total,9.692,normalized-power,good,p3625
2025-12-31T07:00:00Z,cab-a01,B,pdu-b,feed_total,8.293,normalized-power,good,p3626
2025-12-31T07:05:00Z,cab-a01,A,pdu-a,feed_total,9.695,normalized-power,good,p3627
2025-12-31T07:05:00Z,cab-a01,B,pdu-b,feed_total,8.302,normalized-power,good,p3628
2025-12-31T07:10:00Z,cab-a01,A,pdu-a,feed_total,9.695,normalized-power,good,p3629
2025-12-31T07:10:00Z,cab-a01,B,pdu-b,feed_total,8.31,normalized-power,good,p3630
2025-12-31T07:15:00Z,cab-a01,A,pdu-a,feed_total,9.692,normalized-power,good,p3631
2025-12-31T07:15:00Z,cab-a01,B,pdu-b,feed_total,8.317,normalized-power,good,p3632
2025-12-31T07:20:00Z,cab-a01,A,pdu-a,feed_total,9.687,normalized-power,good,p3633
2025-12-31T07:20:00Z,cab-a01,B,pdu-b,feed_total,8.321,normalized-power,good,p3634
2025-12-31T07:25:00Z,cab-a01,A,pdu-a,feed_total,9.679,normalized-power,good,p3635
2025-12-31T07:25:00Z,cab-a01,B,pdu-b,feed_total,8.324,normalized-power,good,p3636
2025-12-31T07:30:00Z,cab-a01,A,pdu-a,feed_total,9.668,normalized-power,good,p3637
2025-12-31T07:30:00Z,cab-a01,B,pdu-b,feed_total,8.325,normalized-power,good,p3638
2025-12-31T07:35:00Z,cab-a01,A,pdu-a,feed_total,9.655,normalized-power,good,p3639
2025-12-31T07:35:00Z,cab-a01,B,pdu-b,feed_total,8.325,normalized-power,good,p3640
2025-12-31T07:40:00Z,cab-a01,A,pdu-a,feed_total,9.638,normalized-power,good,p3641
2025-12-31T07:40:00Z,cab-a01,B,pdu-b,feed_total,8.323,normalized-power,good,p3642
2025-12-31T07:45:00Z,cab-a01,A,pdu-a,feed_total,9.62,normalized-power,good,p3643
2025-12-31T07:45:00Z,cab-a01,B,pdu-b,feed_total,8.319,normalized-power,good,p3644
2025-12-31T07:50:00Z,cab-a01,A,pdu-a,feed_total,9.598,normalized-power,good,p3645
2025-12-31T07:50:00Z,cab-a01,B,pdu-b,feed_total,8.314,normalized-power,good,p3646
2025-12-31T07:55:00Z,cab-a01,A,pdu-a,feed_total,9.575,normalized-power,good,p3647
2025-12-31T07:55:00Z,cab-a01,B,pdu-b,feed_total,8.306,normalized-power,good,p3648
2025-12-31T08:00:00Z,cab-a01,A,pdu-a,feed_total,9.548,normalized-power,good,p3649
2025-12-31T08:00:00Z,cab-a01,B,pdu-b,feed_total,8.297,normalized-power,good,p3650
2025-12-31T08:05:00Z,cab-a01,A,pdu-a,feed_total,9.519,normalized-power,good,p3651
2025-12-31T08:05:00Z,cab-a01,B,pdu-b,feed_total,8.287,normalized-power,good,p3652
2025-12-31T08:10:00Z,cab-a01,A,pdu-a,feed_total,9.489,normalized-power,good,p3653
2025-12-31T08:10:00Z,cab-a01,B,pdu-b,feed_total,8.275,normalized-power,good,p3654
2025-12-31T08:15:00Z,cab-a01,A,pdu-a,feed_total,9.456,normalized-power,good,p3655
2025-12-31T08:15:00Z,cab-a01,B,pdu-b,feed_total,8.262,normalized-power,good,p3656
2025-12-31T08:20:00Z,cab-a01,A,pdu-a,feed_total,9.421,normalized-power,good,p3657
2025-12-31T08:20:00Z,cab-a01,B,pdu-b,feed_total,8.247,normalized-power,good,p3658
2025-12-31T08:25:00Z,cab-a01,A,pdu-a,feed_total,9.385,normalized-power,good,p3659
2025-12-31T08:25:00Z,cab-a01,B,pdu-b,feed_total,8.231,normalized-power,good,p3660
2025-12-31T08:30:00Z,cab-a01,A,pdu-a,feed_total,9.347,normalized-power,good,p3661
2025-12-31T08:30:00Z,cab-a01,B,pdu-b,feed_total,8.214,normalized-power,good,p3662
2025-12-31T08:35:00Z,cab-a01,A,pdu-a,feed_total,9.307,normalized-power,good,p3663
2025-12-31T08:35:00Z,cab-a01,B,pdu-b,feed_total,8.196,normalized-power,good,p3664
2025-12-31T08:40:00Z,cab-a01,A,pdu-a,feed_total,9.265,normalized-power,good,p3665
2025-12-31T08:40:00Z,cab-a01,B,pdu-b,feed_total,8.178,normalized-power,good,p3666
2025-12-31T08:45:00Z,cab-a01,A,pdu-a,feed_total,9.224,normalized-power,good,p3667
2025-12-31T08:45:00Z,cab-a01,B,pdu-b,feed_total,8.158,normalized-power,good,p3668
2025-12-31T08:50:00Z,cab-a01,A,pdu-a,feed_total,9.181,normalized-power,good,p3669
2025-12-31T08:50:00Z,cab-a01,B,pdu-b,feed_total,8.138,normalized-power,good,p3670
2025-12-31T08:55:00Z,cab-a01,A,pdu-a,feed_total,9.137,normalized-power,good,p3671
2025-12-31T08:55:00Z,cab-a01,B,pdu-b,feed_total,8.118,normalized-power,good,p3672
2025-12-31T09:00:00Z,cab-a01,A,pdu-a,feed_total,9.093,normalized-power,good,p3673
2025-12-31T09:00:00Z,cab-a01,B,pdu-b,feed_total,8.097,normalized-power,good,p3674
2025-12-31T09:05:00Z,cab-a01,A,pdu-a,feed_total,9.048,normalized-power,good,p3675
2025-12-31T09:05:00Z,cab-a01,B,pdu-b,feed_total,8.077,normalized-power,good,p3676
2025-12-31T09:10:00Z,cab-a01,A,pdu-a,feed_total,9.004,normalized-power,good,p3677
2025-12-31T09:10:00Z,cab-a01,B,pdu-b,feed_total,8.055,normalized-power,good,p3678
2025-12-31T09:15:00Z,cab-a01,A,pdu-a,feed_total,8.959,normalized-power,good,p3679
2025-12-31T09:15:00Z,cab-a01,B,pdu-b,feed_total,8.035,normalized-power,good,p3680
2025-12-31T09:20:00Z,cab-a01,A,pdu-a,feed_total,8.915,normalized-power,good,p3681
2025-12-31T09:20:00Z,cab-a01,B,pdu-b,feed_total,8.014,normalized-power,good,p3682
2025-12-31T09:25:00Z,cab-a01,A,pdu-a,feed_total,8.87,normalized-power,good,p3683
2025-12-31T09:25:00Z,cab-a01,B,pdu-b,feed_total,7.995,normalized-power,good,p3684
2025-12-31T09:30:00Z,cab-a01,A,pdu-a,feed_total,8.827,normalized-power,good,p3685
2025-12-31T09:30:00Z,cab-a01,B,pdu-b,feed_total,7.975,normalized-power,good,p3686
2025-12-31T09:35:00Z,cab-a01,A,pdu-a,feed_total,8.784,normalized-power,good,p3687
2025-12-31T09:35:00Z,cab-a01,B,pdu-b,feed_total,7.957,normalized-power,good,p3688
2025-12-31T09:40:00Z,cab-a01,A,pdu-a,feed_total,8.743,normalized-power,good,p3689
2025-12-31T09:40:00Z,cab-a01,B,pdu-b,feed_total,7.939,normalized-power,good,p3690
2025-12-31T09:45:00Z,cab-a01,A,pdu-a,feed_total,8.702,normalized-power,good,p3691
2025-12-31T09:45:00Z,cab-a01,B,pdu-b,feed_total,7.922,normalized-power,good,p3692
2025-12-31T09:50:00Z,cab-a01,A,pdu-a,feed_total,8.663,normalized-power,good,p3693
2025-12-31T09:50:00Z,cab-a01,B,pdu-b,feed_total,7.906,normalized-power,good,p3694
2025-12-31T09:55:00Z,cab-a01,A,pdu-a,feed_total,8.625,normalized-power,good,p3695
2025-12-31T09:55:00Z,cab-a01,B,pdu-b,feed_total,7.892,normalized-power,good,p3696
2025-12-31T10:00:00Z,cab-a01,A,pdu-a,feed_total,8.588,normalized-power,good,p3697
2025-12-31T10:00:00Z,cab-a01,B,pdu-b,feed_total,7.879,normalized-power,good,p3698
2025-12-31T10:05:00Z,cab-a01,A,pdu-a,feed_total,8.553,normalized-power,good,p3699
2025-12-31T10:05:00Z,cab-a01,B,pdu-b,feed_total,7.867,normalized-power,good,p3700
2025-12-31T10:10:00Z,cab-a01,A,pdu-a,feed_total,8.52,normalized-power,good,p3701
2025-12-31T10:10:00Z,cab-a01,B,pdu-b,feed_total,7.857,normalized-power,good,p3702
2025-12-31T10:15:00Z,cab-a01,A,pdu-a,feed_total,8.488,normalized-power,good,p3703
2025-12-31T10:15:00Z,cab-a01,B,pdu-b,feed_total,7.848,normalized-power,good,p3704
2025-12-31T10:20:00Z,cab-a01,A,pdu-a,feed_total,8.459,normalized-power,good,p3705
2025-12-31T10:20:00Z,cab-a01,B,pdu-b,feed_total,7.84,normalized-power,good,p3706
2025-12-31T10:25:00Z,cab-a01,A,pdu-a,feed_total,8.431,normalized-power,good,p3707
2025-12-31T10:25:00Z,cab-a01,B,pdu-b,feed_total,7.835,normalized-power,good,p3708
2025-12-31T10:30:00Z,cab-a01,A,pdu-a,feed_total,8.405,normalized-power,good,p3709
2025-12-31T10:30:00Z,cab-a01,B,pdu-b,feed_total,7.831,normalized-power,good,p3710
2025-12-31T10:35:00Z,cab-a01,A,pdu-a,feed_total,8.381,normalized-power,good,p3711
2025-12-31T10:35:00Z,cab-a01,B,pdu-b,feed_total,7.828,normalized-power,good,p3712
2025-12-31T10:40:00Z,cab-a01,A,pdu-a,feed_total,8.359,normalized-power,good,p3713
2025-12-31T10:40:00Z,cab-a01,B,pdu-b,feed_total,7.827,normalized-power,good,p3714
2025-12-31T10:45:00Z,cab-a01,A,pdu-a,feed_total,8.338,normalized-power,good,p3715
2025-12-31T10:45:00Z,cab-a01,B,pdu-b,feed_total,7.829,normalized-power,good,p3716
2025-12-31T10:50:00Z,cab-a01,A,pdu-a,feed_total,8.32,normalized-power,good,p3717
2025-12-31T10:50:00Z,cab-a01,B,pdu-b,feed_total,7.831,normalized-power,good,p3718
2025-12-31T10:55:00Z,cab-a01,A,pdu-a,feed_total,8.304,normalized-power,good,p3719
2025-12-31T10:55:00Z,cab-a01,B,pdu-b,feed_total,7.835,normalized-power,good,p3720
2025-12-31T11:00:00Z,cab-a01,A,pdu-a,feed_total,8.289,normalized-power,good,p3721
2025-12-31T11:00:00Z,cab-a01,B,pdu-b,feed_total,7.84,normalized-power,good,p3722
2025-12-31T11:05:00Z,cab-a01,A,pdu-a,feed_total,8.276,normalized-power,good,p3723
2025-12-31T11:05:00Z,cab-a01,B,pdu-b,feed_total,7.847,normalized-power,good,p3724
2025-12-31T11:10:00Z,cab-a01,A,pdu-a,feed_total,8.265,normalized-power,good,p3725
2025-12-31T11:10:00Z,cab-a01,B,pdu-b,feed_total,7.855,normalized-power,good,p3726
2025-12-31T11:15:00Z,cab-a01,A,pdu-a,feed_total,8.255,normalized-power,good,p3727
2025-12-31T11:15:00Z,cab-a01,B,pdu-b,feed_total,7.865,normalized-power,good,p3728
2025-12-31T11:20:00Z,cab-a01,A,pdu-a,feed_total,8.246,normalized-power,good,p3729
2025-12-31T11:20:00Z,cab-a01,B,pdu-b,feed_total,7.876,normalized-power,good,p3730
2025-12-31T11:25:00Z,cab-a01,A,pdu-a,feed_total,8.239,normalized-power,good,p3731
2025-12-31T11:25:00Z,cab-a01,B,pdu-b,feed_total,7.887,normalized-power,good,p3732
2025-12-31T11:30:00Z,cab-a01,A,pdu-a,feed_total,8.234,normalized-power,good,p3733
2025-12-31T11:30:00Z,cab-a01,B,pdu-b,feed_total,7.899,normalized-power,good,p3734
2025-12-31T11:35:00Z,cab-a01,A,pdu-a,feed_total,8.229,normalized-power,good,p3735
2025-12-31T11:35:00Z,cab-a01,B,pdu-b,feed_total,7.912,normalized-power,good,p3736
2025-12-31T11:40:00Z,cab-a01,A,pdu-a,feed_total,8.225,normalized-power,good,p3737
2025-12-31T11:40:00Z,cab-a01,B,pdu-b,feed_total,7.926,normalized-power,good,p3738
2025-12-31T11:45:00Z,cab-a01,A,pdu-a,feed_total,8.222,normalized-power,good,p3739
2025-12-31T11:45:00Z,cab-a01,B,pdu-b,feed_total,7.94,normalized-power,good,p3740
2025-12-31T11:50:00Z,cab-a01,A,pdu-a,feed_total,8.219,normalized-power,good,p3741
2025-12-31T11:50:00Z,cab-a01,B,pdu-b,feed_total,7.955,normalized-power,good,p3742
2025-12-31T11:55:00Z,cab-a01,A,pdu-a,feed_total,8.218,normalized-power,good,p3743
2025-12-31T11:55:00Z,cab-a01,B,pdu-b,feed_total,7.969,normalized-power,good,p3744
2025-12-31T12:00:00Z,cab-a01,A,pdu-a,feed_total,8.216,normalized-power,good,p3745
2025-12-31T12:00:00Z,cab-a01,B,pdu-b,feed_total,7.984,normalized-power,good,p3746
2025-12-31T12:05:00Z,cab-a01,A,pdu-a,feed_total,8.215,normalized-power,good,p3747
2025-12-31T12:05:00Z,cab-a01,B,pdu-b,feed_total,7.998,normalized-power,good,p3748
2025-12-31T12:10:00Z,cab-a01,A,pdu-a,feed_total,8.214,normalized-power,good,p3749
2025-12-31T12:10:00Z,cab-a01,B,pdu-b,feed_total,8.012,normalized-power,good,p3750
2025-12-31T12:15:00Z,cab-a01,A,pdu-a,feed_total,8.212,normalized-power,good,p3751
2025-12-31T12:15:00Z,cab-a01,B,pdu-b,feed_total,8.026,normalized-power,good,p3752
2025-12-31T12:20:00Z,cab-a01,A,pdu-a,feed_total,8.211,normalized-power,good,p3753
2025-12-31T12:20:00Z,cab-a01,B,pdu-b,feed_total,8.038,normalized-power,good,p3754
2025-12-31T12:25:00Z,cab-a01,A,pdu-a,feed_total,8.209,normalized-power,good,p3755
2025-12-31T12:25:00Z,cab-a01,B,pdu-b,feed_total,8.05,normalized-power,good,p3756
2025-12-31T12:30:00Z,cab-a01,A,pdu-a,feed_total,8.206,normalized-power,good,p3757
2025-12-31T12:30:00Z,cab-a01,B,pdu-b,feed_total,8.061,normalized-power,good,p3758
2025-12-31T12:35:00Z,cab-a01,A,pdu-a,feed_total,8.203,normalized-power,good,p3759
2025-12-31T12:35:00Z,cab-a01,B,pdu-b,feed_total,8.071,normalized-power,good,p3760
2025-12-31T12:40:00Z,cab-a01,A,pdu-a,feed_total,8.199,normalized-power,good,p3761
2025-12-31T12:40:00Z,cab-a01,B,pdu-b,feed_total,8.079,normalized-power,good,p3762
2025-12-31T12:45:00Z,cab-a01,A,pdu-a,feed_total,8.194,normalized-power,good,p3763
2025-12-31T12:45:00Z,cab-a01,B,pdu-b,feed_total,8.086,normalized-power,good,p3764
2025-12-31T12:50:00Z,cab-a01,A,pdu-a,feed_total,8.188,normalized-power,good,p3765
2025-12-31T12:50:00Z,cab-a01,B,pdu-b,feed_total,8.092,normalized-power,good,p3766
2025-12-31T12:55:00Z,cab-a01,A,pdu-a,feed_total,8.181,normalized-power,good,p3767
2025-12-31T12:55:00Z,cab-a01,B,pdu-b,feed_total,8.096,normalized-power,good,p3768
2025-12-31T13:00:00Z,cab-a01,A,pdu-a,feed_total,8.173,normalized-power,good,p3769
2025-12-31T13:00:00Z,cab-a01,B,pdu-b,feed_total,8.098,normalized-power,good,p3770
2025-12-31T13:05:00Z,cab-a01,A,pdu-a,feed_total,8.164,normalized-power,good,p3771
2025-12-31T13:05:00Z,cab-a01,B,pdu-b,feed_total,8.097,normalized-power,good,p3772
2025-12-31T13:10:00Z,cab-a01,A,pdu-a,feed_total,8.153,normalized-power,good,p3773
2025-12-31T13:10:00Z,cab-a01,B,pdu-b,feed_total,8.096,normalized-power,good,p3774
2025-12-31T13:15:00Z,cab-a01,A,pdu-a,feed_total,8.141,normalized-power,good,p3775
2025-12-31T13:15:00Z,cab-a01,B,pdu-b,feed_total,8.092,normalized-power,good,p3776
2025-12-31T13:20:00Z,cab-a01,A,pdu-a,feed_total,8.128,normalized-power,good,p3777
2025-12-31T13:20:00Z,cab-a01,B,pdu-b,feed_total,8.086,normalized-power,good,p3778
2025-12-31T13:25:00Z,cab-a01,A,pdu-a,feed_total,8.113,normalized-power,good,p3779
2025-12-31T13:25:00Z,cab-a01,B,pdu-b,feed_total,8.078,normalized-power,good,p3780
2025-12-31T13:30:00Z,cab-a01,A,pdu-a,feed_total,8.096,normalized-power,good,p3781
2025-12-31T13:30:00Z,cab-a01,B,pdu-b,feed_total,8.068,normalized-power,good,p3782
2025-12-31T13:35:00Z,cab-a01,A,pdu-a,feed_total,8.078,normalized-power,good,p3783
2025-12-31T13:35:00Z,cab-a01,B,pdu-b,feed_total,8.056,normalized-power,good,p3784
2025-12-31T13:40:00Z,cab-a01,A,pdu-a,feed_total,8.059,normalized-power,good,p3785
2025-12-31T13:40:00Z,cab-a01,B,pdu-b,feed_total,8.042,normalized-power,good,p3786
2025-12-31T13:45:00Z,cab-a01,A,pdu-a,feed_total,8.038,normalized-power,good,p3787
2025-12-31T13:45:00Z,cab-a01,B,pdu-b,feed_total,8.026,normalized-power,good,p3788
2025-12-31T13:50:00Z,cab-a01,A,pdu-a,feed_total,8.016,normalized-power,good,p3789
2025-12-31T13:50:00Z,cab-a01,B,pdu-b,feed_total,8.007,normalized-power,good,p3790
2025-12-31T13:55:00Z,cab-a01,A,pdu-a,feed_total,7.993,normalized-power,good,p3791
2025-12-31T13:55:00Z,cab-a01,B,pdu-b,feed_total,7.987,normalized-power,good,p3792
2025-12-31T14:00:00Z,cab-a01,A,pdu-a,feed_total,7.968,normalized-power,good,p3793
2025-12-31T14:00:00Z,cab-a01,B,pdu-b,feed_total,7.965,normalized-power,good,p3794
2025-12-31T14:05:00Z,cab-a01,A,pdu-a,feed_total,7.942,normalized-power,good,p3795
2025-12-31T14:05:00Z,cab-a01,B,pdu-b,feed_total,7.941,normalized-power,good,p3796
2025-12-31T14:10:00Z,cab-a01,A,pdu-a,feed_total,7.916,normalized-power,good,p3797
2025-12-31T14:10:00Z,cab-a01,B,pdu-b,feed_total,7.915,normalized-power,good,p3798
2025-12-31T14:15:00Z,cab-a01,A,pdu-a,feed_total,7.888,normalized-power,good,p3799
2025-12-31T14:15:00Z,cab-a01,B,pdu-b,feed_total,7.888,normalized-power,good,p3800
2025-12-31T14:20:00Z,cab-a01,A,pdu-a,feed_total,7.859,normalized-power,good,p3801
2025-12-31T14:20:00Z,cab-a01,B,pdu-b,feed_total,7.859,normalized-power,good,p3802
2025-12-31T14:25:00Z,cab-a01,A,pdu-a,feed_total,7.83,normalized-power,good,p3803
2025-12-31T14:25:00Z,cab-a01,B,pdu-b,feed_total,7.829,normalized-power,good,p3804
2025-12-31T14:30:00Z,cab-a01,A,pdu-a,feed_total,7.8,normalized-power,good,p3805
2025-12-31T14:30:00Z,cab-a01,B,pdu-b,feed_total,7.798,normalized-power,good,p3806
2025-12-31T14:35:00Z,cab-a01,A,pdu-a,feed_total,7.77,normalized-power,good,p3807
2025-12-31T14:35:00Z,cab-a01,B,pdu-b,feed_total,7.765,normalized-power,good,p3808
2025-12-31T14:40:00Z,cab-a01,A,pdu-a,feed_total,7.739,normalized-power,good,p3809
2025-12-31T14:40:00Z,cab-a01,B,pdu-b,feed_total,7.732,normalized-power,good,p3810
2025-12-31T14:45:00Z,cab-a01,A,pdu-a,feed_total,7.709,normalized-power,good,p3811
2025-12-31T14:45:00Z,cab-a01,B,pdu-b,feed_total,7.697,normalized-power,good,p3812
2025-12-31T14:50:00Z,cab-a01,A,pdu-a,feed_total,7.678,normalized-power,good,p3813
2025-12-31T14:50:00Z,cab-a01,B,pdu-b,feed_total,7.663,normalized-power,good,p3814
2025-12-31T14:55:00Z,cab-a01,A,pdu-a,feed_total,7.647,normalized-power,good,p3815
2025-12-31T14:55:00Z,cab-a01,B,pdu-b,feed_total,7.628,normalized-power,good,p3816
2025-12-31T15:00:00Z,cab-a01,A,pdu-a,feed_total,7.617,normalized-power,good,p3817
2025-12-31T15:00:00Z,cab-a01,B,pdu-b,feed_total,7.593,normalized-power,good,p3818
2025-12-31T15:05:00Z,cab-a01,A,pdu-a,feed_total,7.588,normalized-power,good,p3819
2025-12-31T15:05:00Z,cab-a01,B,pdu-b,feed_total,7.557,normalized-power,good,p3820
2025-12-31T15:10:00Z,cab-a01,A,pdu-a,feed_total,7.559,normalized-power,good,p3821
2025-12-31T15:10:00Z,cab-a01,B,pdu-b,feed_total,7.522,normalized-power,good,p3822
2025-12-31T15:15:00Z,cab-a01,A,pdu-a,feed_total,7.531,normalized-power,good,p3823
2025-12-31T15:15:00Z,cab-a01,B,pdu-b,feed_total,7.487,normalized-power,good,p3824
2025-12-31T15:20:00Z,cab-a01,A,pdu-a,feed_total,7.504,normalized-power,good,p3825
2025-12-31T15:20:00Z,cab-a01,B,pdu-b,feed_total,7.453,normalized-power,good,p3826
2025-12-31T15:25:00Z,cab-a01,A,pdu-a,feed_total,7.478,normalized-power,good,p3827
2025-12-31T15:25:00Z,cab-a01,B,pdu-b,feed_total,7.419,normalized-power,good,p3828
2025-12-31T15:30:00Z,cab-a01,A,pdu-a,feed_total,7.453,normalized-power,good,p3829
2025-12-31T15:30:00Z,cab-a01,B,pdu-b,feed_total,7.386,normalized-power,good,p3830
2025-12-31T15:35:00Z,cab-a01,A,pdu-a,feed_total,7.43,normalized-power,good,p3831
2025-12-31T15:35:00Z,cab-a01,B,pdu-b,feed_total,7.354,normalized-power,good,p3832
2025-12-31T15:40:00Z,cab-a01,A,pdu-a,feed_total,7.409,normalized-power,good,p3833
2025-12-31T15:40:00Z,cab-a01,B,pdu-b,feed_total,7.323,normalized-power,good,p3834
2025-12-31T15:45:00Z,cab-a01,A,pdu-a,feed_total,7.389,normalized-power,good,p3835
2025-12-31T15:45:00Z,cab-a01,B,pdu-b,feed_total,7.293,normalized-power,good,p3836
2025-12-31T15:50:00Z,cab-a01,A,pdu-a,feed_total,7.371,normalized-power,good,p3837
2025-12-31T15:50:00Z,cab-a01,B,pdu-b,feed_total,7.265,normalized-power,good,p3838
2025-12-31T15:55:00Z,cab-a01,A,pdu-a,feed_total,7.355,normalized-power,good,p3839
2025-12-31T15:55:00Z,cab-a01,B,pdu-b,feed_total,7.239,normalized-power,good,p3840
2025-12-31T16:00:00Z,cab-a01,A,pdu-a,feed_total,7.341,normalized-power,good,p3841
2025-12-31T16:00:00Z,cab-a01,B,pdu-b,feed_total,7.214,normalized-power,good,p3842
2025-12-31T16:05:00Z,cab-a01,A,pdu-a,feed_total,7.329,normalized-power,good,p3843
2025-12-31T16:05:00Z,cab-a01,B,pdu-b,feed_total,7.19,normalized-power,good,p3844
2025-12-31T16:10:00Z,cab-a01,A,pdu-a,feed_total,7.32,normalized-power,good,p3845
2025-12-31T16:10:00Z,cab-a01,B,pdu-b,feed_total,7.168,normalized-power,good,p3846
2025-12-31T16:15:00Z,cab-a01,A,pdu-a,feed_total,7.312,normalized-power,good,p3847
2025-12-31T16:15:00Z,cab-a01,B,pdu-b,feed_total,7.149,normalized-power,good,p3848
2025-12-31T16:20:00Z,cab-a01,A,pdu-a,feed_total,7.308,normalized-power,good,p3849
2025-12-31T16:20:00Z,cab-a01,B,pdu-b,feed_total,7.131,normalized-power,good,p3850
2025-12-31T16:25:00Z,cab-a01,A,pdu-a,feed_total,7.305,normalized-power,good,p3851
2025-12-31T16:25:00Z,cab-a01,B,pdu-b,feed_total,7.115,normalized-power,good,p3852
2025-12-31T16:30:00Z,cab-a01,A,pdu-a,feed_total,7.305,normalized-power,good,p3853
2025-12-31T16:30:00Z,cab-a01,B,pdu-b,feed_total,7.102,normalized-power,good,p3854
2025-12-31T16:35:00Z,cab-a01,A,pdu-a,feed_total,7.308,normalized-power,good,p3855
2025-12-31T16:35:00Z,cab-a01,B,pdu-b,feed_total,7.089,normalized-power,good,p3856
2025-12-31T16:40:00Z,cab-a01,A,pdu-a,feed_total,7.312,normalized-power,good,p3857
2025-12-31T16:40:00Z,cab-a01,B,pdu-b,feed_total,7.08,normalized-power,good,p3858
2025-12-31T16:45:00Z,cab-a01,A,pdu-a,feed_total,7.319,normalized-power,good,p3859
2025-12-31T16:45:00Z,cab-a01,B,pdu-b,feed_total,7.072,normalized-power,good,p3860
2025-12-31T16:50:00Z,cab-a01,A,pdu-a,feed_total,7.329,normalized-power,good,p3861
2025-12-31T16:50:00Z,cab-a01,B,pdu-b,feed_total,7.066,normalized-power,good,p3862
2025-12-31T16:55:00Z,cab-a01,A,pdu-a,feed_total,7.341,normalized-power,good,p3863
2025-12-31T16:55:00Z,cab-a01,B,pdu-b,feed_total,7.062,normalized-power,good,p3864
2025-12-31T17:00:00Z,cab-a01,A,pdu-a,feed_total,7.355,normalized-power,good,p3865
2025-12-31T17:00:00Z,cab-a01,B,pdu-b,feed_total,7.06,normalized-power,good,p3866
2025-12-31T17:05:00Z,cab-a01,A,pdu-a,feed_total,7.372,normalized-power,good,p3867
2025-12-31T17:05:00Z,cab-a01,B,pdu-b,feed_total,7.059,normalized-power,good,p3868
2025-12-31T17:10:00Z,cab-a01,A,pdu-a,feed_total,7.39,normalized-power,good,p3869
2025-12-31T17:10:00Z,cab-a01,B,pdu-b,feed_total,7.06,normalized-power,good,p3870
2025-12-31T17:15:00Z,cab-a01,A,pdu-a,feed_total,7.41,normalized-power,good,p3871
2025-12-31T17:15:00Z,cab-a01,B,pdu-b,feed_total,7.063,normalized-power,good,p3872
2025-12-31T17:20:00Z,cab-a01,A,pdu-a,feed_total,7.432,normalized-power,good,p3873
2025-12-31T17:20:00Z,cab-a01,B,pdu-b,feed_total,7.068,normalized-power,good,p3874
2025-12-31T17:25:00Z,cab-a01,A,pdu-a,feed_total,7.457,normalized-power,good,p3875
2025-12-31T17:25:00Z,cab-a01,B,pdu-b,feed_total,7.073,normalized-power,good,p3876
2025-12-31T17:30:00Z,cab-a01,A,pdu-a,feed_total,7.482,normalized-power,good,p3877
2025-12-31T17:30:00Z,cab-a01,B,pdu-b,feed_total,7.08,normalized-power,good,p3878
2025-12-31T17:35:00Z,cab-a01,A,pdu-a,feed_total,7.509,normalized-power,good,p3879
2025-12-31T17:35:00Z,cab-a01,B,pdu-b,feed_total,7.088,normalized-power,good,p3880
2025-12-31T17:40:00Z,cab-a01,A,pdu-a,feed_total,7.537,normalized-power,good,p3881
2025-12-31T17:40:00Z,cab-a01,B,pdu-b,feed_total,7.097,normalized-power,good,p3882
2025-12-31T17:45:00Z,cab-a01,A,pdu-a,feed_total,7.567,normalized-power,good,p3883
2025-12-31T17:45:00Z,cab-a01,B,pdu-b,feed_total,7.107,normalized-power,good,p3884
2025-12-31T17:50:00Z,cab-a01,A,pdu-a,feed_total,7.597,normalized-power,good,p3885
2025-12-31T17:50:00Z,cab-a01,B,pdu-b,feed_total,7.118,normalized-power,good,p3886
2025-12-31T17:55:00Z,cab-a01,A,pdu-a,feed_total,7.628,normalized-power,good,p3887
2025-12-31T17:55:00Z,cab-a01,B,pdu-b,feed_total,7.129,normalized-power,good,p3888
2025-12-31T18:00:00Z,cab-a01,A,pdu-a,feed_total,7.66,normalized-power,good,p3889
2025-12-31T18:00:00Z,cab-a01,B,pdu-b,feed_total,7.14,normalized-power,good,p3890
2025-12-31T18:05:00Z,cab-a01,A,pdu-a,feed_total,7.692,normalized-power,good,p3891
2025-12-31T18:05:00Z,cab-a01,B,pdu-b,feed_total,7.152,normalized-power,good,p3892
2025-12-31T18:10:00Z,cab-a01,A,pdu-a,feed_total,7.725,normalized-power,good,p3893
2025-12-31T18:10:00Z,cab-a01,B,pdu-b,feed_total,7.163,normalized-power,good,p3894
2025-12-31T18:15:00Z,cab-a01,A,pdu-a,feed_total,7.757,normalized-power,good,p3895
2025-12-31T18:15:00Z,cab-a01,B,pdu-b,feed_total,7.175,normalized-power,good,p3896
2025-12-31T18:20:00Z,cab-a01,A,pdu-a,feed_total,7.79,normalized-power,good,p3897
2025-12-31T18:20:00Z,cab-a01,B,pdu-b,feed_total,7.186,normalized-power,good,p3898
2025-12-31T18:25:00Z,cab-a01,A,pdu-a,feed_total,7.822,normalized-power,good,p3899
2025-12-31T18:25:00Z,cab-a01,B,pdu-b,feed_total,7.198,normalized-power,good,p3900
2025-12-31T18:30:00Z,cab-a01,A,pdu-a,feed_total,7.854,normalized-power,good,p3901
2025-12-31T18:30:00Z,cab-a01,B,pdu-b,feed_total,7.208,normalized-power,good,p3902
2025-12-31T18:35:00Z,cab-a01,A,pdu-a,feed_total,7.885,normalized-power,good,p3903
2025-12-31T18:35:00Z,cab-a01,B,pdu-b,feed_total,7.218,normalized-power,good,p3904
2025-12-31T18:40:00Z,cab-a01,A,pdu-a,feed_total,7.915,normalized-power,good,p3905
2025-12-31T18:40:00Z,cab-a01,B,pdu-b,feed_total,7.228,normalized-power,good,p3906
2025-12-31T18:45:00Z,cab-a01,A,pdu-a,feed_total,7.944,normalized-power,good,p3907
2025-12-31T18:45:00Z,cab-a01,B,pdu-b,feed_total,7.236,normalized-power,good,p3908
2025-12-31T18:50:00Z,cab-a01,A,pdu-a,feed_total,7.973,normalized-power,good,p3909
2025-12-31T18:50:00Z,cab-a01,B,pdu-b,feed_total,7.243,normalized-power,good,p3910
2025-12-31T18:55:00Z,cab-a01,A,pdu-a,feed_total,8.0,normalized-power,good,p3911
2025-12-31T18:55:00Z,cab-a01,B,pdu-b,feed_total,7.25,normalized-power,good,p3912
2025-12-31T19:00:00Z,cab-a01,A,pdu-a,feed_total,8.026,normalized-power,good,p3913
2025-12-31T19:00:00Z,cab-a01,B,pdu-b,feed_total,7.255,normalized-power,good,p3914
2025-12-31T19:05:00Z,cab-a01,A,pdu-a,feed_total,8.05,normalized-power,good,p3915
2025-12-31T19:05:00Z,cab-a01,B,pdu-b,feed_total,7.259,normalized-power,good,p3916
2025-12-31T19:10:00Z,cab-a01,A,pdu-a,feed_total,8.073,normalized-power,good,p3917
2025-12-31T19:10:00Z,cab-a01,B,pdu-b,feed_total,7.262,normalized-power,good,p3918
2025-12-31T19:15:00Z,cab-a01,A,pdu-a,feed_total,8.094,normalized-power,good,p3919
2025-12-31T19:15:00Z,cab-a01,B,pdu-b,feed_total,7.263,normalized-power,good,p3920
2025-12-31T19:20:00Z,cab-a01,A,pdu-a,feed_total,8.114,normalized-power,good,p3921
2025-12-31T19:20:00Z,cab-a01,B,pdu-b,feed_total,7.263,normalized-power,good,p3922
2025-12-31T19:25:00Z,cab-a01,A,pdu-a,feed_total,8.132,normalized-power,good,p3923
2025-12-31T19:25:00Z,cab-a01,B,pdu-b,feed_total,7.261,normalized-power,good,p3924
2025-12-31T19:30:00Z,cab-a01,A,pdu-a,feed_total,8.148,normalized-power,good,p3925
2025-12-31T19:30:00Z,cab-a01,B,pdu-b,feed_total,7.259,normalized-power,good,p3926
2025-12-31T19:35:00Z,cab-a01,A,pdu-a,feed_total,8.162,normalized-power,good,p3927
2025-12-31T19:35:00Z,cab-a01,B,pdu-b,feed_total,7.255,normalized-power,good,p3928
2025-12-31T19:40:00Z,cab-a01,A,pdu-a,feed_total,8.175,normalized-power,good,p3929
2025-12-31T19:40:00Z,cab-a01,B,pdu-b,feed_total,7.249,normalized-power,good,p3930
2025-12-31T19:45:00Z,cab-a01,A,pdu-a,feed_total,8.185,normalized-power,good,p3931
2025-12-31T19:45:00Z,cab-a01,B,pdu-b,feed_total,7.242,normalized-power,good,p3932
2025-12-31T19:50:00Z,cab-a01,A,pdu-a,feed_total,8.194,normalized-power,good,p3933
2025-12-31T19:50:00Z,cab-a01,B,pdu-b,feed_total,7.234,normalized-power,good,p3934
2025-12-31T19:55:00Z,cab-a01,A,pdu-a,feed_total,8.201,normalized-power,good,p3935
2025-12-31T19:55:00Z,cab-a01,B,pdu-b,feed_total,7.225,normalized-power,good,p3936
2025-12-31T20:00:00Z,cab-a01,A,pdu-a,feed_total,8.206,normalized-power,good,p3937
2025-12-31T20:00:00Z,cab-a01,B,pdu-b,feed_total,7.215,normalized-power,good,p3938
2025-12-31T20:05:00Z,cab-a01,A,pdu-a,feed_total,8.21,normalized-power,good,p3939
2025-12-31T20:05:00Z,cab-a01,B,pdu-b,feed_total,7.203,normalized-power,good,p3940
2025-12-31T20:10:00Z,cab-a01,A,pdu-a,feed_total,8.211,normalized-power,good,p3941
2025-12-31T20:10:00Z,cab-a01,B,pdu-b,feed_total,7.191,normalized-power,good,p3942
2025-12-31T20:15:00Z,cab-a01,A,pdu-a,feed_total,8.212,normalized-power,good,p3943
2025-12-31T20:15:00Z,cab-a01,B,pdu-b,feed_total,7.177,normalized-power,good,p3944
2025-12-31T20:20:00Z,cab-a01,A,pdu-a,feed_total,8.211,normalized-power,good,p3945
2025-12-31T20:20:00Z,cab-a01,B,pdu-b,feed_total,7.164,normalized-power,good,p3946
2025-12-31T20:25:00Z,cab-a01,A,pdu-a,feed_total,8.209,normalized-power,good,p3947
2025-12-31T20:25:00Z,cab-a01,B,pdu-b,feed_total,7.149,normalized-power,good,p3948
2025-12-31T20:30:00Z,cab-a01,A,pdu-a,feed_total,8.206,normalized-power,good,p3949
2025-12-31T20:30:00Z,cab-a01,B,pdu-b,feed_total,7.133,normalized-power,good,p3950
2025-12-31T20:35:00Z,cab-a01,A,pdu-a,feed_total,8.202,normalized-power,good,p3951
2025-12-31T20:35:00Z,cab-a01,B,pdu-b,feed_total,7.117,normalized-power,good,p3952
2025-12-31T20:40:00Z,cab-a01,A,pdu-a,feed_total,8.197,normalized-power,good,p3953
2025-12-31T20:40:00Z,cab-a01,B,pdu-b,feed_total,7.102,normalized-power,good,p3954
2025-12-31T20:45:00Z,cab-a01,A,pdu-a,feed_total,8.191,normalized-power,good,p3955
2025-12-31T20:45:00Z,cab-a01,B,pdu-b,feed_total,7.086,normalized-power,good,p3956
2025-12-31T20:50:00Z,cab-a01,A,pdu-a,feed_total,8.185,normalized-power,good,p3957
2025-12-31T20:50:00Z,cab-a01,B,pdu-b,feed_total,7.07,normalized-power,good,p3958
2025-12-31T20:55:00Z,cab-a01,A,pdu-a,feed_total,8.178,normalized-power,good,p3959
2025-12-31T20:55:00Z,cab-a01,B,pdu-b,feed_total,7.054,normalized-power,good,p3960
2025-12-31T21:00:00Z,cab-a01,A,pdu-a,feed_total,8.171,normalized-power,good,p3961
2025-12-31T21:00:00Z,cab-a01,B,pdu-b,feed_total,7.039,normalized-power,good,p3962
2025-12-31T21:05:00Z,cab-a01,A,pdu-a,feed_total,8.164,normalized-power,good,p3963
2025-12-31T21:05:00Z,cab-a01,B,pdu-b,feed_total,7.024,normalized-power,good,p3964
2025-12-31T21:10:00Z,cab-a01,A,pdu-a,feed_total,8.158,normalized-power,good,p3965
2025-12-31T21:10:00Z,cab-a01,B,pdu-b,feed_total,7.009,normalized-power,good,p3966
2025-12-31T21:15:00Z,cab-a01,A,pdu-a,feed_total,8.152,normalized-power,good,p3967
2025-12-31T21:15:00Z,cab-a01,B,pdu-b,feed_total,6.996,normalized-power,good,p3968
2025-12-31T21:20:00Z,cab-a01,A,pdu-a,feed_total,8.145,normalized-power,good,p3969
2025-12-31T21:20:00Z,cab-a01,B,pdu-b,feed_total,6.984,normalized-power,good,p3970
2025-12-31T21:25:00Z,cab-a01,A,pdu-a,feed_total,8.14,normalized-power,good,p3971
2025-12-31T21:25:00Z,cab-a01,B,pdu-b,feed_total,6.972,normalized-power,good,p3972
2025-12-31T21:30:00Z,cab-a01,A,pdu-a,feed_total,8.136,normalized-power,good,p3973
2025-12-31T21:30:00Z,cab-a01,B,pdu-b,feed_total,6.962,normalized-power,good,p3974
2025-12-31T21:35:00Z,cab-a01,A,pdu-a,feed_total,8.132,normalized-power,good,p3975
2025-12-31T21:35:00Z,cab-a01,B,pdu-b,feed_total,6.953,normalized-power,good,p3976
2025-12-31T21:40:00Z,cab-a01,A,pdu-a,feed_total,8.13,normalized-power,good,p3977
2025-12-31T21:40:00Z,cab-a01,B,pdu-b,feed_total,6.946,normalized-power,good,p3978
2025-12-31T21:45:00Z,cab-a01,A,pdu-a,feed_total,8.129,normalized-power,good,p3979
2025-12-31T21:45:00Z,cab-a01,B,pdu-b,feed_total,6.94,normalized-power,good,p3980
2025-12-31T21:50:00Z,cab-a01,A,pdu-a,feed_total,8.129,normalized-power,good,p3981
2025-12-31T21:50:00Z,cab-a01,B,pdu-b,feed_total,6.936,normalized-power,good,p3982
2025-12-31T21:55:00Z,cab-a01,A,pdu-a,feed_total,8.13,normalized-power,good,p3983
2025-12-31T21:55:00Z,cab-a01,B,pdu-b,feed_total,6.934,normalized-power,good,p3984
2025-12-31T22:00:00Z,cab-a01,A,pdu-a,feed_total,8.133,normalized-power,good,p3985
2025-12-31T22:00:00Z,cab-a01,B,pdu-b,feed_total,6.934,normalized-power,good,p3986
2025-12-31T22:05:00Z,cab-a01,A,pdu-a,feed_total,8.138,normalized-power,good,p3987
2025-12-31T22:05:00Z,cab-a01,B,pdu-b,feed_total,6.935,normalized-power,good,p3988
2025-12-31T22:10:00Z,cab-a01,A,pdu-a,feed_total,8.144,normalized-power,good,p3989
2025-12-31T22:10:00Z,cab-a01,B,pdu-b,feed_total,6.94,normalized-power,good,p3990
2025-12-31T22:15:00Z,cab-a01,A,pdu-a,feed_total,8.153,normalized-power,good,p3991
2025-12-31T22:15:00Z,cab-a01,B,pdu-b,feed_total,6.945,normalized-power,good,p3992
2025-12-31T22:20:00Z,cab-a01,A,pdu-a,feed_total,8.163,normalized-power,good,p3993
2025-12-31T22:20:00Z,cab-a01,B,pdu-b,feed_total,6.953,normalized-power,good,p3994
2025-12-31T22:25:00Z,cab-a01,A,pdu-a,feed_total,8.174,normalized-power,good,p3995
2025-12-31T22:25:00Z,cab-a01,B,pdu-b,feed_total,6.964,normalized-power,good,p3996
2025-12-31T22:30:00Z,cab-a01,A,pdu-a,feed_total,8.188,normalized-power,good,p3997
2025-12-31T22:30:00Z,cab-a01,B,pdu-b,feed_total,6.976,normalized-power,good,p3998
2025-12-31T22:35:00Z,cab-a01,A,pdu-a,feed_total,8.204,normalized-power,good,p3999
2025-12-31T22:35:00Z,cab-a01,B,pdu-b,feed_total,6.99,normalized-power,good,p4000
2025-12-31T22:40:00Z,cab-a01,A,pdu-a,feed_total,8.222,normalized-power,good,p4001
2025-12-31T22:40:00Z,cab-a01,B,pdu-b,feed_total,7.007,normalized-power,good,p4002
2025-12-31T22:45:00Z,cab-a01,A,pdu-a,feed_total,8.241,normalized-power,good,p4003
2025-12-31T22:45:00Z,cab-a01,B,pdu-b,feed_total,7.026,normalized-power,good,p4004
2025-12-31T22:50:00Z,cab-a01,A,pdu-a,feed_total,8.262,normalized-power,good,p4005
2025-12-31T22:50:00Z,cab-a01,B,pdu-b,feed_total,7.047,normalized-power,good,p4006
2025-12-31T22:55:00Z,cab-a01,A,pdu-a,feed_total,8.285,normalized-power,good,p4007
2025-12-31T22:55:00Z,cab-a01,B,pdu-b,feed_total,7.07,normalized-power,good,p4008
2025-12-31T23:00:00Z,cab-a01,A,pdu-a,feed_total,8.31,normalized-power,good,p4009
2025-12-31T23:00:00Z,cab-a01,B,pdu-b,feed_total,7.095,normalized-power,good,p4010
2025-12-31T23:05:00Z,cab-a01,A,pdu-a,feed_total,8.336,normalized-power,good,p4011
2025-12-31T23:05:00Z,cab-a01,B,pdu-b,feed_total,7.122,normalized-power,good,p4012
2025-12-31T23:10:00Z,cab-a01,A,pdu-a,feed_total,8.363,normalized-power,good,p4013
2025-12-31T23:10:00Z,cab-a01,B,pdu-b,feed_total,7.151,normalized-power,good,p4014
2025-12-31T23:15:00Z,cab-a01,A,pdu-a,feed_total,8.392,normalized-power,good,p4015
2025-12-31T23:15:00Z,cab-a01,B,pdu-b,feed_total,7.181,normalized-power,good,p4016
2025-12-31T23:20:00Z,cab-a01,A,pdu-a,feed_total,8.422,normalized-power,good,p4017
2025-12-31T23:20:00Z,cab-a01,B,pdu-b,feed_total,7.213,normalized-power,good,p4018
2025-12-31T23:25:00Z,cab-a01,A,pdu-a,feed_total,8.453,normalized-power,good,p4019
2025-12-31T23:25:00Z,cab-a01,B,pdu-b,feed_total,7.247,normalized-power,good,p4020
2025-12-31T23:30:00Z,cab-a01,A,pdu-a,feed_total,8.485,normalized-power,good,p4021
2025-12-31T23:30:00Z,cab-a01,B,pdu-b,feed_total,7.282,normalized-power,good,p4022
2025-12-31T23:35:00Z,cab-a01,A,pdu-a,feed_total,8.517,normalized-power,good,p4023
2025-12-31T23:35:00Z,cab-a01,B,pdu-b,feed_total,7.319,normalized-power,good,p4024
2025-12-31T23:40:00Z,cab-a01,A,pdu-a,feed_total,8.551,normalized-power,good,p4025
2025-12-31T23:40:00Z,cab-a01,B,pdu-b,feed_total,7.356,normalized-power,good,p4026
2025-12-31T23:45:00Z,cab-a01,A,pdu-a,feed_total,8.584,normalized-power,good,p4027
2025-12-31T23:45:00Z,cab-a01,B,pdu-b,feed_total,7.395,normalized-power,good,p4028
2025-12-31T23:50:00Z,cab-a01,A,pdu-a,feed_total,8.618,normalized-power,good,p4029
2025-12-31T23:50:00Z,cab-a01,B,pdu-b,feed_total,7.434,normalized-power,good,p4030
2025-12-31T23:55:00Z,cab-a01,A,pdu-a,feed_total,8.652,normalized-power,good,p4031
2025-12-31T23:55:00Z,cab-a01,B,pdu-b,feed_total,7.474,normalized-power,good,p4032
